Id,Sales
1,4638.4688
2,7322.7524
3,8483.527
4,6197.1143
5,6467.381
6,5480.927
7,7966.725
8,7462.3306
9,5047.242
10,5532.28
11,6811.843
12,7659.258
13,6658.633
14,8458.32
15,5631.532
16,4698.322
17,5695.264
18,9130.784
19,10883.608
20,9277.96
21,6958.044
22,5508.4795
23,5891.595
24,4387.474
25,8155.861
26,9382.87
27,9052.223
28,5918.9136
29,5045.466
30,4963.472
31,5355.1436
32,9793.153
33,6901.913
34,5608.2354
35,5586.623
36,7467.172
37,3990.497
38,7423.619
39,4259.7344
40,6534.6777
41,7436.141
42,5504.666
43,7113.31
44,6323.5815
45,4744.864
46,6559.319
47,7099.6587
48,10126.185
49,6037.0264
50,7876.512
51,7210.762
52,8958.396
53,6518.803
54,9044.076
55,4732.0728
56,4834.251
57,6263.182
58,5991.3867
59,8741.476
60,7658.5054
61,5288.0947
62,7879.931
63,6520.88
64,9151.386
65,4005.6797
66,11904.822
67,4873.4434
68,6211.945
69,8301.239
70,5612.704
71,5873.8306
72,6195.725
73,7262.585
74,5343.1685
75,4791.1265
76,7983.8174
77,7569.6016
78,7177.2637
79,4731.238
80,7069.5005
81,10845.0205
82,6274.1777
83,4805.0674
84,6850.7095
85,6133.2056
86,6966.212
87,7276.876
88,4062.2256
89,7524.1523
90,5950.228
91,7073.5273
92,6581.4224
93,4471.5034
94,6452.057
95,5290.885
96,7443.9116
97,8749.884
98,5238.8784
99,5101.0093
100,6319.0356
101,5838.645
102,5440.5596
103,8018.4717
104,6623.1426
105,7554.354
106,5509.9927
107,4604.454
108,6402.1445
109,8015.9023
110,8622.139
111,7994.173
112,7839.4126
113,5768.96
114,8546.763
115,5778.2725
116,7326.7207
117,8687.748
118,6900.2217
119,9463.435
120,7956.7617
121,7781.1436
122,5879.548
123,6886.0396
124,7865.5366
125,5979.597
126,4203.5864
127,6007.547
128,7621.822
129,6988.693
130,5055.52
131,8239.1455
132,7010.9526
133,5916.6104
134,5636.557
135,5228.714
136,7134.0605
137,7225.089
138,6415.3667
139,5442.5264
140,4838.44
141,6476.239
142,3863.053
143,6339.253
144,5008.1333
145,8673.293
146,7061.9995
147,6573.085
148,8634.178
149,5206.413
150,4981.5054
151,10212.877
152,6612.973
153,8007.978
154,7647.717
155,5676.369
156,6128.796
157,5746.2075
158,7582.963
159,10862.557
160,5835.566
161,3397.5803
162,4727.89
163,7898.2837
164,8497.765
165,6052.207
166,7174.683
167,4877.713
168,5297.116
169,3493.5515
170,4938.2495
171,6119.135
172,6731.0264
173,7404.4766
174,6053.7314
175,7969.8413
176,8859.152
177,7548.851
178,4885.862
179,9015.758
180,10627.229
181,6185.274
182,7715.282
183,5184.5034
184,6390.236
185,4301.9365
186,7200.8447
187,5270.2437
188,8544.342
189,7195.7847
190,8839.419
191,8232.232
192,5610.194
193,8308.122
194,7597.768
195,10188.0
196,5542.754
197,3263.965
198,6261.0137
199,9344.308
200,5871.965
201,10755.988
202,5371.0786
203,3656.8606
204,5116.813
205,9711.839
206,4918.3643
207,9078.109
208,6523.138
209,6932.0767
210,3771.8257
211,7236.793
212,6333.276
213,7057.34
214,8383.192
215,6667.098
216,5970.547
217,7022.457
218,5479.364
219,4851.454
220,7733.701
221,5550.711
222,6489.62
223,6989.933
224,6455.72
225,5251.2856
226,7280.979
227,7189.4316
228,8207.678
229,6040.58
230,7114.4907
231,5630.2324
232,4057.1914
233,6301.244
234,7117.5923
235,5317.802
236,4534.532
237,8913.175
238,7134.088
239,8185.7637
240,6838.638
241,5947.782
242,5226.2856
243,4521.1953
244,9603.79
245,5124.3496
246,7773.34
247,8498.737
248,7653.0435
249,7886.3525
250,5172.52
251,4620.963
252,7275.8696
253,4249.158
254,6185.3154
255,9747.649
256,5638.3423
257,12368.805
258,13131.7
259,4880.44
260,7105.2744
261,5177.886
262,6483.483
263,5513.825
264,11148.745
265,7562.6807
266,8649.1045
267,4759.406
268,6925.0454
269,4815.754
270,8436.662
271,7080.9663
272,6123.73
273,6722.5635
274,5474.2393
275,8247.526
276,9162.373
277,5931.46
278,9800.311
279,6993.641
280,8920.063
281,4642.355
282,5248.2812
283,5338.94
284,9391.734
285,6568.7666
286,8113.4595
287,7161.925
288,8607.151
289,4697.8604
290,7978.0703
291,6451.276
292,4081.7288
293,12989.721
294,6270.558
295,7326.0146
296,7855.9995
297,8885.877
298,9843.402
299,10169.438
300,5955.7812
301,7470.4775
302,5837.9434
303,8385.296
304,4127.7197
305,5599.2983
306,5391.2915
307,5433.33
308,7389.829
309,4917.8623
310,4669.651
311,6318.8125
312,4008.0764
313,4628.542
314,5756.252
315,6121.9775
316,9172.122
317,8422.021
318,7365.074
319,6426.9727
320,6523.655
321,11204.464
322,7723.175
323,5322.4756
324,4514.933
325,8906.47
326,4581.1084
327,6958.0376
328,3691.267
329,5104.821
330,7481.601
331,6456.133
332,5480.08
333,8558.746
334,9860.786
335,11301.065
336,5763.185
337,9624.789
338,3446.4678
339,5265.661
340,6474.0093
341,4499.6875
342,7997.3833
343,5107.972
344,5164.258
345,8446.203
346,11397.729
347,9418.771
348,5370.561
349,5355.659
350,7523.9873
351,7224.0415
352,6103.4717
353,5068.881
354,7049.455
355,9694.265
356,4654.935
357,6117.3486
358,7674.534
359,7910.105
360,11891.987
361,6336.019
362,11570.322
363,7076.3345
364,5436.026
365,3845.6765
366,6121.8843
367,6218.8335
368,5233.8438
369,7746.547
370,4792.0312
371,4612.477
372,7086.75
373,3696.3835
374,7630.0557
375,6816.503
376,7671.036
377,8023.2607
378,5488.1304
379,8844.057
380,6761.172
381,4917.065
382,4993.5938
383,5411.834
384,10640.738
385,6718.5894
386,4857.571
387,7365.854
388,8145.164
389,6622.972
390,6124.9565
391,8051.7095
392,5482.4067
393,5346.895
394,5789.538
395,8865.255
396,6048.877
397,6087.75
398,5673.3057
399,5425.3804
400,4065.7302
401,5666.837
402,8376.862
403,7957.832
404,10256.922
405,10133.652
406,8020.384
407,4387.4155
408,5027.4507
409,10594.318
410,9803.255
411,7274.5996
412,8019.757
413,8320.645
414,5693.678
415,4064.4622
416,10643.408
417,5549.5356
418,6914.439
419,6361.7495
420,3311.0508
421,10893.059
422,5860.5503
423,5140.2305
424,4775.914
425,5750.6816
426,6381.2637
427,8064.3374
428,6934.398
429,4495.637
430,5244.743
431,4358.101
432,3487.7742
433,7065.0854
434,7028.4946
435,5472.151
436,5494.6045
437,6705.0044
438,4926.8257
439,5366.552
440,4833.7944
441,4619.3633
442,7633.433
443,7040.518
444,4078.619
445,8549.722
446,5682.366
447,5103.4624
448,7789.5195
449,7926.433
450,10388.891
451,5592.4985
452,7182.1533
453,4925.5146
454,5832.199
455,8105.539
456,9039.885
457,6217.677
458,4893.488
459,5093.167
460,5642.291
461,4927.8877
462,10176.104
463,5058.26
464,5803.847
465,7217.767
466,4877.252
467,6481.362
468,7173.198
469,7790.0693
470,7155.602
471,4189.8633
472,5762.729
473,6722.3647
474,9236.611
475,8688.511
476,6867.091
477,4533.2783
478,7614.2505
479,5996.9326
480,4573.293
481,7267.8657
482,7288.984
483,6267.078
484,5882.2124
485,6274.19
486,7747.3447
487,5273.462
488,7062.161
489,7246.076
490,5953.833
491,9217.286
492,6274.154
493,4869.3174
494,11479.857
495,6465.438
496,3803.6362
497,7938.5234
498,8890.726
499,10350.339
500,5043.479
501,5970.4043
502,6254.824
503,7244.321
504,6396.9805
505,8027.7925
506,3555.034
507,6247.5674
508,6438.219
509,5580.993
510,4775.636
511,6884.838
512,8059.0166
513,4705.803
514,8354.051
515,6925.2764
516,8603.359
517,4767.6343
518,6438.5264
519,5817.1265
520,7465.242
521,8188.973
522,5365.2515
523,7220.48
524,7922.5933
525,7308.3784
526,4973.367
527,3779.5945
528,7326.1616
529,6571.762
530,8182.774
531,7358.025
532,5609.525
533,8314.14
534,6964.451
535,6699.743
536,7758.9917
537,5604.599
538,8248.093
539,10137.007
540,7921.7017
541,4634.6035
542,5600.041
543,4839.128
544,0.0
545,7892.312
546,5802.6187
547,8422.528
548,4714.07
549,7250.39
550,6557.0547
551,9964.177
552,4463.351
553,5715.8086
554,5707.5273
555,7960.8154
556,5204.104
557,7186.929
558,7726.1074
559,9127.354
560,7123.0664
561,7068.9004
562,5914.9233
563,4949.1753
564,5247.5254
565,10266.67
566,9009.362
567,5888.2134
568,5505.144
569,6376.1836
570,5245.158
571,6273.4536
572,8543.853
573,9155.594
574,6853.3433
575,7941.0073
576,7927.1816
577,7321.7188
578,6090.4624
579,5908.884
580,5162.849
581,5042.3774
582,4242.0186
583,5352.7583
584,8394.538
585,9638.459
586,6113.3066
587,5237.514
588,7014.698
589,4103.0825
590,6264.7715
591,4115.3633
592,8655.046
593,6107.6064
594,5994.6963
595,12045.601
596,9269.362
597,6685.5527
598,6891.125
599,3790.788
600,5697.432
601,5344.759
602,8659.612
603,4913.4595
604,4300.8574
605,5902.845
606,5697.3506
607,7525.042
608,6673.295
609,3592.0652
610,7521.483
611,7651.0146
612,7750.819
613,4917.6187
614,4526.205
615,7492.756
616,4094.4885
617,9235.969
618,5412.0146
619,5233.2295
620,6762.4746
621,6250.202
622,4808.9146
623,6279.3804
624,6966.5107
625,9328.297
626,9158.572
627,6082.1436
628,4143.6304
629,5894.4
630,8732.626
631,5142.761
632,6256.5186
633,6258.0586
634,10952.606
635,7358.404
636,6010.9976
637,7116.126
638,4644.2285
639,8915.402
640,6089.8237
641,11537.473
642,6373.2227
643,5695.7095
644,5314.8555
645,3929.0117
646,7638.3564
647,7430.4976
648,4395.404
649,4836.8066
650,9124.315
651,7157.6978
652,6728.266
653,7856.0146
654,6192.3223
655,5263.105
656,4727.196
657,8966.739
658,5943.954
659,7312.13
660,7269.564
661,4758.4385
662,7390.337
663,5818.242
664,3766.7593
665,8570.436
666,7700.931
667,4553.522
668,7581.2637
669,7095.9214
670,4499.348
671,9356.258
672,6017.1987
673,8548.67
674,4532.176
675,5360.791
676,6301.088
677,0.0
678,7657.2637
679,4268.9355
680,6238.362
681,4658.6665
682,5494.9033
683,5468.1436
684,6888.4966
685,7106.5283
686,8224.832
687,5728.3125
688,7433.262
689,6620.1865
690,8030.672
691,8853.121
692,6866.672
693,3504.5332
694,5768.399
695,7398.1016
696,4685.9644
697,11031.539
698,6017.084
699,8484.984
700,11128.157
701,6422.585
702,4506.444
703,10126.841
704,9698.62
705,5521.741
706,8590.576
707,9818.32
708,6110.52
709,5156.2246
710,6964.1987
711,5629.7007
712,5697.2476
713,7274.7036
714,5034.5244
715,6404.942
716,7275.453
717,6615.408
718,7738.6006
719,5746.103
720,6896.747
721,4199.9067
722,7445.438
723,6698.7207
724,6023.9863
725,6990.0264
726,7240.4316
727,8970.606
728,5889.6064
729,4991.4937
730,6093.897
731,7168.1235
732,7693.9272
733,4402.7515
734,4286.776
735,7848.892
736,6818.4473
737,5774.4155
738,7811.252
739,6697.449
740,6555.3286
741,4978.783
742,4211.6177
743,6611.8315
744,6571.3237
745,6771.2397
746,9492.199
747,8280.694
748,4858.7896
749,9261.232
750,4047.037
751,3600.477
752,6512.9424
753,11024.586
754,8090.686
755,6913.8984
756,5119.069
757,6816.5684
758,9562.048
759,5915.826
760,8100.021
761,6329.9424
762,4797.5566
763,5355.368
764,5733.56
765,6043.779
766,4535.0557
767,5292.409
768,4318.3496
769,7272.241
770,7477.214
771,5118.678
772,6160.9736
773,6964.3584
774,5353.504
775,4816.48
776,8468.516
777,7818.3853
778,6323.443
779,3991.6963
780,10964.646
781,6440.6084
782,5362.059
783,8960.926
784,8061.7534
785,7125.1045
786,6075.2495
787,7531.9355
788,8717.746
789,11469.066
790,4787.4487
791,4753.6025
792,5218.116
793,7286.912
794,6081.679
795,7955.062
796,8767.494
797,5890.6006
798,4310.386
799,6361.3857
800,7882.284
801,4907.4688
802,7200.316
803,4276.7407
804,7584.952
805,8078.533
806,7586.602
807,8686.091
808,6059.8726
809,4027.2886
810,6665.89
811,6994.7886
812,8328.013
813,7339.2686
814,7734.277
815,6729.03
816,4174.54
817,8993.188
818,4514.5713
819,10939.014
820,5846.4746
821,4382.534
822,6940.1416
823,6216.1113
824,7112.0684
825,7312.339
826,3886.4683
827,4647.5083
828,6865.565
829,8655.244
830,9292.723
831,5170.108
832,6128.878
833,8053.6685
834,6385.593
835,5332.705
836,9620.824
837,8079.5967
838,11078.321
839,4350.9814
840,5371.673
841,0.0
842,7533.085
843,5415.862
844,9837.471
845,7073.5747
846,5123.3086
847,5472.584
848,4615.4653
849,5053.866
850,5887.3594
851,4983.33
852,5357.6675
853,9751.472
854,6896.2866
855,6660.2783
856,6399.379
857,4636.1465
858,7497.3667
859,8384.3125
860,5577.13
861,6433.106
862,5502.1934
863,8245.851
864,7564.8955
865,5230.27
866,5536.603
867,6648.5933
868,7849.798
869,6591.2227
870,8112.136
871,5484.352
872,4649.6274
873,5675.07
874,9301.697
875,10023.254
876,9165.161
877,7116.2754
878,5092.793
879,5833.9185
880,4562.9785
881,8039.0557
882,9171.466
883,9033.627
884,5980.738
885,5223.096
886,4761.717
887,5389.631
888,10411.249
889,6921.3145
890,5366.3774
891,5471.806
892,7579.1523
893,3974.3896
894,7520.744
895,4208.2363
896,6318.3906
897,7200.7485
898,5505.2803
899,6877.6704
900,6401.308
901,4909.337
902,6563.0303
903,6748.4473
904,9627.81
905,5887.208
906,7932.771
907,7289.4077
908,8715.81
909,6466.104
910,9017.443
911,4690.96
912,4609.7764
913,6345.363
914,5855.2866
915,8613.927
916,7497.6245
917,5408.4277
918,7370.0215
919,6777.449
920,8735.634
921,4037.9788
922,12752.363
923,4876.4844
924,6345.4116
925,8215.87
926,5705.2305
927,5867.738
928,6161.738
929,7201.635
930,5116.081
931,4921.9546
932,7840.0557
933,7518.363
934,7178.893
935,4756.56
936,6980.8516
937,10521.595
938,6236.773
939,4809.309
940,6612.2036
941,6135.23
942,7169.231
943,7268.0596
944,4046.068
945,7443.2373
946,6220.7676
947,7098.954
948,6728.568
949,4518.147
950,6043.5254
951,5377.3223
952,7461.149
953,8740.9
954,5172.086
955,5008.9023
956,6352.8906
957,5813.5435
958,5675.1294
959,8110.3257
960,6813.812
961,7468.155
962,5399.109
963,4726.456
964,6369.1753
965,7558.196
966,8535.862
967,7983.5586
968,8064.168
969,5935.841
970,8298.247
971,6234.656
972,7570.9375
973,8230.977
974,6894.9253
975,9460.655
976,8055.3125
977,7588.8887
978,5663.557
979,6956.6836
980,7700.7256
981,6109.6226
982,4291.346
983,6019.5464
984,7777.2407
985,7106.345
986,5122.5464
987,8103.1504
988,7050.316
989,5971.4185
990,5607.0747
991,5280.8516
992,6963.262
993,7126.4507
994,6436.7764
995,5412.856
996,4994.68
997,6525.3784
998,3863.9043
999,6167.347
1000,5006.5044
1001,8545.263
1002,7187.238
1003,6670.024
1004,8630.901
1005,5926.8906
1006,4980.6973
1007,10496.286
1008,6983.0225
1009,7864.141
1010,7515.4736
1011,5231.5625
1012,6026.9004
1013,5760.261
1014,7143.6343
1015,11129.919
1016,5592.84
1017,3496.5657
1018,5186.982
1019,8101.798
1020,8588.503
1021,6201.7324
1022,7081.331
1023,4663.397
1024,5193.2393
1025,3518.0857
1026,4910.166
1027,6024.992
1028,6660.132
1029,7287.8716
1030,6212.3774
1031,7949.7983
1032,8534.91
1033,7550.421
1034,4815.318
1035,9049.443
1036,10925.376
1037,5989.935
1038,7548.851
1039,5037.243
1040,6481.4297
1041,4148.6333
1042,7208.0737
1043,5396.0093
1044,8405.747
1045,6992.1533
1046,8500.667
1047,8018.3955
1048,5296.2876
1049,8361.504
1050,6530.8955
1051,10240.51
1052,5756.515
1053,3144.4548
1054,6345.8896
1055,9179.911
1056,5642.619
1057,10439.687
1058,4336.4834
1059,3722.956
1060,5160.1953
1061,8280.963
1062,5318.2383
1063,9145.374
1064,6352.1997
1065,6935.6084
1066,3550.3096
1067,7534.3716
1068,6498.8623
1069,7069.629
1070,8458.796
1071,6468.547
1072,5750.561
1073,6998.3184
1074,5820.357
1075,5004.757
1076,7701.269
1077,5432.164
1078,6438.3115
1079,7214.787
1080,6207.609
1081,5658.1685
1082,7128.0547
1083,7193.28
1084,8022.5264
1085,6096.292
1086,6894.34
1087,5673.4785
1088,3981.3374
1089,6442.968
1090,6944.419
1091,5230.864
1092,4511.601
1093,9021.057
1094,7061.3936
1095,8256.813
1096,6938.401
1097,5703.8755
1098,5167.638
1099,4433.9014
1100,9314.224
1101,5256.914
1102,7639.821
1103,5752.3604
1104,7460.352
1105,6360.7666
1106,4888.836
1107,4644.818
1108,7155.6772
1109,4239.021
1110,6130.135
1111,9412.665
1112,5539.176
1113,13571.817
1114,12865.941
1115,4855.3384
1116,7120.3354
1117,5267.4946
1118,6435.0327
1119,5543.7954
1120,11196.142
1121,7346.7905
1122,8179.075
1123,4797.712
1124,6922.747
1125,4709.0854
1126,8357.82
1127,6811.895
1128,6085.747
1129,6568.1777
1130,5335.035
1131,8218.01
1132,8644.271
1133,5973.5317
1134,10032.397
1135,6671.831
1136,8817.155
1137,4592.392
1138,5276.9844
1139,5261.966
1140,9657.147
1141,6402.334
1142,7602.567
1143,7250.397
1144,8565.744
1145,4710.218
1146,7464.11
1147,6149.3257
1148,4030.2324
1149,12568.06
1150,6141.061
1151,7470.513
1152,7985.592
1153,8836.704
1154,9617.21
1155,10254.906
1156,5772.384
1157,7363.508
1158,5863.57
1159,8209.783
1160,4048.5312
1161,5678.0264
1162,5505.144
1163,5493.6143
1164,7386.5522
1165,5116.9937
1166,4608.158
1167,6256.435
1168,3768.1394
1169,4684.901
1170,5523.0107
1171,6675.9688
1172,8800.269
1173,8389.768
1174,7117.4634
1175,6165.224
1176,6466.104
1177,10770.329
1178,7722.5195
1179,5367.5244
1180,4523.0933
1181,8691.038
1182,4607.1475
1183,6996.4165
1184,3449.1912
1185,5460.1274
1186,7441.278
1187,6465.1665
1188,5536.3604
1189,8416.088
1190,9203.723
1191,11520.825
1192,5657.1484
1193,9359.061
1194,3484.3389
1195,5345.1157
1196,6249.9517
1197,4325.903
1198,7946.4775
1199,5230.7544
1200,5293.3784
1201,8526.09
1202,11255.135
1203,8277.283
1204,5350.135
1205,5085.623
1206,8205.596
1207,7652.284
1208,6030.903
1209,4997.2915
1210,7017.5757
1211,9079.668
1212,4889.8574
1213,6324.4443
1214,7710.177
1215,8093.233
1216,11246.723
1217,6048.479
1218,10713.264
1219,6940.1416
1220,5150.528
1221,3618.6853
1222,6264.216
1223,6039.2437
1224,5074.7783
1225,7224.4136
1226,4814.624
1227,4395.7646
1228,6889.574
1229,3723.0022
1230,7794.12
1231,6889.423
1232,7668.9
1233,7989.2793
1234,5244.363
1235,8650.482
1236,6876.162
1237,5070.0317
1238,5171.0156
1239,6259.318
1240,10407.456
1241,6369.485
1242,4901.803
1243,7793.042
1244,7979.8057
1245,6520.613
1246,6149.8945
1247,8279.763
1248,5540.3594
1249,5204.7295
1250,5830.5083
1251,8673.996
1252,5757.707
1253,5869.2993
1254,5659.512
1255,5265.862
1256,4070.5034
1257,5275.429
1258,8127.362
1259,7734.247
1260,10455.151
1261,9979.975
1262,7667.371
1263,4375.2246
1264,4935.9653
1265,10415.887
1266,9393.132
1267,7318.7446
1268,7972.578
1269,8076.3223
1270,5746.476
1271,3947.337
1272,10922.667
1273,5769.136
1274,6835.873
1275,6333.771
1276,3304.6733
1277,10695.296
1278,5893.984
1279,5133.0576
1280,4720.189
1281,5921.7427
1282,6286.626
1283,8212.517
1284,6612.986
1285,4521.6953
1286,5303.861
1287,4782.693
1288,3348.964
1289,7019.939
1290,5815.7617
1291,5378.3945
1292,5398.5474
1293,6920.3574
1294,4850.6167
1295,5331.9014
1296,4761.358
1297,4705.7583
1298,7487.0835
1299,6779.0137
1300,4250.48
1301,8497.659
1302,5816.3555
1303,5006.667
1304,7767.618
1305,7940.053
1306,9958.381
1307,5691.099
1308,6899.9517
1309,4822.8887
1310,5677.387
1311,6420.08
1312,8920.0205
1313,5934.482
1314,4907.9414
1315,4922.856
1316,5663.919
1317,4429.1035
1318,8907.565
1319,5152.4785
1320,5786.943
1321,6936.5083
1322,4847.0967
1323,6406.1274
1324,7090.651
1325,7642.773
1326,7041.5996
1327,4237.6143
1328,5941.012
1329,6370.354
1330,9231.028
1331,8301.073
1332,6794.984
1333,4658.2397
1334,7718.7637
1335,5982.9346
1336,4463.049
1337,7080.048
1338,6981.3843
1339,6261.862
1340,5856.683
1341,6273.376
1342,7647.724
1343,5250.865
1344,6776.9
1345,7132.516
1346,5942.123
1347,8658.439
1348,6166.659
1349,5034.337
1350,11245.328
1351,6031.9956
1352,4023.207
1353,7826.331
1354,8869.425
1355,10284.468
1356,5110.828
1357,5745.895
1358,6401.1187
1359,7405.8535
1360,6296.1133
1361,7821.898
1362,3385.9128
1363,6095.5884
1364,6242.0283
1365,5820.8784
1366,4815.1567
1367,6961.5024
1368,8235.924
1369,4637.544
1370,8313.561
1371,6854.7554
1372,8408.883
1373,4691.1387
1374,6643.9844
1375,5871.2144
1376,7293.0796
1377,8468.265
1378,4263.816
1379,7104.563
1380,7888.865
1381,6899.899
1382,5030.78
1383,3769.4624
1384,7352.707
1385,6726.9956
1386,8178.537
1387,7070.141
1388,5543.6685
1389,7926.834
1390,6753.0317
1391,6641.9253
1392,7894.232
1393,5419.774
1394,7931.8784
1395,10144.125
1396,7867.8325
1397,4577.8975
1398,5761.0415
1399,4751.0415
1400,0.0
1401,7846.6914
1402,5772.2515
1403,8257.9
1404,4535.1206
1405,7119.7856
1406,6621.993
1407,10589.136
1408,4570.615
1409,5860.93
1410,5819.746
1411,7761.1978
1412,5139.667
1413,7344.0723
1414,7565.4443
1415,9169.603
1416,7180.7695
1417,6727.618
1418,5622.5312
1419,4952.3535
1420,5128.3105
1421,10422.356
1422,9088.904
1423,5824.089
1424,5649.3726
1425,6237.6895
1426,5086.676
1427,6217.6353
1428,8362.126
1429,9085.541
1430,6892.565
1431,7623.4067
1432,7797.2207
1433,7457.151
1434,6019.4487
1435,5710.8276
1436,5211.242
1437,5023.779
1438,4335.0938
1439,5386.1826
1440,8254.342
1441,6948.567
1442,6154.5425
1443,5245.8438
1444,7288.469
1445,4024.224
1446,6202.3535
1447,3920.5767
1448,8286.612
1449,6205.342
1450,5926.885
1451,11478.653
1452,9445.526
1453,6488.3516
1454,6578.096
1455,3727.4902
1456,5850.709
1457,5443.949
1458,8358.012
1459,4935.5933
1460,4286.155
1461,6158.1714
1462,5521.7256
1463,7602.132
1464,6503.78
1465,3543.4783
1466,7421.7427
1467,7479.9746
1468,7778.836
1469,4981.429
1470,4693.2246
1471,7218.4004
1472,4212.8794
1473,9314.268
1474,5287.278
1475,5072.6245
1476,6668.497
1477,6308.509
1478,4735.988
1479,6316.179
1480,7162.7104
1481,9339.265
1482,9495.26
1483,6009.215
1484,4014.233
1485,5854.885
1486,8623.142
1487,4924.0537
1488,6149.2026
1489,6149.8887
1490,11010.968
1491,7467.3857
1492,5803.77
1493,7156.401
1494,4779.5825
1495,8835.677
1496,5834.575
1497,11456.909
1498,6320.9346
1499,5733.265
1500,5346.2886
1501,3807.6948
1502,7534.206
1503,6731.039
1504,4671.0054
1505,4828.168
1506,8696.885
1507,7167.1665
1508,6749.529
1509,7767.055
1510,6201.6675
1511,5366.229
1512,4542.3423
1513,8987.966
1514,5823.9663
1515,7126.3486
1516,7425.892
1517,4946.3296
1518,7446.617
1519,5563.6235
1520,3753.8604
1521,8348.324
1522,7487.098
1523,4570.319
1524,7300.436
1525,6764.546
1526,4491.908
1527,9135.906
1528,5800.4214
1529,8185.74
1530,4340.891
1531,5370.797
1532,6823.1772
1533,0.0
1534,7456.041
1535,4570.6978
1536,6225.0054
1537,4645.314
1538,5544.298
1539,5469.2495
1540,6766.688
1541,6877.3296
1542,7959.373
1543,5703.8267
1544,7556.141
1545,6943.664
1546,8685.719
1547,8829.089
1548,6597.3364
1549,3569.2446
1550,5819.169
1551,7108.1826
1552,4880.682
1553,10729.563
1554,5921.2515
1555,8246.032
1556,10870.516
1557,6009.937
1558,4498.1123
1559,10273.762
1560,9571.528
1561,5559.5493
1562,8453.626
1563,8884.741
1564,5949.5693
1565,5269.525
1566,6778.141
1567,5783.1577
1568,5856.7725
1569,7255.1562
1570,5022.9307
1571,6476.5044
1572,7125.9883
1573,6447.105
1574,7909.5015
1575,5717.859
1576,6918.397
1577,3903.597
1578,7364.512
1579,6763.9844
1580,5679.8247
1581,7123.1
1582,7221.1826
1583,8741.042
1584,5914.8105
1585,5133.704
1586,5796.672
1587,7110.271
1588,7580.584
1589,4451.3994
1590,4292.439
1591,8542.826
1592,6594.9517
1593,5877.238
1594,7530.3696
1595,6748.5312
1596,7290.152
1597,4886.1323
1598,4008.5046
1599,6758.3867
1600,6597.8965
1601,6533.973
1602,9381.197
1603,8765.22
1604,4958.6924
1605,8401.924
1606,4101.7046
1607,3511.2058
1608,6396.102
1609,11212.577
1610,7484.899
1611,6980.179
1612,5105.259
1613,6883.774
1614,9463.02
1615,6090.8574
1616,7751.876
1617,6452.987
1618,4783.756
1619,5484.7236
1620,5474.156
1621,6166.2886
1622,4607.609
1623,5194.5127
1624,4377.7417
1625,7514.993
1626,7359.78
1627,5278.1675
1628,6087.3667
1629,6852.631
1630,5459.138
1631,4947.7124
1632,8357.956
1633,7723.366
1634,6173.727
1635,4032.9783
1636,10428.531
1637,6202.188
1638,5417.3447
1639,8372.277
1640,8482.249
1641,7088.156
1642,5983.203
1643,7388.2646
1644,8799.513
1645,11587.063
1646,4797.4834
1647,4779.0903
1648,4936.7847
1649,6817.784
1650,5958.9404
1651,8384.536
1652,8414.739
1653,6035.1094
1654,4213.8076
1655,6297.867
1656,7312.646
1657,4929.002
1658,7049.556
1659,4146.5957
1660,7358.993
1661,7938.7354
1662,7406.157
1663,8941.435
1664,6050.799
1665,3944.514
1666,6248.843
1667,7077.617
1668,8109.057
1669,7242.179
1670,7426.9404
1671,6475.3496
1672,4160.332
1673,8941.375
1674,4447.1
1675,10841.152
1676,5810.8325
1677,4495.41
1678,6814.2476
1679,6112.403
1680,7306.9565
1681,7317.9
1682,3906.8567
1683,4593.759
1684,7078.0425
1685,8608.744
1686,9545.855
1687,5345.9214
1688,5969.374
1689,7925.6997
1690,6251.0728
1691,5238.089
1692,9426.015
1693,7906.8916
1694,10905.055
1695,4515.6396
1696,5479.4473
1697,0.0
1698,7215.6606
1699,5406.9375
1700,9474.598
1701,7105.0913
1702,5249.583
1703,5314.5615
1704,4637.9775
1705,5013.2905
1706,6079.093
1707,5100.528
1708,5440.746
1709,9715.396
1710,6446.4966
1711,5313.512
1712,6320.289
1713,4833.4395
1714,7838.336
1715,9166.568
1716,6176.148
1717,6707.883
1718,5932.3257
1719,8054.36
1720,7795.5845
1721,5412.3965
1722,6167.924
1723,6824.811
1724,8040.2827
1725,6862.0166
1726,8279.968
1727,6092.3506
1728,5136.9175
1729,5681.602
1730,9280.836
1731,10066.77
1732,10064.292
1733,7300.3667
1734,6025.923
1735,5909.7183
1736,4886.8403
1737,8242.202
1738,9515.485
1739,8981.805
1740,6212.733
1741,5689.6445
1742,5172.979
1743,5592.301
1744,10105.98
1745,7198.4067
1746,5416.2905
1747,5821.578
1748,7518.5137
1749,4352.6543
1750,7400.0283
1751,4368.0435
1752,6317.077
1753,7115.393
1754,5628.0205
1755,6975.9595
1756,6870.5107
1757,5092.453
1758,7145.5425
1759,6568.892
1760,9642.56
1761,6062.2256
1762,8229.281
1763,7093.871
1764,9081.443
1765,6660.863
1766,9325.762
1767,5346.1914
1768,5253.851
1769,6717.8457
1770,5849.247
1771,8870.8545
1772,7590.7856
1773,5717.395
1774,7548.8945
1775,6706.29
1776,9147.817
1777,4348.521
1778,12734.959
1779,5450.7246
1780,6497.418
1781,8578.188
1782,5929.5767
1783,6065.123
1784,6398.61
1785,7255.6616
1786,5319.7397
1787,5089.554
1788,7686.328
1789,7538.2026
1790,7554.1235
1791,4942.2124
1792,7272.692
1793,10609.627
1794,6536.9717
1795,4941.015
1796,6600.427
1797,6197.179
1798,7098.8325
1799,7225.206
1800,4563.0005
1801,7532.309
1802,6529.7866
1803,7296.4263
1804,6645.4355
1805,5009.079
1806,6310.3804
1807,5578.2363
1808,7570.194
1809,8964.174
1810,5245.2637
1811,5344.4937
1812,6410.4795
1813,5860.8687
1814,5892.9385
1815,8252.311
1816,6925.0522
1817,7611.9707
1818,5993.867
1819,4925.3267
1820,6709.169
1821,7466.844
1822,9008.4
1823,8405.322
1824,7941.568
1825,6129.521
1826,8307.56
1827,6463.6436
1828,7719.787
1829,8312.308
1830,6882.264
1831,10046.013
1832,7768.7446
1833,7912.1196
1834,5804.4453
1835,7270.001
1836,7845.8906
1837,6397.5664
1838,4800.495
1839,6173.5386
1840,7842.8604
1841,7239.9
1842,5326.767
1843,8588.176
1844,7322.305
1845,5933.9785
1846,5896.464
1847,5780.235
1848,7461.0635
1849,7109.7827
1850,6822.409
1851,5525.371
1852,5623.518
1853,6741.4478
1854,4360.259
1855,7018.9814
1856,5141.8
1857,8545.638
1858,7505.473
1859,6781.342
1860,8698.478
1861,5952.5327
1862,4958.4937
1863,10780.915
1864,6880.5903
1865,7776.536
1866,7830.3555
1867,5258.428
1868,6089.7827
1869,6024.9805
1870,7641.8545
1871,11701.185
1872,6106.36
1873,3705.9834
1874,4987.696
1875,8170.3506
1876,8734.759
1877,6274.962
1878,7409.443
1879,4937.7266
1880,5451.2705
1881,3799.8318
1882,5514.2095
1883,6175.777
1884,6586.9995
1885,7686.2476
1886,6480.7314
1887,7891.3257
1888,8500.229
1889,7675.5737
1890,4989.5137
1891,9329.845
1892,11416.822
1893,6682.6772
1894,7990.194
1895,5363.2866
1896,6574.5522
1897,4585.966
1898,7680.5386
1899,5385.3193
1900,8620.863
1901,7309.3755
1902,8557.301
1903,8228.2295
1904,5472.391
1905,8486.506
1906,7442.889
1907,10464.319
1908,6423.21
1909,3322.3684
1910,6316.4985
1911,9720.864
1912,5947.879
1913,10561.963
1914,4882.228
1915,4100.3003
1916,5676.472
1917,8238.956
1918,5304.959
1919,9595.916
1920,6728.69
1921,7153.391
1922,3630.971
1923,7572.952
1924,6556.5044
1925,7197.521
1926,8471.868
1927,6385.392
1928,5712.5815
1929,7163.2915
1930,5991.3696
1931,5189.882
1932,7780.3125
1933,5595.839
1934,6545.513
1935,7787.3877
1936,6844.557
1937,5858.147
1938,7652.2407
1939,7568.995
1940,7836.3623
1941,6212.9165
1942,7324.5757
1943,5768.3604
1944,4271.82
1945,6591.55
1946,7471.66
1947,5552.3
1948,4792.69
1949,9572.716
1950,7281.2153
1951,8148.692
1952,7200.3984
1953,6030.7705
1954,5644.7026
1955,4736.7827
1956,9670.928
1957,5370.0337
1958,7646.557
1959,7377.526
1960,7411.4434
1961,6767.327
1962,5045.9956
1963,5089.457
1964,7500.521
1965,4571.993
1966,6440.148
1967,9850.709
1968,5613.448
1969,14111.003
1970,14118.703
1971,4924.011
1972,7473.528
1973,5717.2207
1974,6636.4097
1975,5785.9165
1976,11463.708
1977,7459.3916
1978,8917.163
1979,5252.7534
1980,6946.976
1981,4865.4126
1982,8630.859
1983,6958.2764
1984,6493.6943
1985,6552.091
1986,5343.989
1987,8277.544
1988,8986.929
1989,6028.619
1990,10480.07
1991,6513.0293
1992,9205.188
1993,5112.5786
1994,5373.784
1995,5551.0923
1996,9601.253
1997,6457.2783
1998,7636.273
1999,7217.767
2000,8720.158
2001,4759.8687
2002,8192.098
2003,6786.758
2004,4475.4805
2005,13746.262
2006,6306.102
2007,7373.959
2008,8024.554
2009,9408.778
2010,10129.305
2011,10734.723
2012,6495.0015
2013,7726.623
2014,6060.699
2015,8230.897
2016,4609.02
2017,6174.44
2018,5606.214
2019,5614.3
2020,7684.3125
2021,5242.1226
2022,5259.3516
2023,6233.6626
2024,4301.2144
2025,4769.131
2026,6110.829
2027,6470.9224
2028,8761.074
2029,8427.872
2030,7279.375
2031,6130.404
2032,6499.941
2033,10811.92
2034,7987.603
2035,5825.522
2036,4697.4526
2037,8625.494
2038,4764.2295
2039,6888.9565
2040,3863.0198
2041,5819.013
2042,7804.095
2043,6410.4795
2044,5540.724
2045,8310.738
2046,9285.671
2047,11791.853
2048,5993.227
2049,9136.743
2050,3804.3328
2051,5681.9595
2052,6428.1313
2053,4484.3857
2054,8045.5605
2055,5723.8394
2056,5486.3457
2057,8673.574
2058,11910.875
2059,8184.327
2060,5740.2363
2061,5398.7275
2062,7911.825
2063,7051.271
2064,6534.4844
2065,5405.8955
2066,7115.522
2067,9960.889
2068,4930.041
2069,6586.943
2070,7730.729
2071,8208.319
2072,12663.632
2073,6080.2817
2074,11765.386
2075,7027.583
2076,5446.25
2077,4041.2312
2078,6516.3164
2079,6147.285
2080,5421.268
2081,7140.773
2082,5100.7563
2083,5034.318
2084,6898.2803
2085,3965.8987
2086,7857.4834
2087,6905.686
2088,8042.1235
2089,8141.04
2090,5514.1567
2091,9179.78
2092,6893.0513
2093,5195.38
2094,5292.571
2095,5736.2573
2096,11254.276
2097,6599.7344
2098,5330.7827
2099,7841.716
2100,8179.005
2101,6872.6147
2102,6696.0312
2103,8302.617
2104,5684.2524
2105,5198.3936
2106,6204.46
2107,8413.183
2108,6399.562
2109,6240.028
2110,5775.809
2111,5385.3555
2112,4445.594
2113,5426.4155
2114,8008.887
2115,8063.768
2116,10543.715
2117,10433.067
2118,7766.196
2119,4540.722
2120,5077.7417
2121,10606.289
2122,9809.139
2123,7332.747
2124,8353.819
2125,8925.688
2126,5967.4893
2127,4554.9727
2128,11220.322
2129,5930.8774
2130,7178.3726
2131,6569.2114
2132,3692.764
2133,10987.081
2134,5823.8887
2135,5628.9707
2136,5066.8022
2137,5891.91
2138,6955.1177
2139,8586.792
2140,6732.914
2141,4722.986
2142,5440.985
2143,4806.53
2144,3953.7244
2145,7244.2656
2146,6754.8423
2147,5740.0503
2148,5505.979
2149,7164.077
2150,5548.943
2151,5681.5586
2152,4852.014
2153,5084.8955
2154,7611.172
2155,6732.439
2156,4666.356
2157,8618.307
2158,6544.433
2159,5403.0757
2160,7760.4204
2161,8142.8726
2162,10316.16
2163,6157.4546
2164,7375.8516
2165,5191.506
2166,5997.8423
2167,7119.1675
2168,8709.469
2169,5988.227
2170,5439.075
2171,5186.789
2172,5851.931
2173,4816.2134
2174,9302.309
2175,5435.6577
2176,6176.077
2177,6784.176
2178,5057.806
2179,6756.6787
2180,7636.3604
2181,7705.097
2182,7135.415
2183,4923.091
2184,5963.04
2185,6326.242
2186,9480.491
2187,8671.456
2188,6809.8423
2189,5010.0063
2190,7663.7227
2191,6175.9062
2192,4898.5923
2193,7694.0225
2194,7144.779
2195,6714.3545
2196,6003.228
2197,6631.0312
2198,7716.1064
2199,5671.996
2200,6952.445
2201,7025.1567
2202,6815.0664
2203,8715.427
2204,6052.5073
2205,5337.881
2206,11518.924
2207,6728.478
2208,4218.2314
2209,8288.628
2210,8859.474
2211,10742.046
2212,5224.696
2213,6001.665
2214,6597.3867
2215,7724.9727
2216,6644.5864
2217,7743.6807
2218,3809.1116
2219,6513.7
2220,6330.0146
2221,6091.4736
2222,5399.9175
2223,7089.0215
2224,8430.002
2225,4938.3906
2226,8817.24
2227,6794.848
2228,8633.115
2229,4653.3057
2230,6924.4644
2231,6214.191
2232,7326.176
2233,8300.978
2234,4516.5186
2235,6997.4775
2236,7966.543
2237,7148.91
2238,5019.0225
2239,4101.7163
2240,7485.834
2241,7180.646
2242,8161.6196
2243,7404.2363
2244,5892.809
2245,7854.546
2246,7428.145
2247,7091.4697
2248,7948.4336
2249,6157.085
2250,8184.6626
2251,10244.222
2252,8339.562
2253,5173.867
2254,6138.326
2255,4945.7114
2256,0.0
2257,8294.623
2258,5877.9106
2259,9078.058
2260,4951.749
2261,7264.2896
2262,6913.786
2263,10460.108
2264,4747.6934
2265,5795.649
2266,6106.022
2267,8289.047
2268,5271.0933
2269,7177.7974
2270,7501.809
2271,9310.218
2272,7181.557
2273,6956.75
2274,5919.9976
2275,5412.3604
2276,5180.0303
2277,11211.123
2278,9352.617
2279,6009.57
2280,5800.654
2281,6772.6934
2282,5264.938
2283,6742.5474
2284,8564.258
2285,9226.715
2286,6969.01
2287,7968.5947
2288,7784.3877
2289,7597.0146
2290,6034.1133
2291,5890.4263
2292,5931.0303
2293,5338.033
2294,4688.7275
2295,5909.887
2296,8439.705
2297,8576.642
2298,6411.892
2299,5353.9126
2300,7322.3335
2301,4265.557
2302,6102.3193
2303,4358.4126
2304,8668.05
2305,6053.0674
2306,6335.445
2307,12417.29
2308,9152.041
2309,6712.395
2310,6837.445
2311,3964.4841
2312,5916.8813
2313,5684.198
2314,8253.948
2315,5340.626
2316,4670.8184
2317,6291.293
2318,5688.3096
2319,8268.099
2320,6557.8867
2321,3900.6118
2322,7475.9233
2323,7860.7217
2324,7925.0044
2325,5539.1914
2326,5143.4873
2327,7701.372
2328,4472.216
2329,9405.136
2330,5426.198
2331,5249.488
2332,6664.4087
2333,6552.353
2334,4899.2603
2335,6397.3037
2336,7157.247
2337,9676.427
2338,9697.806
2339,5985.549
2340,4340.038
2341,5932.1787
2342,8835.137
2343,5379.4155
2344,6492.6045
2345,6410.687
2346,11258.656
2347,7474.4116
2348,6075.829
2349,7343.0073
2350,5119.845
2351,9067.414
2352,6379.852
2353,12056.934
2354,6538.0195
2355,5970.4727
2356,5709.7217
2357,4161.1973
2358,7761.264
2359,7602.299
2360,5241.8926
2361,4917.1025
2362,9586.274
2363,7394.934
2364,6894.169
2365,7766.996
2366,6371.5024
2367,5292.7373
2368,5086.079
2369,9434.829
2370,6268.8896
2371,7361.507
2372,7458.95
2373,5146.442
2374,7370.1973
2375,6127.3174
2376,3989.0203
2377,8924.268
2378,8097.4565
2379,4769.6494
2380,7381.883
2381,6786.0977
2382,4612.6704
2383,9233.494
2384,5721.241
2385,8207.239
2386,4716.5254
2387,5584.689
2388,6563.3994
2389,0.0
2390,7791.4517
2391,4861.511
2392,6509.03
2393,5275.9927
2394,5780.461
2395,5629.33
2396,7013.3066
2397,7255.5645
2398,8017.1104
2399,6126.867
2400,7743.599
2401,6942.7964
2402,8656.73
2403,8941.836
2404,6836.0166
2405,3576.4326
2406,6074.479
2407,7560.438
2408,5067.991
2409,10620.855
2410,6061.9536
2411,8624.672
2412,11458.024
2413,6498.757
2414,5104.923
2415,10652.07
2416,9717.694
2417,5715.7705
2418,9048.985
2419,9796.32
2420,5972.404
2421,5639.192
2422,7331.8657
2423,6284.2456
2424,6085.596
2425,7123.535
2426,5546.0537
2427,6861.4077
2428,7276.2026
2429,6864.0654
2430,7918.046
2431,5932.626
2432,7222.746
2433,4354.465
2434,7762.567
2435,6890.3433
2436,5784.046
2437,7442.4136
2438,7522.0425
2439,9339.362
2440,5924.5674
2441,5654.305
2442,6023.9116
2443,6798.0503
2444,7899.7
2445,4756.3604
2446,4957.5054
2447,8175.1914
2448,6507.956
2449,6345.6533
2450,7781.9453
2451,6621.1465
2452,7108.623
2453,4927.535
2454,4189.172
2455,6890.6914
2456,6774.14
2457,7547.2817
2458,9427.867
2459,8524.992
2460,5181.562
2461,8715.934
2462,4319.499
2463,4106.2812
2464,6769.8
2465,11329.017
2466,7572.281
2467,7270.542
2468,5846.1567
2469,7373.6216
2470,9745.771
2471,6460.2046
2472,8016.2007
2473,6657.382
2474,5149.01
2475,5819.552
2476,5668.962
2477,6391.9487
2478,5245.7886
2479,5482.2603
2480,4876.8984
2481,7760.953
2482,8289.608
2483,5319.6636
2484,6757.6904
2485,6771.498
2486,5618.339
2487,5273.447
2488,8143.253
2489,7918.219
2490,6150.458
2491,4493.5796
2492,11546.709
2493,6222.8267
2494,5975.874
2495,8502.029
2496,8559.521
2497,7326.134
2498,6118.6504
2499,7612.1304
2500,9555.493
2501,11976.238
2502,5506.2466
2503,5304.159
2504,5068.8955
2505,6985.001
2506,6017.474
2507,8083.3813
2508,8905.595
2509,6260.0225
2510,4585.2134
2511,6762.5264
2512,7622.6216
2513,5460.018
2514,7143.2188
2515,4403.3354
2516,7190.6387
2517,8242.532
2518,7623.0723
2519,9280.208
2520,6492.233
2521,4539.4097
2522,6214.25
2523,7693.898
2524,8269.006
2525,7415.346
2526,7352.006
2527,6660.8755
2528,4617.4644
2529,9279.916
2530,5004.9717
2531,11576.923
2532,5864.051
2533,4727.5835
2534,7046.094
2535,6628.4956
2536,7344.7026
2537,7679.469
2538,4280.969
2539,5010.7134
2540,7251.9116
2541,9119.47
2542,9510.359
2543,5411.1733
2544,6464.4883
2545,8305.184
2546,6307.504
2547,5910.2427
2548,9856.404
2549,8213.394
2550,11130.015
2551,4623.207
2552,5794.643
2553,0.0
2554,7530.966
2555,6206.2295
2556,9934.759
2557,7315.7993
2558,5628.165
2559,5547.8105
2560,5173.3936
2561,5455.968
2562,6408.5415
2563,5611.4673
2564,5936.339
2565,10076.26
2566,6416.6455
2567,6087.727
2568,6281.9204
2569,6096.286
2570,9443.103
2571,11265.939
2572,8005.1294
2573,8895.255
2574,7407.966
2575,9884.478
2576,10306.09
2577,7384.362
2578,7467.4497
2579,8850.842
2580,9918.739
2581,8941.699
2582,10020.539
2583,8018.273
2584,6722.8647
2585,7971.772
2586,12098.148
2587,12413.193
2588,12548.309
2589,10277.505
2590,6951.7153
2591,7778.6504
2592,6190.5566
2593,10410.057
2594,12693.996
2595,11825.009
2596,8494.296
2597,7644.6245
2598,6198.858
2599,8006.153
2600,12540.6875
2601,9233.987
2602,7123.834
2603,7935.132
2604,9304.447
2605,5389.5386
2606,9308.344
2607,6060.468
2608,9557.416
2609,9814.173
2610,7441.1787
2611,8957.337
2612,9470.441
2613,6567.075
2614,8705.989
2615,8803.812
2616,12399.904
2617,7623.785
2618,10449.549
2619,8623.257
2620,10926.97
2621,8881.132
2622,11941.985
2623,7431.7593
2624,6851.4873
2625,8513.13
2626,7408.4604
2627,12309.586
2628,10039.644
2629,7824.4277
2630,9647.646
2631,9324.561
2632,11597.291
2633,5276.199
2634,15293.669
2635,6601.812
2636,8697.424
2637,10770.7705
2638,7620.4336
2639,8307.592
2640,8087.1294
2641,9785.479
2642,6957.6987
2643,7261.0615
2644,10261.745
2645,9348.586
2646,9766.588
2647,6851.8857
2648,9280.429
2649,13557.961
2650,8432.157
2651,6395.614
2652,8901.026
2653,7908.717
2654,9996.923
2655,9187.182
2656,5535.5103
2657,10538.628
2658,8320.025
2659,9458.012
2660,8447.154
2661,5822.878
2662,8470.753
2663,7975.9854
2664,10250.477
2665,11297.962
2666,6852.513
2667,7044.078
2668,9278.198
2669,7440.4404
2670,8578.204
2671,10492.553
2672,9209.816
2673,9493.394
2674,7682.356
2675,6363.613
2676,9029.252
2677,9658.704
2678,11048.607
2679,10781.244
2680,10468.622
2681,8482.379
2682,10604.853
2683,8125.0986
2684,9903.851
2685,11378.438
2686,9390.373
2687,12144.819
2688,9187.321
2689,10899.855
2690,7768.2334
2691,8831.952
2692,10048.332
2693,9181.925
2694,6275.267
2695,7883.4644
2696,10131.497
2697,9261.7
2698,6932.0107
2699,11135.206
2700,9011.769
2701,7745.8228
2702,7489.3193
2703,7690.479
2704,9526.364
2705,9223.583
2706,9198.132
2707,7464.1245
2708,7414.646
2709,9079.928
2710,5999.2783
2711,8518.011
2712,7026.725
2713,10429.147
2714,9724.101
2715,9015.689
2716,12104.75
2717,7557.9
2718,6541.893
2719,12964.472
2720,8811.288
2721,10397.237
2722,9124.446
2723,6825.169
2724,8234.228
2725,8679.077
2726,9695.734
2727,14159.94
2728,7423.272
2729,4531.1167
2730,6548.8354
2731,10480.371
2732,11237.372
2733,8539.128
2734,9489.547
2735,6115.832
2736,7618.355
2737,4409.653
2738,6827.845
2739,7965.1904
2740,9037.109
2741,9414.9
2742,8009.1313
2743,9796.824
2744,10600.504
2745,9705.782
2746,6978.628
2747,11234.833
2748,14487.714
2749,8664.412
2750,9794.77
2751,7026.6514
2752,8587.111
2753,6387.652
2754,9624.165
2755,7813.942
2756,10776.762
2757,8889.488
2758,11289.248
2759,10325.216
2760,7222.7534
2761,11304.332
2762,8169.7817
2763,13279.536
2764,8803.509
2765,4597.814
2766,8181.1665
2767,12118.8545
2768,8091.7275
2769,11224.026
2770,5248.6367
2771,5312.6
2772,7713.9355
2773,10366.64
2774,6737.2954
2775,12338.266
2776,8970.897
2777,9832.274
2778,4018.0754
2779,9954.887
2780,9277.084
2781,9295.24
2782,12210.709
2783,8313.822
2784,7310.519
2785,9294.177
2786,7943.424
2787,6740.702
2788,10040.228
2789,7846.998
2790,8780.398
2791,9833.381
2792,8173.523
2793,7306.1064
2794,9355.508
2795,9811.692
2796,10426.015
2797,8188.4575
2798,8944.002
2799,7229.949
2800,5507.5337
2801,8079.1807
2802,9244.509
2803,7724.1255
2804,6636.4033
2805,11811.449
2806,9579.821
2807,10629.327
2808,8849.491
2809,8074.9897
2810,7284.133
2811,6004.167
2812,12649.714
2813,7240.597
2814,9174.467
2815,11329.405
2816,9347.534
2817,8425.67
2818,6650.4644
2819,6220.7915
2820,9289.09
2821,5964.445
2822,8386.808
2823,11585.859
2824,7468.411
2825,15147.013
2826,15907.764
2827,6473.435
2828,9492.833
2829,6835.6646
2830,8837.48
2831,7213.8784
2832,13654.743
2833,9679.602
2834,11196.89
2835,7075.5786
2836,8354.298
2837,6162.349
2838,10726.647
2839,9129.226
2840,8394.442
2841,8613.376
2842,5835.967
2843,10699.55
2844,11350.247
2845,7577.5044
2846,13640.607
2847,8751.354
2848,11790.492
2849,6084.888
2850,7530.305
2851,7611.3896
2852,12814.03
2853,8334.306
2854,9864.078
2855,9820.577
2856,11259.43
2857,6347.851
2858,9534.027
2859,8443.827
2860,5460.612
2861,15822.907
2862,6838.2666
2863,10127.884
2864,10670.78
2865,11723.816
2866,12581.42
2867,12739.915
2868,7961.894
2869,10064.725
2870,8265.402
2871,10209.137
2872,5368.1846
2873,7994.051
2874,7560.193
2875,7603.118
2876,9457.948
2877,6835.8403
2878,6967.6406
2879,8453.594
2880,5305.0396
2881,6324.378
2882,7715.7827
2883,8826.26
2884,11594.868
2885,11035.422
2886,10085.625
2887,8392.537
2888,8402.156
2889,12877.175
2890,10144.59
2891,7650.27
2892,7189.2812
2893,10763.182
2894,5941.828
2895,9201.52
2896,5088.85
2897,7122.6313
2898,10819.936
2899,9140.857
2900,7724.84
2901,10917.262
2902,11732.273
2903,13345.941
2904,7481.109
2905,11727.775
2906,4690.539
2907,6832.47
2908,8060.2617
2909,5842.6616
2910,9683.369
2911,7137.355
2912,7211.746
2913,11032.507
2914,14183.513
2915,10265.69
2916,7358.481
2917,7166.0864
2918,9561.492
2919,8609.91
2920,8349.598
2921,7447.4766
2922,8893.508
2923,11901.779
2924,6233.2466
2925,8554.535
2926,10065.886
2927,10335.848
2928,14335.271
2929,8179.481
2930,14056.347
2931,9431.177
2932,7112.9707
2933,5238.803
2934,8231.039
2935,8507.626
2936,7319.31
2937,8936.106
2938,6901.9985
2939,6419.6636
2940,8860.09
2941,5365.3896
2942,10538.588
2943,9311.062
2944,10222.788
2945,10630.787
2946,7556.4224
2947,11003.976
2948,9137.44
2949,6908.9673
2950,7886.7437
2951,7908.513
2952,13501.597
2953,8835.255
2954,6519.5366
2955,10187.845
2956,10854.893
2957,9267.595
2958,8619.408
2959,10715.809
2960,7331.684
2961,6215.922
2962,9043.136
2963,10470.52
2964,8266.821
2965,8373.252
2966,8164.7495
2967,7260.9507
2968,5367.939
2969,6782.6035
2970,10955.595
2971,9950.976
2972,12476.218
2973,13042.145
2974,10080.249
2975,6087.2217
2976,6416.089
2977,12279.38
2978,12239.905
2979,10036.973
2980,10301.088
2981,10665.185
2982,7601.233
2983,5787.5557
2984,13098.303
2985,9307.11
2986,9438.952
2987,8611.093
2988,4551.767
2989,13534.9375
2990,8683.449
2991,7351.8657
2992,6150.7866
2993,7925.0044
2994,8517.052
2995,11403.11
2996,8458.126
2997,6134.8496
2998,7568.526
2999,6377.899
3000,4442.9487
3001,9008.77
3002,6886.677
3003,7218.5107
3004,7312.911
3005,9312.296
3006,6683.78
3007,7468.518
3008,6378.337
3009,6733.659
3010,9967.1045
3011,9323.2
3012,6753.8438
3013,11116.159
3014,8835.053
3015,6951.172
3016,9826.79
3017,10444.727
3018,12389.49
3019,8035.6523
3020,9462.785
3021,6307.6484
3022,8014.5874
3023,11522.221
3024,11514.289
3025,7733.9004
3026,7376.9
3027,6829.76
3028,7505.631
3029,6112.4146
3030,11414.961
3031,6679.7646
3032,7768.122
3033,9102.837
3034,6611.321
3035,8586.488
3036,9058.969
3037,9941.2705
3038,9130.044
3039,6601.2896
3040,8165.466
3041,9532.127
3042,11879.868
3043,10617.929
3044,9009.3545
3045,6989.473
3046,10387.939
3047,7526.894
3048,6146.042
3049,9093.899
3050,9341.634
3051,8848.191
3052,8210.825
3053,8275.634
3054,10635.848
3055,7242.0337
3056,8626.753
3057,9438.114
3058,9366.15
3059,11933.64
3060,8357.295
3061,6798.2256
3062,13733.892
3063,8749.149
3064,5192.2686
3065,9873.039
3066,10974.712
3067,13100.701
3068,7174.0605
3069,8136.685
3070,8777.552
3071,9506.151
3072,8421.861
3073,10919.781
3074,4314.014
3075,8914.781
3076,8520.757
3077,7741.9526
3078,7387.109
3079,9001.271
3080,11160.618
3081,6640.234
3082,10755.465
3083,9144.694
3084,11496.83
3085,6417.8696
3086,8938.383
3087,8520.936
3088,9542.424
3089,10829.413
3090,6100.532
3091,7573.371
3092,10450.127
3093,9446.265
3094,6607.015
3095,4931.6875
3096,10543.142
3097,9358.043
3098,10258.086
3099,9306.392
3100,7495.229
3101,10339.979
3102,9535.036
3103,10066.212
3104,10355.059
3105,8317.518
3106,10217.592
3107,12777.078
3108,9984.649
3109,6524.6753
3110,8399.231
3111,6465.783
3112,0.0
3113,10965.327
3114,8286.976
3115,11211.829
3116,7382.9673
3117,9500.821
3118,9070.476
3119,12890.531
3120,6252.6646
3121,8291.862
3122,8520.636
3123,9757.175
3124,7198.352
3125,9301.298
3126,9067.362
3127,11305.68
3128,9421.826
3129,8734.934
3130,7433.4746
3131,6263.7495
3132,6707.16
3133,13724.385
3134,11775.096
3135,7790.025
3136,5633.6704
3137,8516.768
3138,7610.337
3139,8742.668
3140,10521.534
3141,12276.358
3142,8740.834
3143,9973.837
3144,10589.469
3145,9416.257
3146,8362.254
3147,7791.853
3148,7968.382
3149,6981.118
3150,6121.855
3151,8174.5674
3152,10889.381
3153,11516.452
3154,8291.901
3155,6969.063
3156,9490.162
3157,5793.322
3158,8151.444
3159,4959.913
3160,10538.769
3161,8954.604
3162,8585.211
3163,15306.773
3164,9626.286
3165,9056.532
3166,9173.539
3167,4985.0986
3168,7488.4907
3169,7440.6675
3170,11601.307
3171,6884.726
3172,5658.616
3173,8228.197
3174,7540.475
3175,10152.808
3176,9116.791
3177,4320.2446
3178,9669.212
3179,10038.791
3180,10299.427
3181,7874.1987
3182,6595.424
3183,9932.58
3184,6821.2056
3185,11826.994
3186,7228.832
3187,7152.252
3188,8835.861
3189,8551.067
3190,6844.1196
3191,8758.384
3192,9648.061
3193,11692.148
3194,12186.475
3195,7640.674
3196,5650.267
3197,7797.444
3198,10792.211
3199,6855.8345
3200,9017.461
3201,8088.726
3202,13077.232
3203,10090.464
3204,7882.517
3205,9014.073
3206,6928.382
3207,11334.767
3208,7937.1304
3209,13426.091
3210,8313.489
3211,7781.329
3212,7662.5605
3213,5029.9546
3214,9679.749
3215,7309.3545
3216,6466.3506
3217,6115.4297
3218,11952.605
3219,9144.973
3220,8735.233
3221,9888.079
3222,8818.291
3223,7803.634
3224,6208.462
3225,11376.572
3226,7750.257
3227,9029.932
3228,9255.66
3229,7510.8013
3230,9484.407
3231,7570.309
3232,4819.2236
3233,10821.359
3234,9393.4
3235,5923.901
3236,9373.622
3237,9179.176
3238,6003.726
3239,11726.21
3240,7483.314
3241,10563.3125
3242,6234.138
3243,7389.082
3244,8176.626
3245,0.0
3246,9780.31
3247,6494.3013
3248,8225.984
3249,6576.4717
3250,8541.881
3251,6956.471
3252,8753.683
3253,9555.657
3254,9743.03
3255,8113.6606
3256,9920.736
3257,8536.237
3258,10992.646
3259,11344.413
3260,8685.222
3261,4584.1245
3262,8265.528
3263,9794.293
3264,6689.233
3265,12632.991
3266,8791.912
3267,10758.502
3268,13560.548
3269,7544.6763
3270,6578.3223
3271,13442.671
3272,12395.943
3273,7078.8525
3274,10809.6
3275,11475.304
3276,8784.871
3277,6713.8677
3278,9003.367
3279,7930.1914
3280,8237.982
3281,9223.336
3282,6780.249
3283,7945.4775
3284,9467.958
3285,9053.0
3286,10803.374
3287,7688.308
3288,9124.882
3289,5029.0576
3290,9511.448
3291,9028.235
3292,7818.7876
3293,9082.457
3294,9453.358
3295,11589.871
3296,8152.3765
3297,7500.228
3298,8137.003
3299,8975.176
3300,9507.112
3301,6025.1987
3302,6057.1562
3303,9717.12
3304,7175.949
3305,8179.871
3306,9955.608
3307,8953.545
3308,9411.417
3309,6896.0894
3310,5666.1616
3311,9086.234
3312,8614.51
3313,9329.098
3314,11967.184
3315,10902.434
3316,6418.28
3317,10949.118
3318,5026.573
3319,5005.473
3320,9000.241
3321,12704.073
3322,9674.544
3323,9428.461
3324,8003.4653
3325,9449.959
3326,12517.624
3327,8389.288
3328,10154.8125
3329,8399.776
3330,6675.676
3331,7931.8784
3332,7475.7236
3333,8142.057
3334,6947.7646
3335,7759.806
3336,5911.6914
3337,9321.884
3338,10447.795
3339,7717.4756
3340,8288.201
3341,9020.523
3342,7231.7974
3343,7411.5635
3344,10869.417
3345,10083.836
3346,9257.664
3347,6065.696
3348,13173.233
3349,8218.723
3350,8358.291
3351,12949.247
3352,10644.281
3353,10042.277
3354,8100.886
3355,9075.227
3356,11582.048
3357,15115.192
3358,7259.3164
3359,7348.795
3360,6672.926
3361,8999.89
3362,8478.367
3363,9953.842
3364,11617.096
3365,8022.465
3366,5934.9404
3367,8552.283
3368,9441.193
3369,6915.3755
3370,9547.923
3371,5928.7734
3372,9580.991
3373,9868.614
3374,9873.68
3375,11414.547
3376,8554.144
3377,6192.736
3378,8053.146
3379,9405.306
3380,10219.034
3381,9729.287
3382,9332.729
3383,8716.508
3384,6278.9854
3385,11290.96
3386,6160.6387
3387,13174.829
3388,8196.1
3389,6111.5107
3390,9210.923
3391,8122.3867
3392,9268.099
3393,9405.987
3394,5326.5386
3395,6377.7896
3396,9468.87
3397,11205.714
3398,11925.437
3399,6988.08
3400,7706.4126
3401,10612.117
3402,8450.127
3403,7271.832
3404,12075.301
3405,10797.41
3406,12944.012
3407,6805.3877
3408,7837.7676
3409,0.0
3410,9710.912
3411,7830.5645
3412,12816.071
3413,9470.64
3414,7328.6636
3415,7576.5503
3416,6977.437
3417,7032.753
3418,8973.284
3419,7212.805
3420,8110.6353
3421,13982.5
3422,8262.8955
3423,7350.6875
3424,8628.341
3425,0.0
3426,0.0
3427,0.0
3428,0.0
3429,0.0
3430,0.0
3431,0.0
3432,0.0
3433,0.0
3434,0.0
3435,0.0
3436,0.0
3437,0.0
3438,0.0
3439,0.0
3440,0.0
3441,0.0
3442,0.0
3443,0.0
3444,0.0
3445,0.0
3446,0.0
3447,0.0
3448,0.0
3449,0.0
3450,0.0
3451,0.0
3452,0.0
3453,0.0
3454,0.0
3455,0.0
3456,0.0
3457,0.0
3458,0.0
3459,0.0
3460,0.0
3461,0.0
3462,0.0
3463,0.0
3464,0.0
3465,0.0
3466,0.0
3467,0.0
3468,0.0
3469,0.0
3470,0.0
3471,0.0
3472,0.0
3473,0.0
3474,0.0
3475,0.0
3476,0.0
3477,0.0
3478,0.0
3479,0.0
3480,0.0
3481,0.0
3482,0.0
3483,0.0
3484,0.0
3485,0.0
3486,0.0
3487,0.0
3488,0.0
3489,0.0
3490,0.0
3491,0.0
3492,0.0
3493,0.0
3494,0.0
3495,0.0
3496,0.0
3497,0.0
3498,0.0
3499,0.0
3500,0.0
3501,0.0
3502,0.0
3503,0.0
3504,0.0
3505,0.0
3506,0.0
3507,0.0
3508,0.0
3509,0.0
3510,0.0
3511,0.0
3512,0.0
3513,0.0
3514,0.0
3515,0.0
3516,3487.9072
3517,0.0
3518,0.0
3519,0.0
3520,0.0
3521,0.0
3522,0.0
3523,0.0
3524,0.0
3525,0.0
3526,0.0
3527,0.0
3528,0.0
3529,0.0
3530,0.0
3531,0.0
3532,0.0
3533,0.0
3534,0.0
3535,0.0
3536,0.0
3537,0.0
3538,0.0
3539,0.0
3540,0.0
3541,0.0
3542,0.0
3543,0.0
3544,0.0
3545,0.0
3546,0.0
3547,0.0
3548,0.0
3549,0.0
3550,0.0
3551,0.0
3552,0.0
3553,0.0
3554,0.0
3555,0.0
3556,0.0
3557,0.0
3558,0.0
3559,0.0
3560,0.0
3561,0.0
3562,0.0
3563,0.0
3564,0.0
3565,0.0
3566,0.0
3567,0.0
3568,0.0
3569,0.0
3570,0.0
3571,0.0
3572,0.0
3573,0.0
3574,0.0
3575,0.0
3576,0.0
3577,0.0
3578,0.0
3579,0.0
3580,0.0
3581,0.0
3582,0.0
3583,0.0
3584,2834.1472
3585,0.0
3586,0.0
3587,0.0
3588,0.0
3589,0.0
3590,0.0
3591,0.0
3592,0.0
3593,0.0
3594,0.0
3595,0.0
3596,0.0
3597,0.0
3598,0.0
3599,0.0
3600,0.0
3601,0.0
3602,0.0
3603,0.0
3604,0.0
3605,0.0
3606,0.0
3607,0.0
3608,0.0
3609,0.0
3610,0.0
3611,0.0
3612,0.0
3613,0.0
3614,0.0
3615,0.0
3616,0.0
3617,0.0
3618,0.0
3619,0.0
3620,0.0
3621,0.0
3622,0.0
3623,0.0
3624,0.0
3625,13416.005
3626,4527.177
3627,0.0
3628,0.0
3629,0.0
3630,0.0
3631,0.0
3632,0.0
3633,0.0
3634,5346.8237
3635,0.0
3636,0.0
3637,0.0
3638,0.0
3639,0.0
3640,0.0
3641,0.0
3642,0.0
3643,0.0
3644,0.0
3645,0.0
3646,0.0
3647,0.0
3648,0.0
3649,0.0
3650,0.0
3651,0.0
3652,0.0
3653,3723.9575
3654,0.0
3655,0.0
3656,0.0
3657,0.0
3658,0.0
3659,0.0
3660,0.0
3661,0.0
3662,0.0
3663,3293.2336
3664,0.0
3665,0.0
3666,0.0
3667,0.0
3668,0.0
3669,0.0
3670,0.0
3671,0.0
3672,0.0
3673,0.0
3674,0.0
3675,0.0
3676,0.0
3677,0.0
3678,0.0
3679,0.0
3680,0.0
3681,8661.702
3682,0.0
3683,0.0
3684,0.0
3685,0.0
3686,0.0
3687,0.0
3688,0.0
3689,0.0
3690,0.0
3691,0.0
3692,0.0
3693,0.0
3694,0.0
3695,0.0
3696,0.0
3697,0.0
3698,6403.0913
3699,0.0
3700,0.0
3701,0.0
3702,0.0
3703,0.0
3704,0.0
3705,0.0
3706,0.0
3707,0.0
3708,0.0
3709,0.0
3710,0.0
3711,0.0
3712,0.0
3713,0.0
3714,0.0
3715,0.0
3716,0.0
3717,0.0
3718,0.0
3719,0.0
3720,0.0
3721,0.0
3722,0.0
3723,0.0
3724,0.0
3725,0.0
3726,0.0
3727,0.0
3728,0.0
3729,0.0
3730,0.0
3731,0.0
3732,0.0
3733,0.0
3734,0.0
3735,0.0
3736,0.0
3737,0.0
3738,0.0
3739,0.0
3740,0.0
3741,0.0
3742,0.0
3743,0.0
3744,0.0
3745,0.0
3746,0.0
3747,0.0
3748,0.0
3749,0.0
3750,0.0
3751,0.0
3752,0.0
3753,0.0
3754,0.0
3755,0.0
3756,0.0
3757,0.0
3758,0.0
3759,0.0
3760,2479.803
3761,0.0
3762,0.0
3763,0.0
3764,0.0
3765,0.0
3766,0.0
3767,0.0
3768,0.0
3769,0.0
3770,0.0
3771,0.0
3772,0.0
3773,0.0
3774,4451.6797
3775,0.0
3776,0.0
3777,0.0
3778,0.0
3779,0.0
3780,0.0
3781,0.0
3782,0.0
3783,0.0
3784,0.0
3785,0.0
3786,0.0
3787,0.0
3788,0.0
3789,0.0
3790,0.0
3791,0.0
3792,0.0
3793,0.0
3794,0.0
3795,0.0
3796,0.0
3797,0.0
3798,0.0
3799,0.0
3800,0.0
3801,0.0
3802,0.0
3803,0.0
3804,0.0
3805,0.0
3806,0.0
3807,0.0
3808,0.0
3809,0.0
3810,0.0
3811,0.0
3812,0.0
3813,0.0
3814,0.0
3815,0.0
3816,0.0
3817,5789.9634
3818,0.0
3819,0.0
3820,0.0
3821,0.0
3822,0.0
3823,0.0
3824,0.0
3825,0.0
3826,0.0
3827,3094.0447
3828,0.0
3829,0.0
3830,0.0
3831,3805.3528
3832,0.0
3833,0.0
3834,0.0
3835,0.0
3836,0.0
3837,0.0
3838,0.0
3839,0.0
3840,0.0
3841,0.0
3842,0.0
3843,0.0
3844,0.0
3845,0.0
3846,0.0
3847,0.0
3848,0.0
3849,0.0
3850,0.0
3851,0.0
3852,0.0
3853,0.0
3854,0.0
3855,0.0
3856,0.0
3857,0.0
3858,5969.4478
3859,0.0
3860,0.0
3861,0.0
3862,0.0
3863,0.0
3864,0.0
3865,0.0
3866,0.0
3867,0.0
3868,0.0
3869,0.0
3870,0.0
3871,0.0
3872,4809.451
3873,0.0
3874,0.0
3875,0.0
3876,0.0
3877,0.0
3878,0.0
3879,0.0
3880,0.0
3881,0.0
3882,0.0
3883,0.0
3884,0.0
3885,0.0
3886,0.0
3887,0.0
3888,0.0
3889,0.0
3890,0.0
3891,0.0
3892,0.0
3893,0.0
3894,0.0
3895,0.0
3896,0.0
3897,0.0
3898,0.0
3899,0.0
3900,0.0
3901,0.0
3902,0.0
3903,0.0
3904,0.0
3905,0.0
3906,0.0
3907,0.0
3908,0.0
3909,0.0
3910,0.0
3911,0.0
3912,0.0
3913,0.0
3914,0.0
3915,0.0
3916,0.0
3917,0.0
3918,0.0
3919,0.0
3920,0.0
3921,0.0
3922,0.0
3923,0.0
3924,0.0
3925,0.0
3926,0.0
3927,0.0
3928,0.0
3929,0.0
3930,0.0
3931,0.0
3932,0.0
3933,0.0
3934,0.0
3935,0.0
3936,0.0
3937,0.0
3938,0.0
3939,0.0
3940,0.0
3941,0.0
3942,0.0
3943,0.0
3944,0.0
3945,0.0
3946,0.0
3947,9018.046
3948,0.0
3949,0.0
3950,0.0
3951,0.0
3952,0.0
3953,0.0
3954,0.0
3955,0.0
3956,0.0
3957,0.0
3958,0.0
3959,0.0
3960,0.0
3961,0.0
3962,0.0
3963,0.0
3964,0.0
3965,0.0
3966,0.0
3967,0.0
3968,0.0
3969,0.0
3970,0.0
3971,0.0
3972,0.0
3973,0.0
3974,0.0
3975,0.0
3976,0.0
3977,0.0
3978,0.0
3979,0.0
3980,0.0
3981,0.0
3982,0.0
3983,0.0
3984,0.0
3985,0.0
3986,0.0
3987,0.0
3988,0.0
3989,0.0
3990,0.0
3991,3409.7368
3992,6151.9014
3993,0.0
3994,0.0
3995,0.0
3996,0.0
3997,0.0
3998,0.0
3999,0.0
4000,0.0
4001,0.0
4002,0.0
4003,0.0
4004,0.0
4005,0.0
4006,0.0
4007,0.0
4008,0.0
4009,0.0
4010,0.0
4011,0.0
4012,0.0
4013,0.0
4014,0.0
4015,0.0
4016,0.0
4017,0.0
4018,0.0
4019,0.0
4020,9532.3
4021,0.0
4022,0.0
4023,0.0
4024,0.0
4025,0.0
4026,0.0
4027,0.0
4028,0.0
4029,0.0
4030,0.0
4031,0.0
4032,0.0
4033,0.0
4034,0.0
4035,0.0
4036,0.0
4037,0.0
4038,0.0
4039,0.0
4040,0.0
4041,0.0
4042,0.0
4043,0.0
4044,0.0
4045,0.0
4046,0.0
4047,0.0
4048,0.0
4049,0.0
4050,0.0
4051,0.0
4052,0.0
4053,0.0
4054,0.0
4055,0.0
4056,0.0
4057,0.0
4058,0.0
4059,0.0
4060,0.0
4061,0.0
4062,0.0
4063,0.0
4064,0.0
4065,0.0
4066,0.0
4067,0.0
4068,0.0
4069,0.0
4070,0.0
4071,0.0
4072,0.0
4073,0.0
4074,0.0
4075,0.0
4076,0.0
4077,0.0
4078,0.0
4079,0.0
4080,0.0
4081,0.0
4082,0.0
4083,0.0
4084,0.0
4085,0.0
4086,0.0
4087,0.0
4088,0.0
4089,0.0
4090,3072.3027
4091,0.0
4092,0.0
4093,0.0
4094,2469.2266
4095,0.0
4096,0.0
4097,0.0
4098,0.0
4099,0.0
4100,0.0
4101,0.0
4102,0.0
4103,0.0
4104,0.0
4105,0.0
4106,0.0
4107,0.0
4108,0.0
4109,0.0
4110,0.0
4111,0.0
4112,0.0
4113,0.0
4114,0.0
4115,0.0
4116,0.0
4117,0.0
4118,0.0
4119,0.0
4120,0.0
4121,0.0
4122,0.0
4123,0.0
4124,0.0
4125,0.0
4126,0.0
4127,0.0
4128,0.0
4129,0.0
4130,0.0
4131,0.0
4132,0.0
4133,0.0
4134,0.0
4135,0.0
4136,0.0
4137,0.0
4138,0.0
4139,0.0
4140,0.0
4141,0.0
4142,0.0
4143,0.0
4144,0.0
4145,1721.3594
4146,0.0
4147,0.0
4148,0.0
4149,0.0
4150,0.0
4151,0.0
4152,0.0
4153,0.0
4154,0.0
4155,0.0
4156,0.0
4157,0.0
4158,0.0
4159,0.0
4160,8067.576
4161,0.0
4162,0.0
4163,0.0
4164,0.0
4165,0.0
4166,0.0
4167,0.0
4168,0.0
4169,0.0
4170,0.0
4171,0.0
4172,0.0
4173,0.0
4174,0.0
4175,0.0
4176,0.0
4177,0.0
4178,0.0
4179,0.0
4180,0.0
4181,0.0
4182,0.0
4183,0.0
4184,0.0
4185,0.0
4186,0.0
4187,0.0
4188,0.0
4189,0.0
4190,0.0
4191,0.0
4192,0.0
4193,0.0
4194,0.0
4195,0.0
4196,0.0
4197,0.0
4198,0.0
4199,0.0
4200,0.0
4201,0.0
4202,0.0
4203,0.0
4204,0.0
4205,0.0
4206,0.0
4207,0.0
4208,0.0
4209,0.0
4210,0.0
4211,0.0
4212,0.0
4213,0.0
4214,0.0
4215,0.0
4216,0.0
4217,0.0
4218,0.0
4219,0.0
4220,0.0
4221,0.0
4222,0.0
4223,0.0
4224,4054.754
4225,0.0
4226,0.0
4227,0.0
4228,0.0
4229,0.0
4230,0.0
4231,0.0
4232,0.0
4233,0.0
4234,0.0
4235,0.0
4236,0.0
4237,0.0
4238,0.0
4239,0.0
4240,0.0
4241,0.0
4242,0.0
4243,0.0
4244,0.0
4245,0.0
4246,0.0
4247,0.0
4248,0.0
4249,0.0
4250,0.0
4251,0.0
4252,0.0
4253,0.0
4254,0.0
4255,0.0
4256,0.0
4257,0.0
4258,0.0
4259,0.0
4260,0.0
4261,0.0
4262,0.0
4263,0.0
4264,0.0
4265,10055.82
4266,4691.3
4267,0.0
4268,0.0
4269,0.0
4270,0.0
4271,0.0
4272,0.0
4273,0.0
4274,0.0
4275,0.0
4276,0.0
4277,0.0
4278,0.0
4279,0.0
4280,0.0
4281,4340.804
4282,4512.6597
4283,5973.8223
4284,3323.4778
4285,5601.414
4286,4588.2104
4287,6102.9243
4288,6190.025
4289,4356.8413
4290,3658.9438
4291,5460.211
4292,5294.419
4293,4352.177
4294,5655.5947
4295,4938.2305
4296,3509.4612
4297,4585.104
4298,7069.649
4299,8753.607
4300,7115.9023
4301,6499.7734
4302,4556.398
4303,5338.273
4304,2283.8389
4305,7574.469
4306,7077.3335
4307,8642.458
4308,5548.4985
4309,3286.4202
4310,5194.587
4311,5222.04
4312,7717.49
4313,4702.3794
4314,5526.963
4315,4698.9224
4316,5448.8013
4317,3093.2095
4318,6817.9077
4319,3902.6438
4320,6646.45
4321,6670.603
4322,3747.9207
4323,7169.4707
4324,5651.1406
4325,4582.686
4326,4146.9243
4327,6720.076
4328,9175.6045
4329,5591.074
4330,5435.2686
4331,7411.7827
4332,7154.6675
4333,5575.981
4334,6717.0
4335,2941.744
4336,2992.55
4337,4944.0747
4338,5535.3203
4339,7569.9336
4340,7141.509
4341,4109.7256
4342,7408.9907
4343,7416.7188
4344,6107.9443
4345,3291.8643
4346,10181.22
4347,3805.8828
4348,4577.8843
4349,7213.748
4350,4651.5483
4351,5346.61
4352,3639.5398
4353,5381.8584
4354,4694.259
4355,4950.7666
4356,7728.112
4357,6210.6177
4358,5609.0703
4359,3240.1763
4360,6713.368
4361,11075.574
4362,5077.6836
4363,3327.6274
4364,6296.822
4365,5675.5244
4366,7000.889
4367,8223.772
4368,2849.4458
4369,6875.742
4370,4577.915
4371,5943.5176
4372,5605.5024
4373,3177.3074
4374,4892.0967
4375,4957.3115
4376,6936.078
4377,7311.3696
4378,4027.304
4379,4798.893
4380,6117.921
4381,5817.72
4382,4656.076
4383,6592.625
4384,4498.769
4385,5900.5654
4386,4356.6006
4387,3466.4495
4388,5251.441
4389,5959.151
4390,6770.3228
4391,6860.9893
4392,7293.4346
4393,4379.655
4394,6987.6865
4395,3524.764
4396,4244.5806
4397,7207.393
4398,6775.252
4399,6977.6562
4400,8398.903
4401,6428.4565
4402,4876.629
4403,6330.1597
4404,6811.1284
4405,4154.8
4406,2616.1958
4407,5407.5664
4408,4895.9062
4409,6270.1816
4410,4034.0596
4411,5860.0586
4412,6498.2236
4413,5697.329
4414,5359.2163
4415,3175.4258
4416,5806.7324
4417,6717.0386
4418,3859.7268
4419,5095.9956
4420,3297.44
4421,5248.3364
4422,3814.5332
4423,4616.491
4424,4319.812
4425,6946.135
4426,5853.355
4427,6970.426
4428,10079.874
4429,4209.196
4430,4458.2026
4431,9766.718
4432,5485.21
4433,6980.4653
4434,6233.365
4435,5020.569
4436,5725.5376
4437,4532.7466
4438,4899.527
4439,8123.456
4440,4407.34
4441,2286.298
4442,3518.908
4443,6781.614
4444,8610.058
4445,5826.028
4446,6063.677
4447,4053.5278
4448,2985.0652
4449,2095.804
4450,3635.2131
4451,5309.854
4452,6284.252
4453,5501.1597
4454,4477.214
4455,7442.442
4456,7130.346
4457,6557.924
4458,4699.792
4459,7497.345
4460,9097.421
4461,4163.7266
4462,5721.039
4463,5016.5576
4464,5928.0723
4465,2666.2175
4466,5382.233
4467,4583.9844
4468,7557.1504
4469,5630.49
4470,7037.9937
4471,6685.017
4472,4356.5337
4473,7227.3564
4474,6536.5977
4475,8453.973
4476,4102.5576
4477,1985.2158
4478,5884.0527
4479,8261.619
4480,4634.197
4481,8569.994
4482,4203.779
4483,4151.7373
4484,3085.479
4485,9717.49
4486,3524.8748
4487,6708.779
4488,3875.5618
4489,5597.264
4490,0.0
4491,6823.4766
4492,5294.661
4493,5159.275
4494,8400.049
4495,5775.578
4496,5484.2944
4497,6643.5537
4498,5578.194
4499,5663.5625
4500,8148.7695
4501,4706.4897
4502,5860.0474
4503,4691.595
4504,3673.5103
4505,4891.1587
4506,4830.983
4507,5094.212
4508,7493.4136
4509,5865.8857
4510,6703.5977
4511,4351.7075
4512,3747.7275
4513,4484.322
4514,5198.483
4515,5268.545
4516,3271.434
4517,7311.4043
4518,5394.1465
4519,6393.101
4520,5230.914
4521,4304.642
4522,3631.7573
4523,3084.4666
4524,8264.566
4525,5715.9775
4526,5831.02
4527,5412.376
4528,6704.64
4529,4553.1353
4530,5063.1646
4531,3141.3848
4532,4605.592
4533,4019.279
4534,4235.917
4535,7685.793
4536,4693.5557
4537,8919.808
4538,10143.322
4539,5339.184
4540,5815.684
4541,4274.828
4542,5046.1304
4543,4685.111
4544,10553.504
4545,5758.4263
4546,6190.0015
4547,3532.6914
4548,5141.442
4549,4791.378
4550,7404.6387
4551,6285.8286
4552,5174.326
4553,6187.906
4554,4286.5796
4555,7987.5117
4556,6690.8345
4557,5671.531
4558,8525.22
4559,6542.4424
4560,7503.8984
4561,3358.5718
4562,5253.7256
4563,4652.2764
4564,7808.3096
4565,6795.1914
4566,6657.871
4567,6204.9214
4568,7208.6924
4569,4484.1294
4570,5963.9443
4571,5854.667
4572,3140.0244
4573,10211.873
4574,6336.986
4575,6776.564
4576,6430.198
4577,6756.8013
4578,7637.22
4579,7369.74
4580,3501.9934
4581,4675.78
4582,5237.4844
4583,7306.7407
4584,2932.1196
4585,4502.8433
4586,4976.552
4587,4776.7295
4588,5137.197
4589,3181.59
4590,3371.309
4591,6079.255
4592,3579.911
4593,4449.0093
4594,5108.849
4595,5117.057
4596,7994.0205
4597,10422.257
4598,5012.162
4599,6586.503
4600,5984.036
4601,9484.199
4602,5514.0776
4603,3157.7717
4604,4466.7456
4605,10660.425
4606,4075.8147
4607,6236.458
4608,1708.0961
4609,3827.8306
4610,6010.046
4611,5867.721
4612,4981.89
4613,7907.193
4614,8049.9053
4615,7657.5195
4616,3805.7195
4617,10216.092
4618,2565.3765
4619,3791.6814
4620,6028.0386
4621,4412.375
4622,9317.342
4623,3210.5369
4624,4738.9067
4625,5844.3506
4626,8332.343
4627,8632.078
4628,4937.2935
4629,3374.5623
4630,6514.1226
4631,7831.162
4632,4982.617
4633,4735.5586
4634,8220.354
4635,6085.6543
4636,5039.6943
4637,4172.028
4638,6984.075
4639,4771.6562
4640,11551.247
4641,7793.176
4642,10627.179
4643,6303.7266
4644,4372.867
4645,2593.6157
4646,6118.5337
4647,5519.9663
4648,4419.338
4649,8349.471
4650,5115.9443
4651,2960.3416
4652,6228.0522
4653,3445.5144
4654,8218.174
4655,6459.286
4656,6294.006
4657,6898.201
4658,4419.325
4659,6780.2036
4660,6929.023
4661,4807.277
4662,5628.917
4663,4206.017
4664,8974.3545
4665,5569.3047
4666,3429.7312
4667,5326.894
4668,7377.9272
4669,5496.9897
4670,4181.267
4671,5376.368
4672,5242.4126
4673,4288.1543
4674,4608.963
4675,8745.195
4676,4537.9336
4677,3934.0974
4678,5775.7324
4679,5041.353
4680,3270.5947
4681,4662.77
4682,7767.552
4683,6303.36
4684,9861.765
4685,7633.826
4686,6446.1216
4687,4048.091
4688,4188.5884
4689,9239.784
4690,6886.9463
4691,6473.5093
4692,5322.1606
4693,5602.504
4694,4634.851
4695,2884.8481
4696,11458.604
4697,5418.301
4698,5798.9834
4699,4828.684
4700,1483.4508
4701,7545.2954
4702,5364.351
4703,4185.932
4704,3944.2393
4705,6180.8745
4706,5073.6797
4707,4790.126
4708,8664.065
4709,3705.796
4710,4617.0195
4711,3871.826
4712,2500.0544
4713,5081.5986
4714,4987.125
4715,5168.772
4716,5075.083
4717,5227.881
4718,3684.7585
4719,3466.5552
4720,5235.906
4721,3327.8179
4722,8670.96
4723,5771.1777
4724,3002.8796
4725,7523.5996
4726,3173.2727
4727,3882.8035
4728,7212.1313
4729,7312.053
4730,8612.506
4731,3017.7986
4732,5300.7705
4733,4322.273
4734,4364.245
4735,7044.9653
4736,9522.231
4737,4714.3486
4738,3195.0767
4739,5405.875
4740,4226.1055
4741,2980.723
4742,7345.8306
4743,4391.372
4744,5602.3223
4745,6198.669
4746,4634.7446
4747,5088.8354
4748,5480.7124
4749,6707.7295
4750,6300.1924
4751,3187.484
4752,5526.858
4753,6580.5186
4754,7930.5015
4755,5919.015
4756,6526.356
4757,2627.582
4758,8005.336
4759,4939.168
4760,3167.9583
4761,4888.771
4762,4566.95
4763,4708.8833
4764,5821.5503
4765,4128.76
4766,6614.6577
4767,4272.2803
4768,6949.269
4769,7676.5986
4770,4870.9106
4771,6829.017
4772,5761.0747
4773,3136.363
4774,10271.88
4775,4052.627
4776,2311.517
4777,6261.199
4778,9461.964
4779,9252.324
4780,4268.4224
4781,4453.5103
4782,6389.5713
4783,6837.21
4784,4694.4243
4785,7031.6597
4786,2503.138
4787,4733.0117
4788,4264.955
4789,3716.6255
4790,3068.5037
4791,6928.1704
4792,6456.9946
4793,4343.944
4794,5570.5425
4795,7105.051
4796,7234.709
4797,4020.1726
4798,5153.137
4799,4933.56
4800,6086.531
4801,5555.0703
4802,3013.4834
4803,5142.1924
4804,6882.8813
4805,5609.7764
4806,5371.852
4807,2777.508
4808,8289.387
4809,3799.5999
4810,7589.2217
4811,5351.406
4812,4614.9414
4813,7269.0303
4814,4301.588
4815,4534.775
4816,7850.5015
4817,3178.7869
4818,5946.5
4819,8646.522
4820,7136.3066
4821,2889.5637
4822,5103.866
4823,2814.9263
4824,2453.3174
4825,5161.067
4826,5966.9204
4827,5279.829
4828,4575.745
4829,5657.343
4830,5056.75
4831,9797.806
4832,4445.9844
4833,5939.4033
4834,4171.26
4835,5904.0728
4836,5388.3306
4837,5837.832
4838,6893.1104
4839,8034.066
4840,6824.0947
4841,5334.028
4842,4929.176
4843,2847.3562
4844,5161.1255
4845,8257.318
4846,6712.8496
4847,4760.191
4848,5342.5005
4849,3770.4011
4850,4787.4717
4851,4357.868
4852,7645.4194
4853,8406.718
4854,6701.264
4855,6542.1367
4856,7044.347
4857,6971.6826
4858,5330.422
4859,4996.4097
4860,3058.1729
4861,4663.873
4862,3650.9106
4863,3524.1587
4864,6749.033
4865,7822.2266
4866,4905.971
4867,3364.116
4868,4679.5903
4869,3746.8875
4870,5329.156
4871,2236.746
4872,6112.9976
4873,5755.6973
4874,3831.2463
4875,9209.764
4876,8712.044
4877,4422.294
4878,5342.618
4879,3454.5225
4880,4419.6035
4881,4088.8367
4882,7776.5137
4883,3915.2847
4884,4215.211
4885,4945.3765
4886,4931.217
4887,5441.161
4888,6240.772
4889,2842.1917
4890,7696.3345
4891,5868.964
4892,5202.372
4893,4271.9297
4894,4007.9653
4895,4810.355
4896,3965.475
4897,8567.265
4898,4948.9204
4899,3835.093
4900,6002.266
4901,4973.6143
4902,5435.051
4903,4885.3955
4904,5342.6587
4905,9106.719
4906,6719.7554
4907,5561.623
4908,3637.256
4909,4541.489
4910,7822.3086
4911,3919.552
4912,4616.2227
4913,5048.1665
4914,10603.942
4915,6712.818
4916,4269.017
4917,5150.5225
4918,4447.643
4919,6475.4424
4920,5299.168
4921,8447.742
4922,6353.3755
4923,4867.3296
4924,4040.1404
4925,2189.4998
4926,4705.1973
4927,7295.4175
4928,2676.21
4929,4755.9204
4930,6098.6533
4931,7101.338
4932,5183.0596
4933,7393.298
4934,5224.297
4935,5730.788
4936,2939.595
4937,7030.2847
4938,3942.7007
4939,6171.967
4940,8093.5415
4941,3926.6587
4942,7080.696
4943,5590.7544
4944,2639.6877
4945,6329.8394
4946,5773.0884
4947,2882.8618
4948,7616.328
4949,6119.5605
4950,3941.6853
4951,8749.768
4952,6905.6665
4953,6700.74
4954,4222.99
4955,3877.344
4956,5148.342
4957,0.0
4958,5804.174
4959,2583.0762
4960,5559.2417
4961,3213.7297
4962,4836.5205
4963,4671.2593
4964,4671.865
4965,5447.1436
4966,7406.8003
4967,4965.2573
4968,7211.5464
4969,5390.6387
4970,6036.537
4971,7778.643
4972,6289.319
4973,3086.7979
4974,4985.037
4975,5189.8916
4976,4689.2017
4977,10585.672
4978,5767.953
4979,6616.3804
4980,8793.087
4981,5878.3086
4982,2747.4902
4983,8297.503
4984,7499.384
4985,6095.362
4986,6942.4985
4987,6557.4863
4988,7494.0137
4989,4849.1777
4990,4470.655
4991,3716.2568
4992,5562.1694
4993,7037.2485
4994,3238.0288
4995,6958.6016
4996,6216.0996
4997,4789.6187
4998,6772.5186
4999,4360.7246
5000,6704.4097
5001,2517.7505
5002,5273.915
5003,5016.8975
5004,3767.7944
5005,6379.8096
5006,6498.5024
5007,7691.579
5008,5718.5405
5009,3840.0642
5010,5628.5195
5011,6251.0366
5012,7361.507
5013,3259.954
5014,3176.5923
5015,8184.038
5016,5143.9585
5017,4153.607
5018,6842.736
5019,6406.4146
5020,6144.348
5021,4408.6226
5022,2353.8462
5023,5902.046
5024,5633.0957
5025,4980.151
5026,8320.93
5027,6634.017
5028,3710.1326
5029,6043.75
5030,2609.0647
5031,1048.4238
5032,5170.0933
5033,8656.846
5034,5578.6304
5035,4662.0625
5036,3435.645
5037,5276.9795
5038,8775.651
5039,5758.7944
5040,7867.8325
5041,4917.947
5042,4216.176
5043,3660.644
5044,6029.8213
5045,3919.9673
5046,2877.8386
5047,4561.8774
5048,3691.3164
5049,6676.4336
5050,5081.3223
5051,4896.462
5052,5090.4375
5053,6966.212
5054,4286.3916
5055,3702.206
5056,8431.764
5057,6873.9326
5058,6238.0996
5059,2449.2224
5060,6244.6304
5061,4756.0063
5062,3924.4233
5063,7819.1904
5064,8708.805
5065,5885.31
5066,5754.561
5067,5979.6772
5068,6799.4834
5069,9523.938
5070,3325.0127
5071,3914.8477
5072,4766.4204
5073,5816.0225
5074,5368.2
5075,7870.9097
5076,6563.199
5077,6014.301
5078,2930.4138
5079,6079.574
5080,5548.3716
5081,3565.11
5082,5815.096
5083,3192.9468
5084,6338.1104
5085,5426.4155
5086,5266.7363
5087,6214.825
5088,3922.215
5089,3899.663
5090,6353.7754
5091,5022.394
5092,7368.152
5093,5493.242
5094,7381.024
5095,5007.651
5096,3491.1228
5097,7667.218
5098,3058.2256
5099,9926.149
5100,5117.0767
5101,4269.522
5102,6508.3223
5103,4623.7627
5104,4339.33
5105,5388.5205
5106,1740.4608
5107,3093.4543
5108,5292.965
5109,6253.3745
5110,8939.329
5111,5146.1567
5112,5421.097
5113,4904.5254
5114,5512.353
5115,3355.7407
5116,9125.474
5117,6326.5923
5118,10929.42
5119,5224.895
5120,4616.4824
5121,7127.137
5122,6292.997
5123,3620.7915
5124,7594.3267
5125,6473.713
5126,4758.561
5127,5606.524
5128,4174.4883
5129,3237.2102
5130,5203.6772
5131,3750.4814
5132,3484.5317
5133,7682.444
5134,5405.7153
5135,6016.9233
5136,6405.62
5137,4232.395
5138,6056.29
5139,7750.545
5140,4542.5977
5141,5698.5845
5142,4979.809
5143,6662.667
5144,6277.6978
5145,4155.033
5146,4827.3345
5147,6002.0024
5148,6502.4707
5149,5729.0337
5150,6398.9395
5151,4493.365
5152,4114.9785
5153,5055.2065
5154,8264.819
5155,9003.504
5156,7957.468
5157,6108.737
5158,4229.4243
5159,5507.5073
5160,3423.2363
5161,7399.661
5162,8117.446
5163,8134.295
5164,5049.939
5165,4169.987
5166,4228.541
5167,4985.46
5168,8433.372
5169,6087.7793
5170,4931.4663
5171,4525.769
5172,6181.3813
5173,3687.839
5174,6398.4756
5175,3723.5989
5176,5983.477
5177,6198.042
5178,4900.714
5179,6405.852
5180,5367.376
5181,4067.7747
5182,5692.2173
5183,6109.6284
5184,8997.486
5185,5339.831
5186,6197.4746
5187,6469.2256
5188,8047.8784
5189,5829.2686
5190,8202.176
5191,3713.73
5192,4195.9707
5193,5309.8643
5194,5723.2607
5195,7916.6562
5196,6711.422
5197,4575.562
5198,6961.775
5199,6148.358
5200,8016.2007
5201,3687.3887
5202,10643.124
5203,3979.3745
5204,5388.68
5205,7230.1973
5206,4646.626
5207,5022.883
5208,5578.1777
5209,6255.17
5210,4682.43
5211,4359.689
5212,6990.213
5213,6594.417
5214,5941.194
5215,4023.3682
5216,6294.9785
5217,9850.333
5218,5810.655
5219,4181.73
5220,6167.453
5221,5621.094
5222,6339.9365
5223,6520.277
5224,3670.8232
5225,6540.3457
5226,5229.153
5227,6282.034
5228,5895.89
5229,4551.285
5230,5544.911
5231,4385.905
5232,6516.2046
5233,7767.1294
5234,4476.9194
5235,4532.34
5236,5386.4443
5237,5337.5957
5238,4664.0645
5239,7308.037
5240,5590.4717
5241,6389.285
5242,4614.1797
5243,4366.644
5244,5534.1533
5245,6916.7607
5246,6847.0645
5247,7192.34
5248,7047.203
5249,5009.82
5250,7505.717
5251,4919.838
5252,5922.076
5253,7456.411
5254,5908.636
5255,8317.55
5256,7364.7725
5257,6459.8716
5258,5226.2256
5259,6431.1797
5260,6840.7715
5261,5216.852
5262,3358.2996
5263,5039.05
5264,6287.9155
5265,6388.8765
5266,4432.5693
5267,7207.3516
5268,5762.888
5269,5140.981
5270,4948.7695
5271,4532.7505
5272,5864.2686
5273,6244.446
5274,5475.404
5275,4946.207
5276,4378.711
5277,5759.959
5278,3538.4656
5279,5966.801
5280,4184.6147
5281,7939.894
5282,6122.5093
5283,5771.481
5284,7569.8325
5285,4252.8403
5286,4448.1523
5287,9384.133
5288,6107.461
5289,7003.9077
5290,6959.3184
5291,5110.2285
5292,5510.1396
5293,5230.0156
5294,6164.4126
5295,9440.158
5296,4980.688
5297,2520.6272
5298,4347.4507
5299,6991.04
5300,8134.947
5301,5160.407
5302,6039.7275
5303,4392.629
5304,4282.7827
5305,3127.4653
5306,4262.7827
5307,5661.7046
5308,5764.0264
5309,6316.0586
5310,5560.7
5311,7262.7305
5312,8009.8496
5313,6620.616
5314,3790.372
5315,8020.124
5316,9498.828
5317,5213.3203
5318,6711.358
5319,4640.3364
5320,6104.6826
5321,3716.8384
5322,5621.8447
5323,4594.2144
5324,7489.4834
5325,6396.767
5326,7623.785
5327,6953.798
5328,4956.6826
5329,7291.216
5330,6235.4585
5331,9180.752
5332,4819.656
5333,1968.857
5334,5412.5615
5335,7995.469
5336,5048.817
5337,10104.766
5338,4655.228
5339,3435.4583
5340,4332.9727
5341,7554.405
5342,4423.927
5343,7584.2144
5344,5346.5996
5345,5924.234
5346,0.0
5347,6329.3745
5348,5722.087
5349,6209.4688
5350,7035.8394
5351,5587.4277
5352,5570.7446
5353,6129.7783
5354,4432.307
5355,4593.741
5356,6812.142
5357,4693.793
5358,5654.4077
5359,6261.486
5360,5160.8306
5361,4388.504
5362,6122.731
5363,5811.708
5364,7576.4995
5365,5363.65
5366,6239.3555
5367,5339.6987
5368,3722.5298
5369,5381.458
5370,6189.3696
5371,4545.589
5372,4173.7437
5373,7971.559
5374,5747.616
5375,7470.6484
5376,5965.589
5377,5118.737
5378,4500.0176
5379,4128.3105
5380,8653.808
5381,4814.6978
5382,7369.0093
5383,6285.8345
5384,6704.013
5385,5376.3887
5386,4618.1694
5387,4188.5044
5388,6526.9473
5389,3970.7668
5390,5104.8354
5391,8170.156
5392,5081.22
5393,11222.913
5394,10599.291
5395,4811.5894
5396,6149.062
5397,4560.533
5398,5682.209
5399,4892.9883
5400,9814.94
5401,6512.2837
5402,6849.3833
5403,4006.3867
5404,6242.034
5405,4469.3926
5406,7524.6616
5407,6194.9453
5408,5370.812
5409,6070.575
5410,4961.9146
5411,7650.6934
5412,7856.539
5413,5106.4863
5414,8887.64
5415,6413.323
5416,7532.4385
5417,4272.993
5418,4465.668
5419,4752.0566
5420,7754.804
5421,6194.384
5422,6976.2856
5423,5998.8604
5424,7615.609
5425,4040.1633
5426,6837.5166
5427,5379.3335
5428,3645.0088
5429,9868.444
5430,6227.274
5431,5920.715
5432,6811.9927
5433,7640.2944
5434,8727.813
5435,8731.318
5436,5242.6074
5437,6470.355
5438,5289.018
5439,7678.239
5440,3916.9956
5441,4912.855
5442,4907.6465
5443,4676.855
5444,6660.418
5445,4133.737
5446,3851.6792
5447,5496.848
5448,3436.6711
5449,3791.4534
5450,4707.0645
5451,5422.38
5452,8090.377
5453,7716.3716
5454,6016.0967
5455,5723.026
5456,5868.0454
5457,9425.673
5458,6229.8765
5459,4859.6753
5460,4052.194
5461,8373.731
5462,4315.9443
5463,6105.789
5464,2983.5933
5465,4441.6606
5466,6109.4536
5467,5623.4697
5468,4926.572
5469,7488.312
5470,8309.882
5471,9795.134
5472,4985.8027
5473,8801.821
5474,3156.2178
5475,4672.057
5476,5944.243
5477,3700.815
5478,7610.33
5479,4348.26
5480,4750.8784
5481,7839.846
5482,9612.551
5483,7091.699
5484,4906.093
5485,4670.787
5486,6785.036
5487,6237.8735
5488,5208.504
5489,4583.2544
5490,6468.053
5491,7615.2817
5492,4349.28
5493,5147.016
5494,6840.4453
5495,7209.139
5496,10494.755
5497,5819.23
5498,9943.215
5499,6162.737
5500,4763.916
5501,3310.8896
5502,5381.473
5503,5396.6064
5504,4559.5283
5505,7467.799
5506,4534.9434
5507,3811.6123
5508,6239.8496
5509,3336.2126
5510,6836.232
5511,5649.9277
5512,6251.603
5513,7145.9785
5514,4302.5483
5515,7985.805
5516,5929.746
5517,4405.2427
5518,4760.8677
5519,4792.1455
5520,9404.409
5521,5731.3184
5522,4038.4912
5523,6317.9507
5524,7165.403
5525,5898.1455
5526,5371.0273
5527,7262.738
5528,5037.642
5529,5037.161
5530,5148.298
5531,8420.633
5532,4833.744
5533,5368.789
5534,4979.5195
5535,4778.2744
5536,3912.4658
5537,4939.8228
5538,7401.892
5539,7037.2153
5540,9929.492
5541,9106.433
5542,7314.7944
5543,4107.3115
5544,4563.9624
5545,9364.498
5546,8309.462
5547,6256.507
5548,6826.4775
5549,7466.018
5550,4907.773
5551,3402.0366
5552,9867.898
5553,4843.0576
5554,5756.422
5555,5490.487
5556,2884.6885
5557,9053.924
5558,5110.082
5559,4700.568
5560,4657.249
5561,5373.446
5562,5686.4434
5563,6235.601
5564,6131.4624
5565,4047.6045
5566,4382.2373
5567,3829.887
5568,2947.0134
5569,6395.669
5570,6071.6406
5571,4692.052
5572,4954.9385
5573,5904.309
5574,4473.2183
5575,4550.8643
5576,4514.455
5577,3922.7876
5578,6738.6064
5579,6138.666
5580,3627.7893
5581,7432.5957
5582,4314.2773
5583,4630.7236
5584,7134.394
5585,7065.146
5586,8943.968
5587,4674.4243
5588,5855.008
5589,4215.078
5590,5232.935
5591,5944.402
5592,8130.944
5593,5721.416
5594,4070.2043
5595,4698.488
5596,5135.9424
5597,3956.3691
5598,7892.839
5599,4407.626
5600,4937.185
5601,6527.6196
5602,4561.077
5603,5318.6187
5604,5502.1675
5605,6900.083
5606,6044.3496
5607,3780.4204
5608,5049.703
5609,5880.5464
5610,8257.933
5611,7675.5225
5612,6233.954
5613,3710.0015
5614,6679.223
5615,5223.6094
5616,4366.244
5617,6626.245
5618,6548.679
5619,5405.3335
5620,5137.5444
5621,5587.673
5622,6748.5376
5623,4741.629
5624,6105.9873
5625,6481.5166
5626,4712.8735
5627,7835.555
5628,5456.124
5629,4331.8735
5630,10460.548
5631,4826.612
5632,2527.1816
5633,7068.098
5634,8059.3853
5635,8592.076
5636,4515.846
5637,5376.989
5638,5528.371
5639,6429.5664
5640,5578.673
5641,6681.141
5642,3032.491
5643,5285.573
5644,5586.1167
5645,4727.214
5646,4186.2837
5647,6364.0073
5648,6995.4624
5649,4386.662
5650,7035.296
5651,5740.2036
5652,7506.5757
5653,4174.966
5654,5563.443
5655,5080.8423
5656,6198.8286
5657,7661.998
5658,3908.698
5659,6731.8354
5660,6751.815
5661,6247.9194
5662,4540.5747
5663,3544.2288
5664,6152.47
5665,5580.2217
5666,7180.8105
5667,6348.959
5668,4904.984
5669,7478.127
5670,5525.0127
5671,5409.9653
5672,6571.6245
5673,4670.337
5674,6987.2466
5675,9256.42
5676,7086.446
5677,4338.424
5678,4697.6987
5679,3447.2012
5680,3106.7568
5681,6787.671
5682,5095.6016
5683,7815.0225
5684,4082.34
5685,5864.778
5686,5512.169
5687,8914.62
5688,4259.8887
5689,5088.3115
5690,4852.861
5691,7074.2896
5692,4767.4478
5693,6237.7783
5694,7032.8135
5695,8096.7383
5696,6333.113
5697,6235.2803
5698,5406.0503
5699,4250.6626
5700,4752.9995
5701,9614.642
5702,7768.152
5703,5234.782
5704,5844.6294
5705,5286.012
5706,4590.456
5707,5140.839
5708,7783.957
5709,8118.259
5710,6269.8765
5711,6560.214
5712,7027.7705
5713,6375.3687
5714,5349.3135
5715,5235.386
5716,4689.5327
5717,4313.0186
5718,3772.0164
5719,4501.946
5720,7523.2837
5721,7102.8286
5722,5411.2607
5723,4390.3335
5724,6150.6396
5725,3566.3108
5726,5691.007
5727,3845.4932
5728,7064.809
5729,5569.039
5730,5638.1807
5731,9808.745
5732,9229.743
5733,5543.489
5734,5900.976
5735,3481.7207
5736,5254.292
5737,4845.585
5738,7460.5728
5739,4232.94
5740,4034.025
5741,4955.463
5742,4995.323
5743,6755.145
5744,5598.0703
5745,3507.1218
5746,6882.461
5747,6657.5723
5748,6524.7686
5749,4161.0225
5750,3784.1545
5751,6330.7935
5752,3728.9448
5753,8498.64
5754,4873.899
5755,4567.891
5756,6007.484
5757,5280.081
5758,4381.0757
5759,5300.6343
5760,5463.561
5761,8580.7
5762,7981.8228
5763,5499.145
5764,3780.4492
5765,5032.964
5766,7695.674
5767,4590.7935
5768,5330.2334
5769,5575.9385
5770,9860.006
5771,6289.313
5772,5403.3438
5773,5865.9917
5774,4102.503
5775,7792.373
5776,4940.308
5777,9323.902
5778,5818.8857
5779,5110.8574
5780,4868.695
5781,4141.8794
5782,6566.2734
5783,5703.6255
5784,3696.8948
5785,4499.0435
5786,8179.8086
5787,6196.7
5788,5482.302
5789,7115.0063
5790,5231.418
5791,4906.453
5792,4246.5083
5793,7682.8247
5794,4926.769
5795,6196.393
5796,6484.6826
5797,4301.2803
5798,6530.6836
5799,5114.8125
5800,3228.7197
5801,7392.536
5802,7481.7227
5803,3734.94
5804,6695.4185
5805,6209.2437
5806,4156.8926
5807,8413.006
5808,5762.443
5809,7630.3613
5810,4291.743
5811,4512.3584
5812,5587.5664
5813,2264.3225
5814,6396.8403
5815,3716.2498
5816,5755.2964
5817,4333.841
5818,4912.274
5819,4863.204
5820,6010.5903
5821,6145.5557
5822,7518.0903
5823,4951.7583
5824,6749.1235
5825,5388.351
5826,7499.7627
5827,7668.534
5828,6091.8916
5829,2624.6182
5830,5185.1714
5831,6272.7896
5832,4277.3403
5833,9888.032
5834,5243.0576
5835,7137.2593
5836,9992.337
5837,5568.731
5838,3917.5076
5839,8629.493
5840,8592.305
5841,5001.092
5842,7235.109
5843,7947.812
5844,5849.967
5845,4796.083
5846,6351.7456
5847,4711.876
5848,5221.771
5849,6542.1553
5850,4179.5283
5851,5897.15
5852,6581.5044
5853,5640.1064
5854,6626.814
5855,5076.8506
5856,5975.27
5857,3719.8604
5858,6581.027
5859,6174.711
5860,5255.9814
5861,6024.0957
5862,6374.189
5863,7874.619
5864,5418.5693
5865,4179.556
5866,5391.549
5867,6409.5254
5868,6712.869
5869,4153.7456
5870,3948.4592
5871,6703.962
5872,6139.5386
5873,5150.405
5874,7033.2427
5875,5981.742
5876,5526.942
5877,4345.303
5878,3517.5017
5879,5804.772
5880,6045.232
5881,5959.384
5882,7865.5967
5883,7138.7847
5884,4435.729
5885,7539.684
5886,3257.346
5887,2972.1675
5888,5740.8716
5889,9351.609
5890,6908.407
5891,6002.604
5892,3861.616
5893,6021.821
5894,8258.799
5895,4952.6606
5896,7176.9077
5897,5212.997
5898,4278.2383
5899,4437.6504
5900,5316.879
5901,5241.9624
5902,3904.297
5903,4574.3354
5904,3852.8918
5905,6089.324
5906,6610.3877
5907,4445.3315
5908,5389.0654
5909,6113.1494
5910,4491.578
5911,4305.537
5912,7850.487
5913,6609.524
5914,5453.4653
5915,3502.4912
5916,9628.223
5917,5573.726
5918,4629.7915
5919,7923.3037
5920,7412.4893
5921,6148.95
5922,5620.724
5923,6550.6846
5924,8295.05
5925,9998.086
5926,4282.3047
5927,4234.2485
5928,4676.6943
5929,5870.257
5930,5318.862
5931,6828.236
5932,7524.626
5933,5311.6426
5934,3744.49
5935,5370.74
5936,6770.7686
5937,4467.146
5938,6075.302
5939,3451.0442
5940,6776.047
5941,6243.1895
5942,6406.1943
5943,7480.8447
5944,5401.7256
5945,3241.8984
5946,5927.62
5947,6542.798
5948,7331.8027
5949,6337.1553
5950,6503.9966
5951,5474.5107
5952,3825.133
5953,8265.032
5954,3760.7383
5955,10086.548
5956,5524.76
5957,3520.9797
5958,5854.516
5959,5174.104
5960,6164.9946
5961,6304.731
5962,2921.044
5963,4161.5107
5964,5554.7896
5965,7342.265
5966,8458.344
5967,4598.77
5968,5300.5024
5969,6246.1914
5970,5728.93
5971,4476.5435
5972,9096.927
5973,7131.1626
5974,9572.98
5975,3938.6858
5976,4855.699
5977,8222.22
5978,6455.443
5979,4767.339
5980,8554.298
5981,5836.017
5982,4431.4365
5983,4735.5493
5984,4058.728
5985,4424.193
5986,5062.4062
5987,4183.3374
5988,4657.0757
5989,8531.345
5990,5863.659
5991,5800.25
5992,5600.495
5993,4087.6824
5994,5859.8794
5995,7275.2866
5996,5041.382
5997,5399.119
5998,4869.1455
5999,6565.497
6000,6176.4956
6001,3834.1858
6002,4679.184
6003,5622.9604
6004,6362.8237
6005,5512.716
6006,6973.904
6007,4481.495
6008,3876.0166
6009,4763.6704
6010,7714.1123
6011,9132.996
6012,7617.5923
6013,5746.728
6014,4621.5537
6015,5076.1533
6016,3380.794
6017,7009.5684
6018,7778.242
6019,8010.094
6020,4715.9634
6021,4180.641
6022,4287.9214
6023,4726.073
6024,8279.471
6025,5722.698
6026,4742.719
6027,4259.332
6028,6168.771
6029,3599.141
6030,5997.8877
6031,3562.258
6032,5696.313
6033,5836.607
6034,4710.4424
6035,5941.2163
6036,5163.681
6037,3997.5073
6038,5569.8945
6039,5678.503
6040,8654.436
6041,5082.3306
6042,6265.7515
6043,6204.093
6044,7521.2964
6045,5507.7173
6046,7759.236
6047,3788.254
6048,4295.204
6049,5261.8755
6050,5373.3945
6051,7604.438
6052,6259.9985
6053,4411.491
6054,6531.811
6055,5665.8047
6056,7941.7495
6057,3461.6016
6058,10655.973
6059,3948.866
6060,5233.549
6061,6919.0703
6062,4572.8438
6063,4723.121
6064,5051.987
6065,6054.47
6066,4460.8315
6067,4201.446
6068,6541.057
6069,6185.7812
6070,5619.6304
6071,3841.6653
6072,6073.9575
6073,9508.219
6074,5534.9663
6075,4251.011
6076,5703.6416
6077,5435.4346
6078,5871.1978
6079,5762.9873
6080,3512.3315
6081,6109.174
6082,5157.5923
6083,5864.7725
6084,5667.3613
6085,3943.069
6086,5367.1045
6087,4115.787
6088,6132.8604
6089,7408.9766
6090,4409.2324
6091,4443.1523
6092,5172.234
6093,4998.6504
6094,4471.0557
6095,6697.1875
6096,5190.248
6097,6388.1455
6098,4535.2114
6099,4158.2295
6100,5200.283
6101,6598.885
6102,6815.9634
6103,6671.271
6104,6488.729
6105,4765.084
6106,7175.4565
6107,4753.4937
6108,5769.103
6109,7347.968
6110,5409.171
6111,8011.049
6112,6779.6025
6113,6332.599
6114,4998.898
6115,6000.772
6116,6234.269
6117,4971.456
6118,3172.3948
6119,5003.0674
6120,6124.4307
6121,5885.456
6122,4150.858
6123,6980.359
6124,5640.5586
6125,4818.4927
6126,4708.47
6127,4457.79
6128,5903.5996
6129,6160.803
6130,5337.774
6131,4595.946
6132,4192.394
6133,5389.878
6134,3394.4573
6135,5482.0405
6136,3940.298
6137,7363.9644
6138,5743.0786
6139,5542.1353
6140,7103.3706
6141,4245.921
6142,4198.9937
6143,8750.777
6144,5522.431
6145,6548.673
6146,6524.395
6147,4856.237
6148,5274.453
6149,5162.2583
6150,6308.3643
6151,9412.557
6152,5026.5874
6153,1986.6483
6154,4163.401
6155,6506.82
6156,7219.874
6157,4796.774
6158,5767.8267
6159,4304.835
6160,4573.367
6161,2986.5095
6162,4301.395
6163,5300.882
6164,5431.0293
6165,6142.356
6166,5110.204
6167,6756.0146
6168,7517.4023
6169,6325.6084
6170,3458.1724
6171,7777.3296
6172,8851.729
6173,5004.671
6174,6479.5073
6175,4381.4644
6176,5507.6333
6177,3372.8662
6178,5654.8447
6179,4165.447
6180,7373.748
6181,6110.5723
6182,7105.1255
6183,6805.907
6184,4795.772
6185,6801.2607
6186,6414.039
6187,8849.846
6188,4731.8335
6189,1630.0812
6190,5064.7246
6191,7863.136
6192,4759.537
6193,10209.994
6194,4527.177
6195,3069.1213
6196,4276.484
6197,8028.9106
6198,4180.613
6199,7331.1807
6200,5294.56
6201,5783.665
6202,3457.4697
6203,5729.6406
6204,5187.7734
6205,6118.989
6206,6587.276
6207,5282.7056
6208,5231.5625
6209,5944.8555
6210,4176.237
6211,4293.9424
6212,6477.9937
6213,4452.9194
6214,5287.328
6215,5846.235
6216,5231.6274
6217,4289.5537
6218,6072.3184
6219,5622.3115
6220,6996.0894
6221,5123.24
6222,5957.213
6223,5012.028
6224,3068.6792
6225,5221.472
6226,6104.083
6227,4420.594
6228,4028.1685
6229,7639.6826
6230,5721.0176
6231,6891.125
6232,5851.345
6233,4898.508
6234,4539.4834
6235,4026.0635
6236,8161.1055
6237,4172.3584
6238,6701.36
6239,6236.517
6240,6332.7803
6241,6204.288
6242,4364.2954
6243,4053.903
6244,5985.1665
6245,3814.1694
6246,5300.1436
6247,8243.531
6248,4772.6987
6249,11419.055
6250,10936.5205
6251,4480.7256
6252,5817.648
6253,4462.576
6254,5474.949
6255,4716.332
6256,9290.295
6257,6063.746
6258,6933.525
6259,3966.5117
6260,5912.588
6261,4151.3887
6262,7058.3096
6263,5745.2153
6264,5105.439
6265,5686.2104
6266,4778.0557
6267,6869.3115
6268,7992.084
6269,4703.38
6270,8317.748
6271,6012.5513
6272,7424.4473
6273,4141.2236
6274,4295.2817
6275,4497.8936
6276,7424.6885
6277,5619.8877
6278,6536.554
6279,5664.508
6280,7043.366
6281,3826.206
6282,6623.1235
6283,5483.2744
6284,3547.4082
6285,9792.219
6286,6034.0503
6287,5342.674
6288,6310.0073
6289,7377.202
6290,8510.077
6291,8697.282
6292,4950.2427
6293,6321.025
6294,4892.288
6295,6947.599
6296,3690.1157
6297,4764.511
6298,4451.556
6299,4473.0776
6300,6323.021
6301,4192.5137
6302,3812.4414
6303,5131.6133
6304,3228.2454
6305,3730.9304
6306,4654.4688
6307,5118.6294
6308,7526.535
6309,7158.285
6310,6014.3184
6311,5373.236
6312,5487.1357
6313,9605.76
6314,6225.4927
6315,4373.255
6316,4080.0354
6317,7476.3726
6318,4140.671
6319,5685.2124
6320,2860.504
6321,4385.3193
6322,5935.7783
6323,5303.6685
6324,4449.6504
6325,6964.3584
6326,8106.598
6327,10046.569
6328,4953.2607
6329,7902.104
6330,3081.3345
6331,4420.8013
6332,5364.0645
6333,3616.6938
6334,6782.759
6335,4233.905
6336,4639.8184
6337,7207.18
6338,9750.681
6339,7896.6865
6340,4684.6904
6341,4566.924
6342,6592.5996
6343,6029.9995
6344,5298.3545
6345,4312.0107
6346,5888.185
6347,7974.662
6348,3998.7468
6349,5269.6455
6350,6250.47
6351,6499.29
6352,10786.87
6353,5289.462
6354,9756.514
6355,5863.575
6356,4593.654
6357,3262.7324
6358,5142.516
6359,5154.376
6360,4314.109
6361,6629.526
6362,4183.7925
6363,3791.75
6364,5839.191
6365,3154.8271
6366,6796.0796
6367,5261.795
6368,6012.7295
6369,6689.6284
6370,4261.9697
6371,7403.1416
6372,5759.7505
6373,4192.2417
6374,4455.8813
6375,4597.064
6376,9168.466
6377,5631.79
6378,3992.9263
6379,6060.439
6380,6649.722
6381,5561.034
6382,5127.919
6383,6804.9917
6384,4937.3687
6385,4662.779
6386,5168.806
6387,7546.922
6388,4949.0903
6389,5202.5605
6390,4405.4316
6391,4474.524
6392,3784.3315
6393,4633.4585
6394,6852.337
6395,6926.9214
6396,9041.704
6397,8620.3125
6398,6855.2524
6399,4036.9004
6400,4588.0264
6401,9057.215
6402,7867.247
6403,5674.512
6404,6801.838
6405,6821.401
6406,4915.302
6407,3436.894
6408,9310.83
6409,5000.3096
6410,5543.5786
6411,5271.1387
6412,2897.851
6413,9058.632
6414,5069.529
6415,4514.0977
6416,4277.283
6417,4909.735
6418,5559.788
6419,6256.9424
6420,5772.3174
6421,4098.5366
6422,4137.8516
6423,3773.4521
6424,2866.8887
6425,5963.916
6426,6311.4937
6427,4763.3525
6428,4648.04
6429,5590.658
6430,4249.1504
6431,4494.891
6432,4142.9546
6433,3865.685
6434,6053.3096
6435,5785.9883
6436,3607.2117
6437,7135.987
6438,4212.0156
6439,4419.427
6440,6651.5107
6441,6647.5024
6442,8954.441
6443,4616.17
6444,5828.5566
6445,4031.2283
6446,4951.0923
6447,5612.083
6448,7482.779
6449,5376.722
6450,4021.4229
6451,4431.1445
6452,4662.1206
6453,4354.2905
6454,8687.615
6455,4316.7104
6456,4827.9517
6457,5993.4556
6458,4138.495
6459,5303.016
6460,5565.4814
6461,6468.707
6462,5874.9956
6463,3583.8745
6464,4896.0415
6465,5435.165
6466,7937.4937
6467,7288.664
6468,5683.922
6469,3858.788
6470,6244.2373
6471,5038.526
6472,4194.1577
6473,6089.6084
6474,6302.0435
6475,5265.7466
6476,4861.191
6477,5276.0786
6478,6518.2686
6479,4641.722
6480,5941.1484
6481,6120.6406
6482,4415.141
6483,7937.5693
6484,5079.229
6485,4069.1523
6486,9889.286
6487,5068.5474
6488,2251.7668
6489,6519.972
6490,7343.2173
6491,8722.837
6492,4507.7637
6493,5023.2563
6494,5272.491
6495,6116.4443
6496,5225.6973
6497,6337.971
6498,2512.2556
6499,5016.778
6500,5359.968
6501,4713.7144
6502,4058.2249
6503,5955.4517
6504,6657.071
6505,4214.5996
6506,6865.9253
6507,5348.145
6508,7119.799
6509,3915.7664
6510,5337.117
6511,4906.8647
6512,5910.2876
6513,6763.5586
6514,4506.5728
6515,6489.0073
6516,6310.272
6517,6023.7563
6518,4317.719
6519,3425.4248
6520,5681.667
6521,5384.852
6522,6783.5933
6523,6035.886
6524,4891.308
6525,6942.6245
6526,5625.965
6527,5144.66
6528,6266.4624
6529,4659.791
6530,6918.971
6531,8785.5
6532,6675.402
6533,4176.141
6534,4445.2383
6535,2852.0867
6536,2935.6687
6537,6626.378
6538,4757.041
6539,7141.6587
6540,3891.2205
6541,5643.8467
6542,5181.473
6543,8705.333
6544,4237.0
6545,4546.1655
6546,4531.0
6547,6853.6113
6548,4535.9126
6549,5996.023
6550,6549.86
6551,7951.6636
6552,5839.9707
6553,6036.5312
6554,5156.9624
6555,4123.572
6556,4415.714
6557,8616.006
6558,7569.1396
6559,5163.775
6560,5641.0317
6561,5140.461
6562,4505.8037
6563,5095.733
6564,7139.9355
6565,7429.966
6566,5701.0635
6567,6525.8643
6568,6645.4106
6569,6044.69
6570,5097.216
6571,4879.379
6572,4479.589
6573,4083.8123
6574,3752.5034
6575,4419.3086
6576,7143.205
6577,6936.29
6578,5152.218
6579,4493.6694
6580,5720.7993
6581,3419.7798
6582,5368.246
6583,3735.9236
6584,7275.453
6585,5135.854
6586,5200.6406
6587,9968.141
6588,8508.575
6589,5559.735
6590,5650.833
6591,3434.2427
6592,5096.9873
6593,4796.9434
6594,7335.559
6595,4028.8257
6596,3225.9363
6597,4846.269
6598,4808.9834
6599,6150.698
6600,5294.9087
6601,3470.4958
6602,6225.2075
6603,6379.365
6604,6298.6
6605,3866.869
6606,3581.1543
6607,6292.319
6608,3694.226
6609,7941.7344
6610,4643.6396
6611,4347.5713
6612,5661.1646
6613,5044.9946
6614,4179.1816
6615,5015.7393
6616,5421.718
6617,7946.6367
6618,7579.246
6619,5171.218
6620,3671.3557
6621,4930.69
6622,7411.0117
6623,4422.505
6624,5129.5825
6625,5418.6157
6626,9491.602
6627,5949.785
6628,5175.047
6629,5921.1777
6630,3966.977
6631,7362.658
6632,4849.238
6633,9733.464
6634,5360.7603
6635,4759.1606
6636,4475.5317
6637,3810.678
6638,6583.645
6639,5681.3257
6640,3562.1152
6641,4109.702
6642,7549.5063
6643,5846.43
6644,5532.707
6645,6619.814
6646,4957.2783
6647,4489.899
6648,4332.055
6649,7621.3857
6650,4645.5537
6651,6193.4917
6652,5973.9077
6653,4280.765
6654,6197.4097
6655,4716.926
6656,2982.4521
6657,7236.31
6658,6714.995
6659,3778.268
6660,6285.0073
6661,5750.292
6662,3929.3752
6663,7660.215
6664,5259.8784
6665,7183.2354
6666,4089.6873
6667,4282.922
6668,5583.059
6669,2243.333
6670,6383.7173
6671,3602.5967
6672,5382.839
6673,4149.809
6674,4669.188
6675,4848.188
6676,5804.988
6677,5821.967
6678,6731.1997
6679,4665.6396
6680,6376.7007
6681,5439.7134
6682,6582.8916
6683,7397.2905
6684,5948.3267
6685,1927.8038
6686,4927.592
6687,6259.8257
6688,4162.7656
6689,9664.943
6690,4915.644
6691,6989.6396
6692,9738.366
6693,5475.644
6694,3808.614
6695,8376.319
6696,8189.184
6697,4805.6543
6698,7000.9624
6699,8173.9126
6700,5269.6006
6701,4526.166
6702,5771.3706
6703,4610.7085
6704,4894.9673
6705,6012.2075
6706,4130.5913
6707,5452.9243
6708,5894.9287
6709,5539.926
6710,6203.282
6711,5031.0728
6712,5769.7524
6713,3801.565
6714,6272.2095
6715,5666.075
6716,5237.0195
6717,5853.031
6718,5789.411
6719,7671.914
6720,4808.3916
6721,4150.137
6722,5097.099
6723,6041.312
6724,6404.9785
6725,4033.6323
6726,3832.829
6727,6437.8076
6728,5799.459
6729,4857.168
6730,6629.3745
6731,5415.5156
6732,5398.393
6733,4128.043
6734,3636.6907
6735,5477.739
6736,5425.3394
6737,5464.7856
6738,7705.016
6739,6982.037
6740,4287.86
6741,7701.805
6742,3016.2532
6743,3203.8027
6744,5446.6914
6745,9105.373
6746,6830.5547
6747,5762.223
6748,3864.4424
6749,5662.66
6750,8197.366
6751,4757.962
6752,6563.481
6753,5091.21
6754,4291.0186
6755,4358.442
6756,4844.6978
6757,4991.8696
6758,3744.8936
6759,4225.6177
6760,3809.5696
6761,5819.3076
6762,6000.217
6763,4184.8306
6764,5234.8022
6765,5551.193
6766,4433.707
6767,4398.797
6768,7144.132
6769,6370.275
6770,5304.0327
6771,3465.7087
6772,9197.579
6773,5304.3564
6774,4370.019
6775,7691.7554
6776,6888.0957
6777,5986.2285
6778,5166.401
6779,6360.961
6780,7197.782
6781,9967.874
6782,3986.1255
6783,4119.173
6784,4470.599
6785,5970.604
6786,5020.3057
6787,6564.276
6788,7232.639
6789,5063.2754
6790,3707.9106
6791,5252.6533
6792,6842.8335
6793,4163.8813
6794,5783.312
6795,3337.298
6796,6284.8633
6797,6161.8438
6798,6167.1
6799,7322.2915
6800,5252.538
6801,2868.5027
6802,5698.4487
6803,5831.5317
6804,7071.409
6805,6062.5317
6806,6416.9087
6807,5278.1826
6808,3731.1545
6809,7755.211
6810,3665.8997
6811,9545.219
6812,5071.7197
6813,3478.6697
6814,5668.113
6815,5216.3945
6816,5911.4375
6817,6097.1294
6818,2745.1846
6819,4025.111
6820,5332.2065
6821,7051.8696
6822,7969.8257
6823,4291.4155
6824,5311.9263
6825,6198.2075
6826,5370.597
6827,4494.8696
6828,8223.13
6829,6716.577
6830,9817.065
6831,3734.516
6832,4544.726
6833,8003.7095
6834,6456.471
6835,4462.2656
6836,8284.945
6837,5682.9785
6838,4209.746
6839,4412.8633
6840,3839.9397
6841,4413.3896
6842,4732.158
6843,4078.6772
6844,4496.1562
6845,8101.3423
6846,6011.0835
6847,5708.2896
6848,5138.2603
6849,4038.5144
6850,5950.1484
6851,7114.226
6852,4698.12
6853,5348.2217
6854,4816.2407
6855,6800.8457
6856,6235.114
6857,3925.0447
6858,4622.907
6859,5505.958
6860,6471.725
6861,5407.7007
6862,6679.2744
6863,4164.7393
6864,3791.2546
6865,4668.8184
6866,7634.496
6867,8659.976
6868,7484.8345
6869,5833.5234
6870,4299.6187
6871,4966.925
6872,3467.7493
6873,6920.872
6874,7526.5713
6875,7794.8706
6876,4709.005
6877,4304.252
6878,4125.35
6879,4635.054
6880,8620.749
6881,5656.722
6882,4505.5327
6883,4200.424
6884,6296.798
6885,3606.3206
6886,6073.3726
6887,3532.3342
6888,5256.924
6889,5686.769
6890,4751.3677
6891,5788.4556
6892,5124.247
6893,4117.892
6894,5628.0044
6895,5524.7334
6896,8167.0703
6897,4816.374
6898,6321.7725
6899,6318.475
6900,7339.3105
6901,5494.7827
6902,7621.9526
6903,3699.23
6904,4050.3777
6905,5295.5854
6906,5190.263
6907,7287.4404
6908,6172.95
6909,4357.9014
6910,6066.7603
6911,5790.2285
6912,7536.7505
6913,3513.8162
6914,10879.716
6915,3979.9478
6916,5309.226
6917,6828.4443
6918,4520.975
6919,4712.5996
6920,4927.85
6921,5997.476
6922,4271.0576
6923,4204.3843
6924,6465.6045
6925,6136.5347
6926,5675.9414
6927,3807.1064
6928,6011.8345
6929,8392.689
6930,5445.6265
6931,4223.7476
6932,5536.672
6933,5382.634
6934,5825.0166
6935,5866.7417
6936,3560.1516
6937,6126.16
6938,5303.092
6939,5814.7134
6940,5851.8696
6941,4022.2131
6942,4995.8047
6943,4156.528
6944,6119.7183
6945,7260.452
6946,4321.5884
6947,4369.994
6948,5133.18
6949,4951.7964
6950,4506.0312
6951,6765.1265
6952,5216.1606
6953,6282.586
6954,4489.458
6955,4244.86
6956,5240.7026
6957,6317.4565
6958,6837.8945
6959,6617.466
6960,6670.1387
6961,4782.191
6962,6976.878
6963,5005.115
6964,5912.9434
6965,7066.986
6966,5325.4004
6967,7975.24
6968,6827.057
6969,6006.7275
6970,4836.9585
6971,6006.258
6972,6064.4927
6973,4997.3774
6974,3240.328
6975,4914.931
6976,6274.4175
6977,5919.969
6978,4205.0864
6979,6839.147
6980,5703.511
6981,4879.3135
6982,4665.711
6983,4442.9194
6984,5785.602
6985,6061.6934
6986,5250.3643
6987,4535.653
6988,4279.3115
6989,5487.1675
6990,3271.6775
6991,5275.968
6992,3852.278
6993,7291.8623
6994,5930.4478
6995,5520.6245
6996,6742.3867
6997,4716.773
6998,4207.4336
6999,8861.079
7000,5782.4297
7001,6380.8257
7002,6457.069
7003,4419.2114
7004,5151.127
7005,4737.6187
7006,5924.901
7007,9458.923
7008,4733.129
7009,2068.2668
7010,4502.3965
7011,6660.2783
7012,7184.4756
7013,4781.9404
7014,5742.7114
7015,4155.5806
7016,4357.8516
7017,3021.091
7018,4226.7583
7019,5143.502
7020,5435.1133
7021,6087.0127
7022,5251.396
7023,6661.7646
7024,7203.943
7025,6264.0005
7026,3509.374
7027,7729.2617
7028,8983.184
7029,4894.6875
7030,6357.3823
7031,4234.087
7032,5578.79
7033,3072.9534
7034,5650.24
7035,4160.38
7036,7256.049
7037,5960.623
7038,6920.7466
7039,6708.158
7040,4570.8594
7041,6845.236
7042,5525.6084
7043,8786.329
7044,4863.7607
7045,1635.7969
7046,5110.9985
7047,7611.2446
7048,4674.2905
7049,9963.91
7050,3651.4192
7051,2965.5483
7052,4223.3853
7053,6743.133
7054,4494.5483
7055,7392.6914
7056,5194.8496
7057,5800.1895
7058,0.0
7059,5926.2744
7060,5283.295
7061,6103.041
7062,6552.0093
7063,5125.1855
7064,5026.0024
7065,5877.0024
7066,4370.44
7067,4373.5386
7068,6459.9395
7069,4358.3047
7070,5231.0386
7071,6002.638
7072,5042.6226
7073,4515.1357
7074,5961.4136
7075,5688.0493
7076,6706.2837
7077,5111.4766
7078,5726.1
7079,4986.4873
7080,3001.525
7081,5289.3257
7082,5939.6353
7083,4363.4004
7084,3904.4907
7085,7622.9487
7086,5597.1196
7087,7027.9854
7088,5958.264
7089,4687.775
7090,4428.0093
7091,3984.2324
7092,7737.6855
7093,4236.046
7094,6612.778
7095,4552.167
7096,6248.73
7097,5264.275
7098,4080.623
7099,4125.8267
7100,5754.572
7101,3732.981
7102,5251.216
7103,7857.2134
7104,4697.7617
7105,11792.774
7106,10408.767
7107,4362.31
7108,5795.516
7109,4476.774
7110,5424.3145
7111,4689.018
7112,9280.491
7113,5876.1953
7114,6631.227
7115,3890.9978
7116,5949.32
7117,3996.6416
7118,7005.1973
7119,5475.435
7120,5061.6577
7121,5469.7764
7122,4639.1987
7123,6889.318
7124,7522.739
7125,4719.3516
7126,8439.278
7127,5842.366
7128,7284.6953
7129,4039.3928
7130,4293.893
7131,4411.6094
7132,7638.648
7133,5500.913
7134,6104.8516
7135,5714.8926
7136,6982.603
7137,3716.2144
7138,6246.513
7139,5234.807
7140,3463.6926
7141,9449.914
7142,5756.1914
7143,5491.618
7144,6347.4453
7145,7218.607
7146,8254.562
7147,8635.899
7148,4768.1255
7149,6343.112
7150,4903.725
7151,6754.5264
7152,3612.4597
7153,4783.514
7154,4516.6865
7155,4482.1577
7156,6351.309
7157,4296.2856
7158,3763.753
7159,5054.551
7160,3019.224
7161,3759.2712
7162,4463.1724
7163,5508.301
7164,7293.059
7165,6972.0615
7166,5906.1514
7167,5144.179
7168,5420.456
7169,8927.621
7170,6302.915
7171,4354.062
7172,3759.698
7173,7248.1084
7174,4094.7969
7175,5693.711
7176,2694.746
7177,4638.438
7178,5912.4243
7179,5200.293
7180,4376.0386
7181,6957.029
7182,7495.944
7183,9786.066
7184,4904.773
7185,7689.2246
7186,3122.2366
7187,4432.4385
7188,5163.322
7189,3428.9656
7190,6786.6416
7191,4338.904
7192,4682.0415
7193,7175.559
7194,9600.566
7195,6639.113
7196,4594.666
7197,4289.382
7198,7105.3965
7199,6078.635
7200,5212.1123
7201,4141.7217
7202,5891.1006
7203,7381.503
7204,4161.7134
7205,5450.4854
7206,6371.794
7207,6691.7407
7208,9914.56
7209,5124.721
7210,9379.381
7211,5679.738
7212,4504.9785
7213,3152.2039
7214,5293.2524
7215,4843.418
7216,4174.6274
7217,6255.492
7218,4236.127
7219,3563.988
7220,5698.9595
7221,3247.8882
7222,6538.6245
7223,5343.79
7224,6004.465
7225,6630.854
7226,3985.1218
7227,7243.2705
7228,5792.007
7229,4200.2715
7230,4443.394
7231,5065.386
7232,8887.877
7233,5407.329
7234,3945.4622
7235,6407.618
7236,6555.0913
7237,5498.967
7238,5182.679
7239,6996.4834
7240,4926.9385
7241,4544.2534
7242,4825.254
7243,7347.54
7244,4743.063
7245,5030.1753
7246,4418.04
7247,4372.008
7248,3773.4631
7249,4303.6484
7250,6599.5454
7251,6774.741
7252,9082.6045
7253,8425.999
7254,6570.1704
7255,3969.8882
7256,4420.8896
7257,8988.857
7258,7665.916
7259,5648.5054
7260,6789.3286
7261,6605.698
7262,4602.7505
7263,3364.88
7264,8879.878
7265,4671.5225
7266,5522.663
7267,5206.974
7268,2877.9731
7269,8749.467
7270,4817.596
7271,4443.9365
7272,4234.2847
7273,5020.2915
7274,5440.912
7275,6390.047
7276,5346.2427
7277,4096.09
7278,4055.7751
7279,4155.3784
7280,2867.3481
7281,5871.293
7282,5311.9517
7283,4633.0166
7284,4552.8833
7285,5761.1187
7286,4082.0635
7287,4447.1465
7288,4028.7334
7289,3895.8481
7290,5936.0503
7291,5627.9346
7292,3484.269
7293,6921.354
7294,4189.983
7295,4290.884
7296,6594.285
7297,6707.1216
7298,8600.406
7299,4617.1606
7300,5683.4287
7301,3903.7124
7302,4769.6357
7303,4848.3037
7304,7433.397
7305,5151.923
7306,4045.7092
7307,4176.691
7308,4651.926
7309,3922.5742
7310,7582.739
7311,4362.048
7312,4792.7993
7313,5781.7734
7314,4148.558
7315,5319.354
7316,5497.991
7317,6348.384
7318,5465.2183
7319,3558.5354
7320,5007.388
7321,5108.386
7322,7949.889
7323,6982.1636
7324,5582.9688
7325,3730.7275
7326,6205.1997
7327,5096.438
7328,3982.7163
7329,5916.989
7330,6133.369
7331,5295.8633
7332,4895.402
7333,5392.9116
7334,6086.357
7335,4560.6553
7336,5815.0796
7337,5726.8154
7338,4388.19
7339,6904.5664
7340,4982.318
7341,4176.0376
7342,9417.693
7343,4840.245
7344,2519.5166
7345,6437.8633
7346,7229.108
7347,8694.4795
7348,4455.006
7349,4901.8267
7350,5251.942
7351,6308.743
7352,5077.5815
7353,6238.838
7354,2404.073
7355,5003.3916
7356,5243.3926
7357,4739.0786
7358,3967.3442
7359,6012.1787
7360,6863.496
7361,4094.4417
7362,6795.2954
7363,5330.803
7364,6898.8525
7365,3795.662
7366,5409.145
7367,4947.0327
7368,5819.2686
7369,6995.5156
7370,3566.8723
7371,6362.2534
7372,6270.1816
7373,5794.372
7374,4328.916
7375,3402.2864
7376,5737.2256
7377,5416.332
7378,6828.1187
7379,5797.5396
7380,4835.87
7381,6544.283
7382,5460.2734
7383,4904.034
7384,6327.274
7385,4440.945
7386,6715.8535
7387,8736.191
7388,6592.0464
7389,4080.2183
7390,4449.3486
7391,2961.7485
7392,2956.619
7393,6555.6978
7394,4665.5728
7395,6901.13
7396,3543.7756
7397,5539.054
7398,5121.4424
7399,9029.949
7400,3984.1792
7401,4634.515
7402,4532.7075
7403,6691.358
7404,4445.306
7405,6083.072
7406,6407.5693
7407,7905.1724
7408,5756.389
7409,5851.6855
7410,4881.0405
7411,4140.015
7412,4180.3936
7413,8783.682
7414,7575.8203
7415,5054.9316
7416,5569.05
7417,4997.935
7418,4284.458
7419,5035.062
7420,7006.3867
7421,7400.099
7422,5754.116
7423,6302.2056
7424,6546.537
7425,6146.0654
7426,4990.513
7427,4641.7266
7428,4464.335
7429,4004.4763
7430,3769.333
7431,4339.612
7432,6939.036
7433,5033.6357
7434,5169.9897
7435,4355.9272
7436,5909.397
7437,3281.9058
7438,5321.293
7439,3486.6863
7440,6844.9683
7441,5120.68
7442,5076.7583
7443,9109.682
7444,8901.094
7445,5409.883
7446,5541.3423
7447,3382.2583
7448,5129.196
7449,4871.138
7450,6918.4897
7451,4040.4177
7452,2924.705
7453,5005.0146
7454,4698.344
7455,6200.8984
7456,5162.7803
7457,3256.097
7458,6096.2573
7459,6242.8975
7460,6235.1313
7461,3856.0024
7462,3778.6646
7463,6186.2476
7464,3525.2415
7465,7894.3374
7466,4436.097
7467,4229.0693
7468,5479.9546
7469,4982.6836
7470,4028.5183
7471,4964.4614
7472,5321.115
7473,7907.4795
7474,7767.87
7475,5074.4346
7476,3560.291
7477,4940.61
7478,6058.6763
7479,4258.9624
7480,4935.57
7481,5343.189
7482,9342.418
7483,6021.3955
7484,5017.8687
7485,5917.5137
7486,3910.7456
7487,7250.6597
7488,4731.2964
7489,10031.498
7490,5288.463
7491,4758.457
7492,4433.0474
7493,3672.3608
7494,6577.3936
7495,4698.165
7496,3797.8496
7497,3983.898
7498,7099.591
7499,5867.906
7500,5341.12
7501,6573.6304
7502,4944.202
7503,4552.549
7504,4078.965
7505,7334.3696
7506,4521.894
7507,6109.343
7508,6043.744
7509,4230.203
7510,6219.231
7511,4575.6973
7512,2985.4185
7513,6970.7646
7514,6561.9976
7515,3808.1743
7516,6132.287
7517,5494.3843
7518,3817.7148
7519,7458.701
7520,5125.5815
7521,6911.0566
7522,3915.576
7523,4301.3867
7524,5982.6895
7525,2013.5641
7526,6126.972
7527,3821.8943
7528,5326.6504
7529,4184.2236
7530,4559.3066
7531,4798.957
7532,5720.7446
7533,5645.112
7534,6484.41
7535,4588.7925
7536,6392.0034
7537,5554.461
7538,7061.1377
7539,7406.454
7540,5728.302
7541,2127.0715
7542,4917.1494
7543,6113.977
7544,4356.8164
7545,8959.046
7546,4791.8213
7547,6771.027
7548,9355.437
7549,5145.1016
7550,3657.1885
7551,8578.974
7552,7983.3984
7553,4818.952
7554,6905.4424
7555,7385.101
7556,4991.4463
7557,4576.8496
7558,5720.401
7559,4627.5884
7560,4896.7
7561,5990.3525
7562,4026.4243
7563,5304.817
7564,5791.703
7565,5402.9263
7566,6324.8364
7567,4954.877
7568,5795.2344
7569,3525.4836
7570,6138.5664
7571,5689.145
7572,4923.2363
7573,5962.1924
7574,5772.554
7575,7455.188
7576,4763.943
7577,4215.464
7578,4801.9014
7579,5967.5864
7580,6342.114
7581,4038.757
7582,3818.6072
7583,7008.0244
7584,5548.096
7585,4868.904
7586,6412.571
7587,5489.9893
7588,5978.0117
7589,3980.2893
7590,3408.644
7591,5545.6465
7592,5390.6953
7593,5326.925
7594,7678.129
7595,7247.2646
7596,4324.846
7597,6925.514
7598,2866.09
7599,2991.1484
7600,5366.731
7601,9159.987
7602,6405.455
7603,5909.459
7604,3832.416
7605,5796.235
7606,7906.6953
7607,4827.0767
7608,6282.412
7609,5257.0293
7610,4202.4116
7611,4344.8057
7612,4625.514
7613,5125.802
7614,3750.2239
7615,4099.796
7616,3703.2268
7617,6022.5327
7618,5941.6924
7619,4246.76
7620,5148.7935
7621,5498.909
7622,4482.7007
7623,4204.902
7624,7004.6895
7625,6245.0713
7626,4905.826
7627,3533.0789
7628,8842.269
7629,5094.853
7630,4303.9067
7631,6747.514
7632,7275.759
7633,5941.097
7634,5099.3604
7635,6277.5
7636,7239.32
7637,9500.722
7638,3942.7607
7639,4106.066
7640,4223.079
7641,5636.2075
7642,4779.9062
7643,6721.2617
7644,6966.79
7645,5067.015
7646,3661.3354
7647,5127.792
7648,6409.923
7649,4151.167
7650,5677.8423
7651,3323.6777
7652,6078.449
7653,6113.5806
7654,6071.9126
7655,7533.229
7656,5187.7686
7657,2778.6396
7658,5359.0933
7659,5876.128
7660,6861.552
7661,6032.7554
7662,5956.0483
7663,5014.4766
7664,3749.5513
7665,7616.677
7666,3655.964
7667,9217.339
7668,4952.1035
7669,3250.9976
7670,5600.132
7671,5125.044
7672,6010.625
7673,6077.0986
7674,2759.948
7675,3912.0776
7676,5434.6724
7677,6968.5244
7678,8219.585
7679,4378.9365
7680,5103.7837
7681,6091.3223
7682,5215.872
7683,4388.211
7684,8024.7915
7685,6608.446
7686,8966.688
7687,3699.1172
7688,4594.394
7689,7848.8096
7690,6279.4043
7691,4419.869
7692,7876.5723
7693,5684.4263
7694,4174.245
7695,4224.8276
7696,3794.6375
7697,4291.608
7698,4807.4604
7699,4114.994
7700,4488.0493
7701,8039.807
7702,5676.2607
7703,4656.6094
7704,5071.812
7705,4029.4175
7706,6010.573
7707,7652.27
7708,4842.8174
7709,5351.0127
7710,4891.7515
7711,6511.6255
7712,6176.8784
7713,3807.19
7714,4724.874
7715,5442.6616
7716,6685.1826
7717,5413.14
7718,6670.2783
7719,4417.808
7720,3875.7725
7721,4481.8843
7722,7666.8374
7723,8907.889
7724,7975.605
7725,5857.806
7726,4723.7563
7727,4849.252
7728,3659.6
7729,7031.0024
7730,7741.5684
7731,7871.12
7732,4645.6157
7733,4286.3916
7734,4280.7817
7735,4794.583
7736,8466.795
7737,5704.9478
7738,4200.011
7739,4184.651
7740,6117.722
7741,3582.063
7742,6068.3926
7743,3460.6343
7744,5533.0713
7745,5729.4272
7746,4721.5356
7747,5697.6113
7748,5355.516
7749,4206.398
7750,5852.2607
7751,5220.6753
7752,8097.2324
7753,5214.166
7754,6457.1733
7755,5930.442
7756,7541.0073
7757,5508.4634
7758,7806.872
7759,4044.1812
7760,4342.937
7761,5360.7397
7762,5064.2075
7763,7877.9097
7764,6108.282
7765,4455.435
7766,5969.687
7767,6094.2686
7768,7591.314
7769,3503.5205
7770,10762.258
7771,4053.5435
7772,5615.7085
7773,6936.3496
7774,4611.76
7775,4586.819
7776,5063.3384
7777,5948.9966
7778,4210.1436
7779,4430.236
7780,6478.7847
7781,6045.0474
7782,5688.695
7783,3905.4966
7784,6086.8853
7785,8446.114
7786,5555.1763
7787,4243.014
7788,5353.9736
7789,5322.958
7790,5908.2188
7791,6145.022
7792,3589.4104
7793,6055.6255
7794,5300.0327
7795,5828.223
7796,5645.656
7797,4167.537
7798,5073.336
7799,4340.183
7800,6063.5093
7801,7545.4033
7802,4274.681
7803,4341.8022
7804,5465.714
7805,4803.2983
7806,4610.198
7807,6800.3853
7808,5317.944
7809,6254.0425
7810,4688.58
7811,4234.7046
7812,5197.3477
7813,6570.0137
7814,6934.9473
7815,6709.0474
7816,6419.9697
7817,4862.3877
7818,6848.73
7819,4933.4473
7820,5889.7803
7821,7009.3145
7822,5533.024
7823,8375.792
7824,6458.19
7825,6166.9883
7826,4800.248
7827,6121.7207
7828,6085.318
7829,5097.6973
7830,3286.3733
7831,4864.1504
7832,6250.47
7833,5933.537
7834,4256.834
7835,7154.1895
7836,5719.9644
7837,4808.0293
7838,4675.9893
7839,4488.9824
7840,6060.4736
7841,5937.7944
7842,5621.9146
7843,4334.4653
7844,4547.801
7845,5469.6875
7846,3551.058
7847,5809.026
7848,3734.167
7849,7217.96
7850,5975.236
7851,5744.481
7852,6958.1235
7853,4534.9434
7854,4450.9194
7855,9015.5
7856,5464.014
7857,6193.911
7858,6586.2456
7859,4174.1973
7860,5100.849
7861,4806.2915
7862,6074.0215
7863,9791.883
7864,4774.6885
7865,1777.6436
7866,4151.4917
7867,6622.5425
7868,7170.421
7869,4686.0225
7870,5771.734
7871,4116.949
7872,4428.643
7873,3047.034
7874,4403.625
7875,5060.9287
7876,5492.1733
7877,6232.4023
7878,5301.792
7879,6556.748
7880,7118.896
7881,6169.6714
7882,3455.4749
7883,7930.91
7884,9306.986
7885,4982.817
7886,6467.424
7887,4104.797
7888,5451.3433
7889,3063.505
7890,5649.944
7891,4006.9448
7892,7262.4604
7893,5926.026
7894,6845.7124
7895,6719.262
7896,4535.9253
7897,6792.697
7898,6272.2393
7899,8905.866
7900,5020.0566
7901,1418.5074
7902,4885.1953
7903,8105.7324
7904,4846.3525
7905,9830.567
7906,3928.5247
7907,3047.9614
7908,4237.5454
7909,6700.28
7910,4193.982
7911,7688.5645
7912,5288.9473
7913,5838.138
7914,0.0
7915,5983.494
7916,5600.8584
7917,6064.5273
7918,6570.4336
7919,5210.1685
7920,4869.3174
7921,6133.5386
7922,4353.3477
7923,4246.314
7924,6526.8413
7925,4455.0015
7926,5104.329
7927,6224.9463
7928,5379.6157
7929,4453.1914
7930,6154.883
7931,5779.171
7932,6625.0884
7933,5130.2725
7934,5951.6187
7935,4871.278
7936,2575.6519
7937,5184.103
7938,6097.9204
7939,4334.2173
7940,4212.8916
7941,7881.585
7942,5494.5415
7943,6873.9785
7944,5951.0396
7945,4630.9663
7946,4473.039
7947,4008.2866
7948,8164.181
7949,4209.2197
7950,6465.8945
7951,4880.3374
7952,6060.514
7953,5349.9
7954,3948.0261
7955,4124.6104
7956,5788.776
7957,3670.1511
7958,5285.8003
7959,8229.297
7960,4555.2246
7961,12139.446
7962,11058.929
7963,4277.663
7964,5755.763
7965,4632.4507
7966,5452.4927
7967,4675.0884
7968,9454.017
7969,5773.8647
7970,6991.3135
7971,4117.2676
7972,5871.965
7973,4344.23
7974,7084.8306
7975,5434.989
7976,5069.7563
7977,5279.215
7978,4664.954
7979,6776.176
7980,7702.4297
7981,4732.0996
7982,8640.48
7983,5590.866
7984,7571.219
7985,4250.119
7986,4249.337
7987,4257.7314
7988,7487.755
7989,5411.6636
7990,6066.506
7991,5528.8086
7992,7030.184
7993,4094.1487
7994,6634.7637
7995,5422.178
7996,3455.0266
7997,9630.941
7998,5958.321
7999,5397.662
8000,6250.2676
8001,7611.673
8002,8707.741
8003,9014.684
8004,5081.1235
8005,6462.2197
8006,4816.806
8007,6696.7085
8008,3731.7668
8009,4872.063
8010,4398.604
8011,4668.493
8012,6381.288
8013,4524.4824
8014,3798.1213
8015,4897.569
8016,3200.6257
8017,3933.268
8018,4586.6743
8019,5145.4844
8020,7130.4077
8021,7061.124
8022,6172.62
8023,4975.265
8024,5280.1562
8025,9174.345
8026,6440.4795
8027,4401.7856
8028,3936.7964
8029,7118.1084
8030,4037.736
8031,5484.352
8032,2748.9585
8033,4614.325
8034,5973.19
8035,5483.3477
8036,4534.9478
8037,7117.3413
8038,7550.09
8039,9904.89
8040,5052.5117
8041,7985.9272
8042,3100.0422
8043,4464.1943
8044,5054.7344
8045,3405.969
8046,6731.4756
8047,4337.6997
8048,4730.0645
8049,7211.457
8050,10069.353
8051,6518.144
8052,4555.3984
8053,4377.5747
8054,6780.708
8055,6086.6646
8056,5411.72
8057,4373.7183
8058,5776.983
8059,8023.9497
8060,4078.8796
8061,5490.2036
8062,6229.0205
8063,6815.255
8064,10989.857
8065,4834.6616
8066,9730.957
8067,5552.4956
8068,4519.7334
8069,3266.669
8070,5359.303
8071,4867.664
8072,4084.4863
8073,5947.3853
8074,4282.0273
8075,3613.142
8076,5503.338
8077,3280.2373
8078,6872.4834
8079,5487.8633
8080,6173.827
8081,6602.303
8082,3888.8716
8083,7618.5513
8084,5870.996
8085,4555.1943
8086,4856.7554
8087,4701.052
8088,9435.855
8089,5406.36
8090,4425.0244
8091,6128.837
8092,6511.694
8093,5556.337
8094,5250.6147
8095,6946.281
8096,4913.975
8097,4552.6357
8098,4922.058
8099,7153.2207
8100,4963.9453
8101,5163.4746
8102,4425.788
8103,4229.533
8104,3868.8318
8105,4144.1167
8106,6857.011
8107,6854.206
8108,9107.093
8109,8707.326
8110,6567.2505
8111,3999.4067
8112,4498.1895
8113,9199.404
8114,7973.886
8115,5553.242
8116,6901.2944
8117,7214.7524
8118,4854.935
8119,3606.6887
8120,9365.132
8121,5129.4893
8122,5547.9746
8123,5552.861
8124,2858.5588
8125,9044.231
8126,4987.591
8127,4520.8804
8128,4221.649
8129,4866.341
8130,5851.345
8131,6444.867
8132,5436.0103
8133,4130.3823
8134,4324.591
8135,3850.1401
8136,2918.342
8137,5761.8823
8138,6040.0503
8139,4748.0693
8140,4437.6797
8141,5677.284
8142,4213.8115
8143,4397.6265
8144,3921.437
8145,3995.0674
8146,5939.6753
8147,5460.06
8148,3627.9104
8149,7010.906
8150,4260.4414
8151,4366.769
8152,6453.4175
8153,6712.7217
8154,9020.9795
8155,4741.258
8156,5870.1
8157,3798.6287
8158,4808.1577
8159,4963.9595
8160,7362.7915
8161,5088.3843
8162,4054.5178
8163,4490.837
8164,4941.647
8165,4023.3145
8166,7978.4736
8167,4442.4277
8168,4874.0386
8169,5490.8794
8170,4025.7217
8171,5343.352
8172,5718.775
8173,6481.566
8174,5703.2173
8175,3710.1501
8176,5258.057
8177,5326.234
8178,8159.7046
8179,7156.7354
8180,5486.335
8181,3956.5466
8182,6524.6753
8183,5050.228
8184,3965.6226
8185,6053.108
8186,6133.188
8187,5368.0977
8188,4810.9834
8189,5418.285
8190,6090.1606
8191,4698.6445
8192,5757.641
8193,5450.4907
8194,4406.457
8195,7248.094
8196,5076.9907
8197,4156.7856
8198,9569.274
8199,5000.4004
8200,2268.5608
8201,6799.7236
8202,7153.5415
8203,9013.832
8204,4690.79
8205,4841.298
8206,5373.036
8207,6233.282
8208,5153.2847
8209,6027.9927
8210,2212.0342
8211,5033.881
8212,5200.189
8213,4785.9785
8214,4383.0566
8215,5967.472
8216,6836.1797
8217,4484.219
8218,6998.9595
8219,5277.6587
8220,7009.669
8221,4047.261
8222,5436.98
8223,5003.8022
8224,6025.745
8225,6795.211
8226,3676.4338
8227,6164.471
8228,6261.5034
8229,5792.095
8230,4213.719
8231,3514.8755
8232,5916.407
8233,5542.1826
8234,6637.9604
8235,5810.8877
8236,4939.8228
8237,6402.9077
8238,5838.0547
8239,4864.888
8240,6361.5435
8241,4497.439
8242,6764.6616
8243,8768.841
8244,6865.801
8245,4230.4897
8246,4618.46
8247,2860.9187
8248,3127.1938
8249,6723.333
8250,4528.861
8251,7556.451
8252,3791.6235
8253,5668.3833
8254,5325.736
8255,8837.809
8256,4445.6665
8257,4701.8276
8258,4431.166
8259,6972.9326
8260,4359.0654
8261,5698.0464
8262,6171.743
8263,7993.662
8264,5619.4106
8265,5864.7275
8266,4835.8516
8267,4257.005
8268,4579.9897
8269,9208.78
8270,7643.283
8271,5081.109
8272,5724.2817
8273,5166.9873
8274,4657.3555
8275,5278.001
8276,7079.528
8277,7293.5596
8278,5615.462
8279,6539.148
8280,6404.8013
8281,6267.67
8282,4770.6553
8283,4510.504
8284,4624.283
8285,3982.857
8286,3762.992
8287,4300.353
8288,6964.624
8289,5631.7524
8290,5482.3228
8291,4456.319
8292,5759.6406
8293,3657.1396
8294,5137.8633
8295,3515.6064
8296,7035.685
8297,5429.3926
8298,5198.721
8299,9431.752
8300,8521.399
8301,5423.2905
8302,5643.6636
8303,3267.149
8304,5056.0845
8305,4863.988
8306,7141.849
8307,4055.152
8308,3120.9622
8309,5096.4087
8310,4610.9595
8311,6528.485
8312,5023.29
8313,3904.6697
8314,6014.3296
8315,6535.538
8316,6113.0674
8317,3842.292
8318,3617.9568
8319,6381.051
8320,3710.7944
8321,8044.6704
8322,4289.848
8323,4243.0503
8324,5301.721
8325,4954.6123
8326,4225.021
8327,4896.999
8328,5099.579
8329,8067.5225
8330,7952.9683
8331,4878.122
8332,3650.3083
8333,5119.513
8334,6789.4126
8335,4479.9565
8336,4946.547
8337,5396.91
8338,9699.619
8339,5904.743
8340,5073.205
8341,5857.387
8342,4317.9004
8343,7371.315
8344,4810.69
8345,10465.677
8346,5132.8667
8347,4670.6313
8348,4379.2285
8349,3786.639
8350,6618.463
8351,5302.323
8352,3553.6438
8353,3895.7925
8354,7734.9404
8355,5894.951
8356,5302.0854
8357,6450.2173
8358,4917.4683
8359,4411.883
8360,4289.169
8361,7921.664
8362,4826.7773
8363,6135.7915
8364,5927.8574
8365,4763.8296
8366,6318.6377
8367,4732.9844
8368,2923.5894
8369,7274.2114
8370,6924.2065
8371,3837.9695
8372,5987.6333
8373,5330.325
8374,3722.59
8375,7439.447
8376,4908.2227
8377,6863.9937
8378,3849.1558
8379,4190.207
8380,5616.528
8381,2259.9973
8382,6311.3013
8383,3719.644
8384,5387.4517
8385,4362.622
8386,4712.4106
8387,4752.2744
8388,5788.1577
8389,5606.16
8390,6406.665
8391,4490.4688
8392,6432.351
8393,5329.883
8394,7021.044
8395,7508.001
8396,5752.794
8397,1720.0737
8398,5095.7573
8399,6266.5225
8400,4362.564
8401,9237.898
8402,4965.802
8403,7034.0073
8404,9683.887
8405,5351.722
8406,3731.8735
8407,9363.667
8408,8114.2876
8409,4709.7144
8410,7247.984
8411,8091.828
8412,5045.548
8413,4688.361
8414,5840.2046
8415,4725.821
8416,5077.5234
8417,5812.0405
8418,4106.14
8419,5445.2524
8420,5716.174
8421,5581.1157
8422,6192.0977
8423,5013.3335
8424,5901.5166
8425,3605.4883
8426,6186.696
8427,5640.989
8428,4949.6807
8429,6005.8394
8430,5810.9653
8431,7916.8223
8432,4614.3604
8433,4595.389
8434,4721.072
8435,5612.988
8436,6498.8003
8437,4006.15
8438,3911.8762
8439,6582.615
8440,5514.883
8441,5179.709
8442,6483.7485
8443,5499.2812
8444,5582.0264
8445,3846.0764
8446,3387.05
8447,5426.9487
8448,5333.936
8449,5649.5234
8450,7733.5093
8451,7093.323
8452,4350.587
8453,7086.851
8454,2968.8179
8455,3297.0466
8456,5374.984
8457,9298.255
8458,6364.3774
8459,5933.8145
8460,4023.5256
8461,5938.3213
8462,8218.284
8463,4781.8354
8464,6502.924
8465,5116.032
8466,4234.7817
8467,4454.1685
8468,4479.2603
8469,5080.2705
8470,3697.953
8471,4040.2751
8472,4167.3027
8473,6062.237
8474,6409.14
8475,4411.5166
8476,5404.4883
8477,5337.733
8478,4417.6606
8479,4547.553
8480,6675.733
8481,6301.166
8482,5103.8906
8483,3616.6042
8484,9711.394
8485,4919.6733
8486,4390.325
8487,7165.102
8488,7175.087
8489,6015.19
8490,5080.0234
8491,6340.015
8492,7797.5776
8493,10304.262
8494,4124.992
8495,4151.7607
8496,4080.2026
8497,5580.184
8498,4852.3193
8499,6467.3066
8500,7215.606
8501,5103.92
8502,3616.6904
8503,5256.563
8504,6511.924
8505,4144.1206
8506,5601.505
8507,3448.464
8508,5849.8496
8509,6181.187
8510,6065.9443
8511,7731.061
8512,5269.4043
8513,2939.4436
8514,5153.6875
8515,6033.8604
8516,6931.971
8517,5920.37
8518,6165.9355
8519,4946.8394
8520,3848.3262
8521,7897.327
8522,3814.9373
8523,9682.704
8524,5161.047
8525,3595.7231
8526,5636.7397
8527,5313.497
8528,5875.074
8529,6198.3555
8530,2871.5967
8531,4022.8157
8532,5641.527
8533,7196.5947
8534,8204.523
8535,4360.962
8536,5227.8164
8537,6238.1475
8538,5162.278
8539,4502.126
8540,8333.463
8541,6689.928
8542,9326.731
8543,4118.4653
8544,4627.562
8545,7692.2983
8546,6345.8413
8547,4666.316
8548,8167.086
8549,5836.34
8550,4280.3364
8551,4195.414
8552,3816.2366
8553,4450.7197
8554,4955.1035
8555,4240.922
8556,4557.672
8557,8339.697
8558,5556.464
8559,5273.492
8560,4854.843
8561,4576.103
8562,6861.8267
8563,8687.599
8564,5852.177
8565,6690.949
8566,5701.3247
8567,7421.1553
8568,7445.964
8569,4898.2183
8570,5558.934
8571,6473.787
8572,7851.5576
8573,6525.9946
8574,7843.2417
8575,5704.1094
8576,4699.913
8577,5768.8555
8578,9372.603
8579,10007.932
8580,9705.792
8581,7673.7144
8582,5220.6606
8583,5725.0845
8584,4367.023
8585,8106.4746
8586,10059.397
8587,9431.626
8588,5988.4556
8589,5330.483
8590,4632.84
8591,5640.386
8592,10251.298
8593,6807.5366
8594,5281.9297
8595,5489.4707
8596,6886.9263
8597,4218.091
8598,7333.3135
8599,4301.26
8600,6677.4272
8601,7043.9575
8602,5560.0425
8603,6698.12
8604,6752.639
8605,4933.1226
8606,6703.6294
8607,6442.3164
8608,9782.6045
8609,5911.5225
8610,8010.705
8611,6684.5195
8612,8547.464
8613,6766.7915
8614,9256.102
8615,5023.1846
8616,5001.8887
8617,6485.5483
8618,5866.5796
8619,9449.464
8620,7735.014
8621,5600.981
8622,7281.076
8623,6818.1416
8624,8974.714
8625,3991.898
8626,12640.645
8627,4864.823
8628,6444.2954
8629,8220.056
8630,5457.8677
8631,5878.1963
8632,5867.525
8633,7461.2344
8634,5097.814
8635,5084.5464
8636,7764.922
8637,7020.99
8638,7196.8555
8639,5017.5767
8640,7012.0093
8641,11199.282
8642,6440.842
8643,4903.917
8644,6439.7056
8645,6147.5137
8646,7035.772
8647,6757.787
8648,4210.754
8649,8102.733
8650,6292.403
8651,7113.1064
8652,6502.824
8653,4601.539
8654,6277.8296
8655,5227.0933
8656,7416.223
8657,8927.664
8658,4984.966
8659,5219.2812
8660,6291.6167
8661,5760.987
8662,5716.817
8663,8061.661
8664,6511.5073
8665,7288.1914
8666,5534.929
8667,4945.3623
8668,6567.5073
8669,7213.72
8670,8160.6465
8671,7949.722
8672,8158.8564
8673,5638.256
8674,8220.855
8675,5859.0635
8676,7251.4966
8677,8749.533
8678,6712.2607
8679,9629.766
8680,6981.5444
8681,8210.355
8682,5739.3164
8683,6941.6772
8684,7295.3687
8685,6486.8784
8686,4156.1514
8687,5770.8696
8688,7805.9116
8689,7013.3203
8690,4973.4336
8691,9051.359
8692,6653.313
8693,5613.2876
8694,5489.0835
8695,5785.8945
8696,7251.2197
8697,6979.853
8698,6801.9224
8699,5392.6904
8700,5350.895
8701,6828.3467
8702,4074.5046
8703,6433.4863
8704,4872.6113
8705,8276.738
8706,7186.854
8707,6497.232
8708,8970.315
8709,5595.2407
8710,4969.612
8711,10574.754
8712,6569.249
8713,7911.629
8714,7222.56
8715,4885.6426
8716,6199.402
8717,6235.5654
8718,7158.8174
8719,11848.593
8720,5601.542
8721,2428.8752
8722,4841.6484
8723,8045.5913
8724,8766.072
8725,5859.907
8726,7177.3457
8727,4714.434
8728,5426.8765
8729,3449.53
8730,5144.493
8731,6000.48
8732,6724.6797
8733,7260.251
8734,6188.13
8735,7580.1064
8736,8267.752
8737,7281.076
8738,4792.0312
8739,9115.922
8740,11938.364
8741,6056.538
8742,7595.2827
8743,5204.1587
8744,6517.709
8745,4503.513
8746,6965.368
8747,5373.4614
8748,8499.516
8749,6880.9644
8750,8473.775
8751,7916.4976
8752,5320.4453
8753,8524.838
8754,6608.219
8755,10717.311
8756,6485.1836
8757,1966.2494
8758,5924.641
8759,9529.3
8760,5385.0625
8761,10180.035
8762,4469.043
8763,3715.4734
8764,5390.0063
8765,7938.819
8766,5045.6924
8767,9930.458
8768,6555.6665
8769,7405.4087
8770,0.0
8771,7424.4756
8772,6378.112
8773,7278.8823
8774,9383.846
8775,6079.7134
8776,5709.373
8777,7026.839
8778,5553.56
8779,5037.5024
8780,7900.7397
8781,5349.4307
8782,6349.2617
8783,7566.4688
8784,5869.462
8785,5304.1646
8786,7169.2446
8787,7358.7407
8788,8211.482
8789,6191.5073
8790,6591.443
8791,5582.91
8792,3947.3406
8793,5960.0146
8794,7060.8545
8795,5357.785
8796,4844.4575
8797,9173.8545
8798,6951.7886
8799,8156.608
8800,6765.3975
8801,5709.188
8802,5447.793
8803,4698.694
8804,10323.443
8805,5099.224
8806,7347.638
8807,7247.721
8808,7011.568
8809,6112.8516
8810,4806.2134
8811,4767.0386
8812,6829.9683
8813,4232.6006
8814,6251.5195
8815,9252.694
8816,5465.1035
8817,12507.576
8818,12359.111
8819,5020.3296
8820,6901.0903
8821,5127.489
8822,6695.4185
8823,5594.718
8824,11351.395
8825,6925.29
8826,8335.832
8827,4865.2085
8828,6596.3486
8829,4704.9414
8830,8437.854
8831,6665.337
8832,6188.384
8833,6301.3823
8834,5301.1143
8835,8281.745
8836,9005.136
8837,5456.608
8838,10908.977
8839,6658.9316
8840,9398.23
8841,4625.6816
8842,5129.3916
8843,5591.773
8844,10089.002
8845,6488.246
8846,7346.7344
8847,6940.254
8848,8732.768
8849,4577.4478
8850,7114.857
8851,6310.4346
8852,4187.8813
8853,10586.086
8854,6429.9404
8855,7277.2646
8856,8049.5674
8857,9344.8955
8858,10457.086
8859,10190.488
8860,6062.399
8861,7852.546
8862,5981.8447
8863,7728.51
8864,4322.3306
8865,5901.9443
8866,5412.175
8867,5460.383
8868,7427.3516
8869,5099.978
8870,4777.6133
8871,5980.7437
8872,4003.4146
8873,4510.775
8874,5351.3394
8875,6471.2744
8876,8988.3
8877,8335.848
8878,7351.3184
8879,6167.959
8880,6130.4097
8881,10682.124
8882,7621.7344
8883,5316.3564
8884,5141.162
8885,8351.828
8886,4591.231
8887,6763.1133
8888,3686.5166
8889,5263.7227
8890,7857.3184
8891,6339.9
8892,5239.623
8893,8263.487
8894,9205.215
8895,11163.141
8896,5674.1333
8897,9189.145
8898,3583.7686
8899,5141.339
8900,5900.819
8901,4141.0264
8902,7519.5317
8903,5220.342
8904,5539.7466
8905,8719.726
8906,11792.269
8907,8270.8125
8908,5370.0645
8909,5296.5303
8910,7380.7773
8911,7059.205
8912,6349.9463
8913,4943.306
8914,7013.213
8915,9329.632
8916,4751.087
8917,6623.7554
8918,7487.855
8919,8097.078
8920,11682.74
8921,6022.102
8922,10084.701
8923,6707.454
8924,5250.0186
8925,3736.8574
8926,6315.8296
8927,5998.397
8928,5212.6987
8929,6908.809
8930,4973.1206
8931,4556.637
8932,6595.921
8933,3901.65
8934,8040.413
8935,6699.002
8936,7395.992
8937,8111.007
8938,5069.35
8939,8601.883
8940,6878.4053
8941,5261.253
8942,5305.7837
8943,5536.9463
8944,10920.115
8945,6596.525
8946,5032.469
8947,7621.9165
8948,8183.679
8949,6902.4663
8950,6260.238
8951,8247.464
8952,5721.176
8953,5215.9517
8954,6248.7896
8955,8045.806
8956,6078.925
8957,6208.379
8958,5720.188
8959,5152.7783
8960,4109.079
8961,4815.708
8962,8078.5796
8963,7660.9893
8964,10320.293
8965,10416.096
8966,7667.254
8967,4717.9746
8968,5071.657
8969,10318.837
8970,10124.253
8971,7294.9233
8972,8195.411
8973,8021.134
8974,5892.343
8975,4343.0864
8976,11006.83
8977,6490.2764
8978,6813.656
8979,6242.9746
8980,3344.4849
8981,11023.156
8982,5965.247
8983,5309.687
8984,4751.9707
8985,5985.4917
8986,6596.619
8987,8553.499
8988,6422.1377
8989,4779.432
8990,5087.501
8991,4835.944
8992,3347.2874
8993,6872.2085
8994,6079.226
8995,5587.534
8996,5447.8657
8997,6839.0947
8998,4966.5786
8999,5485.0635
9000,4575.7363
9001,4806.273
9002,7370.2324
9003,6728.998
9004,4459.168
9005,9061.544
9006,6081.2676
9007,5122.3022
9008,7699.286
9009,8093.4336
9010,10174.881
9011,5647.8643
9012,7077.671
9013,4451.497
9014,5905.6216
9015,6824.837
9016,9006.923
9017,6019.7017
9018,5161.4653
9019,4991.4365
9020,5699.291
9021,4533.6157
9022,8997.847
9023,5064.4106
9024,5899.181
9025,6590.739
9026,4691.161
9027,6266.1875
9028,6639.36
9029,7896.1895
9030,6877.1787
9031,4560.3115
9032,5979.323
9033,6610.0474
9034,9452.123
9035,8055.8423
9036,6701.098
9037,4835.999
9038,7572.6274
9039,5761.2285
9040,4564.6895
9041,6959.949
9042,7478.341
9043,6407.71
9044,5931.46
9045,6497.8765
9046,7627.5527
9047,5454.261
9048,6614.6514
9049,6725.539
9050,6310.7114
9051,9081.772
9052,5763.108
9053,4822.709
9054,11390.122
9055,6114.1406
9056,2890.9258
9057,7543.0503
9058,8399.264
9059,10431.923
9060,5041.295
9061,5899.209
9062,6274.764
9063,7467.051
9064,5906.2246
9065,8010.2314
9066,3208.2253
9067,6228.3374
9068,6309.971
9069,5729.3726
9070,5214.479
9071,6978.8745
9072,8644.058
9073,4980.693
9074,8218.002
9075,6761.6235
9076,9035.627
9077,4339.951
9078,6506.975
9079,5908.8613
9080,7152.989
9081,8284.992
9082,4316.282
9083,6639.132
9084,7858.6
9085,7032.518
9086,4828.2603
9087,3890.2964
9088,7707.927
9089,6732.4517
9090,7894.503
9091,6982.8228
9092,5727.149
9093,7811.915
9094,7023.777
9095,6910.417
9096,7512.972
9097,5870.3633
9098,7701.636
9099,10347.17
9100,7693.3916
9101,4828.518
9102,5656.652
9103,4059.2122
9104,3616.58
9105,8328.774
9106,5629.1157
9107,8534.186
9108,4917.731
9109,6601.7993
9110,6427.555
9111,10339.2295
9112,5125.489
9113,5519.8877
9114,5831.9214
9115,7986.3613
9116,5183.841
9117,6930.4043
9118,6878.274
9119,9517.546
9120,6836.2056
9121,6661.8604
9122,5669.9243
9123,4790.0435
9124,5145.872
9125,11099.474
9126,9177.793
9127,5980.972
9128,5609.402
9129,6206.472
9130,5300.4624
9131,6430.131
9132,8059.0933
9133,9558.501
9134,6699.1104
9135,7632.028
9136,8078.934
9137,7315.297
9138,6003.543
9139,5766.1816
9140,5840.8286
9141,4844.439
9142,4693.4976
9143,5750.819
9144,8334.632
9145,6771.059
9146,6436.359
9147,5315.175
9148,7135.1836
9149,4151.2896
9150,6125.529
9151,4034.4983
9152,8365.285
9153,6232.2534
9154,6481.8813
9155,11214.845
9156,9066.809
9157,6772.17
9158,6803.733
9159,3690.8022
9160,5948.3438
9161,5802.1978
9162,8598.167
9163,4914.472
9164,4386.725
9165,5971.4067
9166,5377.0913
9167,7744.759
9168,6623.6035
9169,4172.1035
9170,7295.355
9171,7871.7207
9172,7507.6787
9173,5276.808
9174,4468.5996
9175,7683.4404
9176,4559.072
9177,9685.733
9178,5287.2427
9179,4949.2227
9180,6467.8003
9181,6093.577
9182,4855.2964
9183,6138.408
9184,6782.5386
9185,9418.628
9186,9710.829
9187,5840.1543
9188,4208.124
9189,6034.718
9190,9037.833
9191,5158.404
9192,6501.9746
9193,6172.9854
9194,11112.65
9195,7576.16
9196,5896.627
9197,6830.535
9198,4769.131
9199,8774.646
9200,5825.0054
9201,11512.202
9202,6198.0186
9203,5628.026
9204,5590.6743
9205,4162.841
9206,7675.866
9207,5974.586
9208,4344.6772
9209,4405.747
9210,9339.291
9211,6799.8145
9212,6464.7905
9213,7656.387
9214,6389.09
9215,5421.568
9216,4806.0757
9217,9338.284
9218,5666.2803
9219,6996.3965
9220,7066.2646
9221,5294.5703
9222,7287.065
9223,5336.969
9224,3468.0833
9225,8260.563
9226,7549.0386
9227,4173.624
9228,7185.243
9229,6675.784
9230,4464.7646
9231,9114.931
9232,5980.025
9233,8109.5986
9234,4733.3906
9235,5181.72
9236,6282.1
9237,3252.508
9238,7619.772
9239,4533.81
9240,6282.382
9241,5052.2515
9242,5789.6924
9243,5341.7925
9244,6646.2407
9245,6842.2983
9246,7461.8467
9247,5788.776
9248,7780.1343
9249,6098.8804
9250,8538.207
9251,9369.322
9252,6651.428
9253,2018.9333
9254,5936.73
9255,7685.0747
9256,5104.071
9257,10670.78
9258,5858.0464
9259,8414.258
9260,11313.414
9261,5789.5654
9262,4426.5273
9263,10903.848
9264,9909.529
9265,5422.8867
9266,8362.365
9267,8998.336
9268,6144.0435
9269,5243.1426
9270,6822.2793
9271,5611.189
9272,5816.888
9273,6941.9224
9274,4980.7974
9275,6148.9795
9276,6935.496
9277,6868.6694
9278,8216.207
9279,5906.9116
9280,7043.897
9281,4093.395
9282,7105.3086
9283,6812.9023
9284,5933.7803
9285,6812.6553
9286,6939.963
9287,9382.217
9288,5948.3267
9289,5199.1475
9290,5864.3413
9291,6724.577
9292,7366.4937
9293,4689.05
9294,4507.3384
9295,7508.6025
9296,6222.0317
9297,6178.0156
9298,7463.5547
9299,6258.2437
9300,7051.863
9301,4837.5264
9302,4064.9973
9303,6645.271
9304,6327.3286
9305,6652.2153
9306,9843.402
9307,8364.543
9308,4901.0273
9309,8401.859
9310,3941.7454
9311,3554.2642
9312,6520.625
9313,10730.935
9314,7266.701
9315,7293.9077
9316,5380.262
9317,7273.344
9318,10287.47
9319,5933.7065
9320,7740.099
9321,6074.624
9322,5003.6685
9323,5503.4795
9324,5546.1543
9325,6075.719
9326,4873.392
9327,5314.8
9328,4778.0234
9329,6985.847
9330,7724.737
9331,5227.7466
9332,6263.672
9333,6601.0186
9334,5457.7114
9335,5278.671
9336,8233.96
9337,7525.8315
9338,6099.741
9339,4442.0083
9340,11207.189
9341,5826.4834
9342,5718.148
9343,10014.176
9344,8516.914
9345,7708.0737
9346,5983.2144
9347,7177.407
9348,8995.007
9349,12695.775
9350,5132.994
9351,5324.598
9352,4878.704
9353,6842.99
9354,5818.231
9355,7376.3647
9356,9042.86
9357,5810.688
9358,4354.0576
9359,6380.576
9360,7352.693
9361,4988.376
9362,6949.8525
9363,3981.6108
9364,7265.738
9365,7339.205
9366,7368.201
9367,9102.386
9368,6461.5356
9369,4374.123
9370,6096.7573
9371,6947.818
9372,7991.543
9373,7318.479
9374,7660.8286
9375,6016.1367
9376,4754.015
9377,9106.181
9378,4244.3296
9379,10822.64
9380,5911.1616
9381,4886.4536
9382,6846.5093
9383,6064.0527
9384,6946.8237
9385,7071.0986
9386,3801.6338
9387,4690.481
9388,7087.737
9389,8660.001
9390,9884.194
9391,4987.848
9392,5978.3257
9393,7958.72
9394,6214.2144
9395,5388.341
9396,9836.082
9397,8369.443
9398,10369.765
9399,4655.0596
9400,5897.7856
9401,8221.969
9402,7667.115
9403,5802.652
9404,10295.989
9405,6991.2134
9406,5049.496
9407,5208.5786
9408,4794.2217
9409,5183.238
9410,6471.213
9411,5249.2876
9412,5860.6396
9413,11143.8545
9414,6307.1187
9415,5537.3584
9416,6027.8315
9417,0.0
9418,0.0
9419,0.0
9420,0.0
9421,0.0
9422,0.0
9423,0.0
9424,0.0
9425,0.0
9426,0.0
9427,0.0
9428,0.0
9429,0.0
9430,0.0
9431,0.0
9432,0.0
9433,0.0
9434,0.0
9435,0.0
9436,0.0
9437,0.0
9438,0.0
9439,0.0
9440,0.0
9441,0.0
9442,0.0
9443,0.0
9444,0.0
9445,0.0
9446,0.0
9447,0.0
9448,0.0
9449,0.0
9450,0.0
9451,0.0
9452,0.0
9453,0.0
9454,0.0
9455,0.0
9456,0.0
9457,0.0
9458,0.0
9459,0.0
9460,0.0
9461,0.0
9462,0.0
9463,0.0
9464,0.0
9465,0.0
9466,0.0
9467,0.0
9468,0.0
9469,0.0
9470,0.0
9471,0.0
9472,0.0
9473,0.0
9474,0.0
9475,0.0
9476,0.0
9477,0.0
9478,0.0
9479,0.0
9480,0.0
9481,0.0
9482,0.0
9483,0.0
9484,0.0
9485,0.0
9486,0.0
9487,0.0
9488,0.0
9489,0.0
9490,0.0
9491,0.0
9492,0.0
9493,0.0
9494,0.0
9495,0.0
9496,0.0
9497,0.0
9498,0.0
9499,0.0
9500,0.0
9501,0.0
9502,0.0
9503,0.0
9504,0.0
9505,0.0
9506,0.0
9507,0.0
9508,3474.862
9509,0.0
9510,0.0
9511,0.0
9512,0.0
9513,0.0
9514,0.0
9515,0.0
9516,0.0
9517,0.0
9518,0.0
9519,0.0
9520,0.0
9521,0.0
9522,0.0
9523,0.0
9524,0.0
9525,0.0
9526,0.0
9527,0.0
9528,0.0
9529,0.0
9530,0.0
9531,0.0
9532,0.0
9533,0.0
9534,0.0
9535,0.0
9536,0.0
9537,0.0
9538,0.0
9539,0.0
9540,0.0
9541,0.0
9542,0.0
9543,0.0
9544,0.0
9545,0.0
9546,0.0
9547,0.0
9548,0.0
9549,0.0
9550,0.0
9551,0.0
9552,0.0
9553,0.0
9554,0.0
9555,0.0
9556,0.0
9557,0.0
9558,0.0
9559,0.0
9560,0.0
9561,0.0
9562,0.0
9563,0.0
9564,0.0
9565,0.0
9566,0.0
9567,0.0
9568,0.0
9569,0.0
9570,0.0
9571,0.0
9572,0.0
9573,0.0
9574,0.0
9575,0.0
9576,2859.8682
9577,0.0
9578,0.0
9579,0.0
9580,0.0
9581,0.0
9582,0.0
9583,0.0
9584,0.0
9585,0.0
9586,0.0
9587,0.0
9588,0.0
9589,0.0
9590,0.0
9591,0.0
9592,0.0
9593,0.0
9594,0.0
9595,0.0
9596,0.0
9597,0.0
9598,0.0
9599,0.0
9600,0.0
9601,0.0
9602,0.0
9603,0.0
9604,0.0
9605,0.0
9606,0.0
9607,0.0
9608,0.0
9609,0.0
9610,0.0
9611,0.0
9612,0.0
9613,0.0
9614,0.0
9615,0.0
9616,0.0
9617,13256.354
9618,4408.412
9619,0.0
9620,0.0
9621,0.0
9622,0.0
9623,0.0
9624,0.0
9625,0.0
9626,5412.949
9627,0.0
9628,0.0
9629,0.0
9630,0.0
9631,0.0
9632,0.0
9633,0.0
9634,0.0
9635,0.0
9636,0.0
9637,0.0
9638,0.0
9639,0.0
9640,0.0
9641,0.0
9642,0.0
9643,0.0
9644,0.0
9645,3707.4119
9646,0.0
9647,0.0
9648,0.0
9649,0.0
9650,0.0
9651,0.0
9652,0.0
9653,0.0
9654,0.0
9655,3299.3435
9656,0.0
9657,0.0
9658,0.0
9659,0.0
9660,0.0
9661,0.0
9662,0.0
9663,0.0
9664,0.0
9665,0.0
9666,0.0
9667,0.0
9668,0.0
9669,0.0
9670,0.0
9671,0.0
9672,0.0
9673,8741.409
9674,0.0
9675,0.0
9676,0.0
9677,0.0
9678,0.0
9679,0.0
9680,0.0
9681,0.0
9682,0.0
9683,0.0
9684,0.0
9685,0.0
9686,0.0
9687,0.0
9688,0.0
9689,0.0
9690,6483.668
9691,0.0
9692,0.0
9693,0.0
9694,0.0
9695,0.0
9696,0.0
9697,0.0
9698,0.0
9699,0.0
9700,0.0
9701,0.0
9702,0.0
9703,0.0
9704,0.0
9705,0.0
9706,0.0
9707,0.0
9708,0.0
9709,0.0
9710,0.0
9711,0.0
9712,0.0
9713,0.0
9714,0.0
9715,0.0
9716,0.0
9717,0.0
9718,0.0
9719,0.0
9720,0.0
9721,0.0
9722,0.0
9723,0.0
9724,0.0
9725,0.0
9726,0.0
9727,0.0
9728,0.0
9729,0.0
9730,0.0
9731,0.0
9732,0.0
9733,0.0
9734,0.0
9735,0.0
9736,0.0
9737,0.0
9738,0.0
9739,0.0
9740,0.0
9741,0.0
9742,0.0
9743,0.0
9744,0.0
9745,0.0
9746,0.0
9747,0.0
9748,0.0
9749,0.0
9750,0.0
9751,0.0
9752,2488.1355
9753,0.0
9754,0.0
9755,0.0
9756,0.0
9757,0.0
9758,0.0
9759,0.0
9760,0.0
9761,0.0
9762,0.0
9763,0.0
9764,0.0
9765,0.0
9766,4443.9365
9767,0.0
9768,0.0
9769,0.0
9770,0.0
9771,0.0
9772,0.0
9773,0.0
9774,0.0
9775,0.0
9776,0.0
9777,0.0
9778,0.0
9779,0.0
9780,0.0
9781,0.0
9782,0.0
9783,0.0
9784,0.0
9785,0.0
9786,0.0
9787,0.0
9788,0.0
9789,0.0
9790,0.0
9791,0.0
9792,0.0
9793,0.0
9794,0.0
9795,0.0
9796,0.0
9797,0.0
9798,0.0
9799,0.0
9800,0.0
9801,0.0
9802,0.0
9803,0.0
9804,0.0
9805,0.0
9806,0.0
9807,0.0
9808,0.0
9809,5879.873
9810,0.0
9811,0.0
9812,0.0
9813,0.0
9814,0.0
9815,0.0
9816,0.0
9817,0.0
9818,0.0
9819,2864.502
9820,0.0
9821,0.0
9822,0.0
9823,3902.8113
9824,0.0
9825,0.0
9826,0.0
9827,0.0
9828,0.0
9829,0.0
9830,0.0
9831,0.0
9832,0.0
9833,0.0
9834,0.0
9835,0.0
9836,0.0
9837,0.0
9838,0.0
9839,0.0
9840,0.0
9841,0.0
9842,0.0
9843,0.0
9844,0.0
9845,0.0
9846,0.0
9847,0.0
9848,0.0
9849,0.0
9850,5587.534
9851,0.0
9852,0.0
9853,0.0
9854,0.0
9855,0.0
9856,0.0
9857,0.0
9858,0.0
9859,0.0
9860,0.0
9861,0.0
9862,0.0
9863,0.0
9864,4783.359
9865,0.0
9866,0.0
9867,0.0
9868,0.0
9869,0.0
9870,0.0
9871,0.0
9872,0.0
9873,0.0
9874,0.0
9875,0.0
9876,0.0
9877,0.0
9878,0.0
9879,0.0
9880,0.0
9881,0.0
9882,0.0
9883,0.0
9884,0.0
9885,0.0
9886,0.0
9887,0.0
9888,0.0
9889,0.0
9890,0.0
9891,0.0
9892,0.0
9893,0.0
9894,0.0
9895,0.0
9896,0.0
9897,0.0
9898,0.0
9899,0.0
9900,0.0
9901,0.0
9902,0.0
9903,0.0
9904,0.0
9905,0.0
9906,0.0
9907,0.0
9908,0.0
9909,0.0
9910,0.0
9911,0.0
9912,0.0
9913,0.0
9914,0.0
9915,0.0
9916,0.0
9917,0.0
9918,0.0
9919,0.0
9920,0.0
9921,0.0
9922,0.0
9923,0.0
9924,0.0
9925,0.0
9926,0.0
9927,0.0
9928,0.0
9929,0.0
9930,0.0
9931,0.0
9932,0.0
9933,0.0
9934,0.0
9935,0.0
9936,0.0
9937,0.0
9938,0.0
9939,9233.449
9940,0.0
9941,0.0
9942,0.0
9943,0.0
9944,0.0
9945,0.0
9946,0.0
9947,0.0
9948,0.0
9949,0.0
9950,0.0
9951,0.0
9952,0.0
9953,0.0
9954,0.0
9955,0.0
9956,0.0
9957,0.0
9958,0.0
9959,0.0
9960,0.0
9961,0.0
9962,0.0
9963,0.0
9964,0.0
9965,0.0
9966,0.0
9967,0.0
9968,0.0
9969,0.0
9970,0.0
9971,0.0
9972,0.0
9973,0.0
9974,0.0
9975,0.0
9976,0.0
9977,0.0
9978,0.0
9979,0.0
9980,0.0
9981,0.0
9982,0.0
9983,3330.9688
9984,6100.6665
9985,0.0
9986,0.0
9987,0.0
9988,0.0
9989,0.0
9990,0.0
9991,0.0
9992,0.0
9993,0.0
9994,0.0
9995,0.0
9996,0.0
9997,0.0
9998,0.0
9999,0.0
10000,0.0
10001,0.0
10002,0.0
10003,0.0
10004,0.0
10005,0.0
10006,0.0
10007,0.0
10008,0.0
10009,0.0
10010,0.0
10011,0.0
10012,10043.656
10013,0.0
10014,0.0
10015,0.0
10016,0.0
10017,0.0
10018,0.0
10019,0.0
10020,0.0
10021,0.0
10022,0.0
10023,0.0
10024,0.0
10025,0.0
10026,0.0
10027,0.0
10028,0.0
10029,0.0
10030,0.0
10031,0.0
10032,0.0
10033,0.0
10034,0.0
10035,0.0
10036,0.0
10037,0.0
10038,0.0
10039,0.0
10040,0.0
10041,0.0
10042,0.0
10043,0.0
10044,0.0
10045,0.0
10046,0.0
10047,0.0
10048,0.0
10049,0.0
10050,0.0
10051,0.0
10052,0.0
10053,0.0
10054,0.0
10055,0.0
10056,0.0
10057,0.0
10058,0.0
10059,0.0
10060,0.0
10061,0.0
10062,0.0
10063,0.0
10064,0.0
10065,0.0
10066,0.0
10067,0.0
10068,0.0
10069,0.0
10070,0.0
10071,0.0
10072,0.0
10073,0.0
10074,0.0
10075,0.0
10076,0.0
10077,0.0
10078,0.0
10079,0.0
10080,0.0
10081,0.0
10082,3033.9263
10083,0.0
10084,0.0
10085,0.0
10086,2500.2212
10087,0.0
10088,0.0
10089,0.0
10090,0.0
10091,0.0
10092,0.0
10093,0.0
10094,0.0
10095,0.0
10096,0.0
10097,0.0
10098,0.0
10099,0.0
10100,0.0
10101,0.0
10102,0.0
10103,0.0
10104,0.0
10105,0.0
10106,0.0
10107,0.0
10108,0.0
10109,0.0
10110,0.0
10111,0.0
10112,0.0
10113,0.0
10114,0.0
10115,0.0
10116,0.0
10117,0.0
10118,0.0
10119,0.0
10120,0.0
10121,0.0
10122,0.0
10123,0.0
10124,0.0
10125,0.0
10126,0.0
10127,0.0
10128,0.0
10129,0.0
10130,0.0
10131,0.0
10132,0.0
10133,0.0
10134,0.0
10135,0.0
10136,0.0
10137,1560.2646
10138,0.0
10139,0.0
10140,0.0
10141,0.0
10142,0.0
10143,0.0
10144,0.0
10145,0.0
10146,0.0
10147,0.0
10148,0.0
10149,0.0
10150,0.0
10151,0.0
10152,8182.821
10153,0.0
10154,0.0
10155,0.0
10156,0.0
10157,0.0
10158,0.0
10159,0.0
10160,0.0
10161,0.0
10162,0.0
10163,0.0
10164,0.0
10165,0.0
10166,0.0
10167,0.0
10168,0.0
10169,0.0
10170,0.0
10171,0.0
10172,0.0
10173,0.0
10174,0.0
10175,0.0
10176,0.0
10177,0.0
10178,0.0
10179,0.0
10180,0.0
10181,0.0
10182,0.0
10183,0.0
10184,0.0
10185,0.0
10186,0.0
10187,0.0
10188,0.0
10189,0.0
10190,0.0
10191,0.0
10192,0.0
10193,0.0
10194,0.0
10195,0.0
10196,0.0
10197,0.0
10198,0.0
10199,0.0
10200,0.0
10201,0.0
10202,0.0
10203,0.0
10204,0.0
10205,0.0
10206,0.0
10207,0.0
10208,0.0
10209,0.0
10210,0.0
10211,0.0
10212,0.0
10213,0.0
10214,0.0
10215,0.0
10216,3835.876
10217,0.0
10218,0.0
10219,0.0
10220,0.0
10221,0.0
10222,0.0
10223,0.0
10224,0.0
10225,0.0
10226,0.0
10227,0.0
10228,0.0
10229,0.0
10230,0.0
10231,0.0
10232,0.0
10233,0.0
10234,0.0
10235,0.0
10236,0.0
10237,0.0
10238,0.0
10239,0.0
10240,0.0
10241,0.0
10242,0.0
10243,0.0
10244,0.0
10245,0.0
10246,0.0
10247,0.0
10248,0.0
10249,0.0
10250,0.0
10251,0.0
10252,0.0
10253,0.0
10254,0.0
10255,0.0
10256,0.0
10257,10208.514
10258,4684.199
10259,0.0
10260,0.0
10261,0.0
10262,0.0
10263,0.0
10264,0.0
10265,0.0
10266,0.0
10267,0.0
10268,0.0
10269,0.0
10270,0.0
10271,0.0
10272,0.0
10273,4423.7666
10274,4584.518
10275,5988.5186
10276,3327.7544
10277,5757.191
10278,4697.502
10279,6108.1367
10280,6233.9126
10281,4439.128
10282,3681.6772
10283,5569.528
10284,5316.945
10285,4353.5884
10286,5727.624
10287,5134.9624
10288,3580.85
10289,4713.881
10290,7091.4355
10291,8370.186
10292,7055.442
10293,6598.6577
10294,4659.124
10295,5520.793
10296,2199.5208
10297,7658.476
10298,7131.7476
10299,8760.038
10300,5749.491
10301,3337.091
10302,5433.6357
10303,5299.891
10304,7808.324
10305,4726.1045
10306,5668.778
10307,4915.3066
10308,5616.3296
10309,3164.8167
10310,6928.732
10311,4128.7085
10312,6672.423
10313,6780.54
10314,3794.0403
10315,7278.7295
10316,5763.9326
10317,4780.189
10318,4142.1167
10319,6747.6045
10320,9171.746
10321,5686.004
10322,5449.2275
10323,7413.253
10324,7232.3423
10325,5710.4517
10326,6804.4663
10327,2906.5005
10328,3006.5715
10329,5012.339
10330,5653.9927
10331,7666.4277
10332,7294.5547
10333,4144.508
10334,7478.7046
10335,7478.6616
10336,6167.5825
10337,3394.2305
10338,10305.617
10339,3835.477
10340,4712.1367
10341,7255.696
10342,4672.61
10343,5423.7817
10344,3658.3574
10345,5463.759
10346,4809.153
10347,5094.7656
10348,7786.838
10349,6312.608
10350,5699.7695
10351,3309.835
10352,6810.667
10353,10986.284
10354,5183.91
10355,3311.6604
10356,6368.203
10357,5810.6216
10358,7066.2983
10359,8331.619
10360,2896.1348
10361,6911.274
10362,4677.7827
10363,6031.547
10364,5650.2886
10365,3232.205
10366,4947.7266
10367,5141.506
10368,7022.732
10369,7361.5767
10370,4049.7827
10371,4858.424
10372,6256.0054
10373,5960.5435
10374,4818.0283
10375,6631.265
10376,4569.5557
10377,6021.1772
10378,4377.7085
10379,3512.938
10380,5423.399
10381,6076.229
10382,6687.721
10383,7117.857
10384,7415.417
10385,4433.859
10386,7038.9873
10387,3554.6643
10388,4307.961
10389,7245.4814
10390,6805.641
10391,7028.213
10392,8472.983
10393,6512.7188
10394,5002.5947
10395,6471.9966
10396,6851.6895
10397,4255.5146
10398,2471.909
10399,5626.555
10400,4931.838
10401,6355.6543
10402,4091.9934
10403,5938.6895
10404,6607.362
10405,5858.343
10406,5509.43
10407,3211.5078
10408,5924.9575
10409,6812.6943
10410,3869.9207
10411,5238.2437
10412,3328.0369
10413,5313.578
10414,3854.8257
10415,4587.1733
10416,4343.4634
10417,7039.1953
10418,5972.5576
10419,7098.6836
10420,10170.611
10421,4304.691
10422,4570.9507
10423,9944.154
10424,5509.346
10425,7052.381
10426,6367.9604
10427,5132.94
10428,5889.8984
10429,4604.5947
10430,4923.3115
10431,8276.305
10432,4428.8164
10433,2256.6748
10434,3613.2903
10435,6924.3584
10436,8628.465
10437,5950.3867
10438,6105.626
10439,4084.5134
10440,3014.53
10441,2116.5483
10442,3678.6265
10443,5418.373
10444,6425.269
10445,5536.5664
10446,4490.67
10447,7538.476
10448,7210.6523
10449,6655.0327
10450,4680.559
10451,7550.3706
10452,9168.247
10453,4222.4346
10454,5798.972
10455,5161.9775
10456,6113.814
10457,2647.9077
10458,5445.3516
10459,4611.7466
10460,7600.189
10461,5654.289
10462,7138.4507
10463,6708.625
10464,4440.3223
10465,7264.719
10466,6310.0854
10467,8510.012
10468,4203.029
10469,2077.5212
10470,5964.792
10471,8287.0
10472,4697.941
10473,8648.3955
10474,3936.207
10475,4051.823
10476,3107.9604
10477,9821.252
10478,3598.973
10479,6777.081
10480,3899.4695
10481,5645.2305
10482,2992.3472
10483,6891.1978
10484,5364.2944
10485,5230.35
10486,8418.641
10487,5864.386
10488,5616.3403
10489,6743.9175
10490,5658.665
10491,5870.867
10492,8243.642
10493,4769.6675
10494,5925.9014
10495,4795.6074
10496,3676.3813
10497,4997.3726
10498,4933.052
10499,5165.1245
10500,7555.8745
10501,5868.656
10502,6804.1353
10503,4448.5044
10504,3726.239
10505,4489.4536
10506,5342.6436
10507,5359.492
10508,3300.184
10509,7355.9478
10510,5464.0977
10511,6545.2886
10512,5409.501
10513,4369.8564
10514,3679.0476
10515,3142.5056
10516,8303.203
10517,5804.0854
10518,5880.12
10519,4674.366
10520,6857.875
10521,4587.6284
10522,5227.7065
10523,3163.9473
10524,4721.0674
10525,4091.7788
10526,4229.263
10527,7769.545
10528,4838.4536
10529,9215.2295
10530,9878.2
10531,5489.057
10532,5898.393
10533,4386.432
10534,5144.1743
10535,4730.538
10536,10746.298
10537,5790.477
10538,6242.0938
10539,3568.4106
10540,5219.3906
10541,4955.562
10542,7454.9106
10543,6368.653
10544,5274.3477
10545,6312.3667
10546,4378.8735
10547,8096.352
10548,6743.9434
10549,5793.5044
10550,8729.861
10551,6705.062
10552,7556.9053
10553,3411.9265
10554,5317.797
10555,4850.746
10556,7863.5635
10557,7015.6084
10558,6708.318
10559,6315.2573
10560,7320.1685
10561,4554.9727
10562,6012.8438
10563,5992.5127
10564,3228.4148
10565,9888.664
10566,6202.0693
10567,6819.5986
10568,6430.793
10569,6832.2163
10570,7715.253
10571,7512.5063
10572,3527.3372
10573,4727.101
10574,5428.9683
10575,7375.317
10576,2991.0715
10577,4587.094
10578,5166.12
10579,4856.422
10580,5175.067
10581,3236.3147
10582,3425.8464
10583,6188.154
10584,3740.8877
10585,4524.1333
10586,5166.0757
10587,5175.1606
10588,8017.034
10589,10484.189
10590,5083.0576
10591,6677.1914
10592,6097.217
10593,9443.67
10594,5584.4175
10595,3185.1008
10596,4406.037
10597,10762.401
10598,4160.336
10599,6295.237
10600,1655.6438
10601,3917.9185
10602,6139.667
10603,5967.9336
10604,5093.3906
10605,7996.6436
10606,8069.277
10607,7750.242
10608,3912.1
10609,10272.214
10610,2506.517
10611,3869.5552
10612,6113.9014
10613,4572.0234
10614,9400.158
10615,3182.343
10616,4930.643
10617,5929.073
10618,8474.422
10619,8708.256
10620,5072.8086
10621,3425.9314
10622,6540.3022
10623,7942.825
10624,5109.0586
10625,4797.9224
10626,8278.144
10627,6156.744
10628,5270.802
10629,4190.551
10630,7093.4517
10631,4887.61
10632,11675.232
10633,7826.8013
10634,10404.509
10635,6418.531
10636,4439.128
10637,2646.5742
10638,6391.5522
10639,5638.057
10640,4537.4575
10641,8423.621
10642,5280.4385
10643,3006.9646
10644,6405.669
10645,3657.1956
10646,8313.267
10647,6532.7397
10648,6431.805
10649,6935.106
10650,4467.5254
10651,6845.608
10652,7127.1914
10653,4916.4883
10654,5817.72
10655,4318.6504
10656,9132.091
10657,5692.728
10658,3477.9297
10659,5372.1035
10660,7411.528
10661,5632.746
10662,4230.062
10663,5446.073
10664,5451.7437
10665,4380.0645
10666,4745.855
10667,8784.545
10668,4594.3853
10669,3919.7952
10670,5937.698
10671,5209.5625
10672,3134.4727
10673,4747.689
10674,7797.2354
10675,6459.385
10676,10133.449
10677,7676.657
10678,6593.0146
10679,4105.502
10680,4251.295
10681,9370.761
10682,6921.7305
10683,6511.2095
10684,5422.6646
10685,5690.8276
10686,4709.2563
10687,2896.0574
10688,11419.773
10689,5566.1396
10690,5964.667
10691,4914.669
10692,1507.0461
10693,7618.377
10694,5483.829
10695,4317.0767
10696,4024.086
10697,6295.501
10698,5164.445
10699,4861.8867
10700,8717.223
10701,3777.1724
10702,4644.685
10703,4078.716
10704,2576.232
10705,5109.5703
10706,4703.4966
10707,5288.599
10708,5185.2256
10709,5216.8574
10710,3729.034
10711,3497.116
10712,5401.1846
10713,3354.9407
10714,8719.867
10715,5873.214
10716,3069.5137
10717,7584.981
10718,3218.9243
10719,3976.058
10720,7289.693
10721,7372.721
10722,8761.626
10723,3028.9407
10724,5344.9526
10725,4440.0386
10726,4451.8027
10727,6351.4727
10728,9512.31
10729,4725.2617
10730,3258.729
10731,5577.369
10732,4267.9746
10733,3033.938
10734,7367.7163
10735,4576.7666
10736,5668.989
10737,6287.0815
10738,4756.905
10739,5162.657
10740,5575.582
10741,6793.863
10742,6399.965
10743,3252.8806
10744,5670.2812
10745,6698.312
10746,8041.004
10747,5984.1733
10748,6664.237
10749,2618.7954
10750,8019.16
10751,4992.3696
10752,2995.712
10753,4918.6646
10754,4616.914
10755,4745.235
10756,5985.1895
10757,4165.4346
10758,6625.588
10759,4354.5146
10760,6984.6416
10761,7707.5005
10762,4931.4004
10763,6868.368
10764,5865.684
10765,3161.9922
10766,10123.848
10767,4100.903
10768,2557.9395
10769,6278.123
10770,9473.351
10771,9284.298
10772,4378.9277
10773,4543.5425
10774,6508.055
10775,6920.6147
10776,4723.9683
10777,7061.5146
10778,2502.579
10779,4817.6333
10780,4361.6777
10781,3750.2668
10782,3128.504
10783,7055.967
10784,6533.0947
10785,4392.9014
10786,5634.9766
10787,7155.104
10788,7282.1943
10789,4053.7212
10790,5218.201
10791,5042.1895
10792,6129.7607
10793,5626.947
10794,2996.5808
10795,5234.767
10796,6883.682
10797,5722.917
10798,5492.4297
10799,2862.5732
10800,8350.681
10801,3788.919
10802,7614.49
10803,5466.2144
10804,4646.054
10805,7321.928
10806,4393.4004
10807,4595.323
10808,7988.5933
10809,3196.1619
10810,6021.7344
10811,8753.791
10812,7187.3
10813,2929.8743
10814,5229.038
10815,2865.9343
10816,2502.4026
10817,5217.166
10818,6062.902
10819,5363.8804
10820,4682.515
10821,5702.2544
10822,5133.376
10823,9845.618
10824,4569.368
10825,6052.4785
10826,4250.269
10827,6075.4814
10828,5459.3984
10829,5973.167
10830,7015.5146
10831,8116.904
10832,6943.7305
10833,5393.406
10834,5090.506
10835,2852.7942
10836,5347.4004
10837,8446.05
10838,6732.3296
10839,4769.8135
10840,5380.185
10841,3772.6821
10842,4937.4814
10843,4450.028
10844,7685.3164
10845,8476.523
10846,6829.1997
10847,6673.6133
10848,7076.193
10849,7174.6763
10850,5460.404
10851,5108.0693
10852,3070.5974
10853,4748.5493
10854,3782.6604
10855,3551.4512
10856,6823.678
10857,6880.518
10858,5000.1045
10859,3389.5063
10860,4784.5547
10861,3863.882
10862,5381.4116
10863,2209.284
10864,6202.129
10865,5903.797
10866,3824.6917
10867,8984.614
10868,8951.871
10869,4444.9497
10870,5373.979
10871,3441.379
10872,4470.292
10873,4164.835
10874,7862.4985
10875,3948.512
10876,4173.7754
10877,5055.313
10878,5073.7427
10879,5496.3135
10880,6351.3213
10881,3080.2498
10882,7715.282
10883,5992.124
10884,5233.534
10885,4392.6626
10886,4158.122
10887,4865.5103
10888,3986.3613
10889,8710.383
10890,5078.541
10891,3863.7273
10892,6153.327
10893,5008.697
10894,5632.7515
10895,4909.8145
10896,5428.0566
10897,9179.368
10898,6801.533
10899,5740.105
10900,3772.8584
10901,4681.4165
10902,7298.9185
10903,3934.5476
10904,4656.17
10905,5225.3984
10906,10644.108
10907,6752.2593
10908,4312.6113
10909,5211.8984
10910,4567.6426
10911,6534.291
10912,5385.9873
10913,8524.302
10914,6458.1836
10915,5048.5713
10916,4139.5454
10917,2216.8325
10918,4798.7783
10919,7073.1294
10920,2688.6575
10921,4917.4404
10922,6153.879
10923,7133.516
10924,5287.1313
10925,7409.775
10926,5324.5166
10927,5894.5854
10928,2935.6855
10929,7098.44
10930,3940.2341
10931,6283.6885
10932,8035.3916
10933,3978.8506
10934,7203.3657
10935,5643.766
10936,2735.467
10937,6376.6943
10938,5880.3945
10939,2890.1067
10940,7720.8696
10941,6186.973
10942,4013.8767
10943,8758.435
10944,7050.6523
10945,6807.5107
10946,4378.347
10947,3946.7344
10948,5187.091
10949,2408.1294
10950,5892.77
10951,2651.3533
10952,5640.5586
10953,3270.2578
10954,4950.894
10955,4713.1074
10956,4704.7573
10957,5504.3193
10958,7413.2744
10959,5002.8096
10960,7272.22
10961,5516.6924
10962,6132.7314
10963,7854.366
10964,6437.7524
10965,2894.6707
10966,5053.3022
10967,5176.854
10968,4962.558
10969,10079.624
10970,5965.2983
10971,6731.848
10972,8976.571
10973,5942.979
10974,2798.8943
10975,8300.78
10976,7536.3335
10977,6241.0576
10978,7038.0205
10979,6583.469
10980,7652.4375
10981,5012.219
10982,4470.113
10983,3734.7725
10984,5650.4233
10985,7145.038
10986,3277.0159
10987,6988.9062
10988,6309.7544
10989,4889.7173
10990,6869.9604
10991,4447.6304
10992,6851.4087
10993,2373.9502
10994,5221.0986
10995,5032.018
10996,3819.795
10997,6522.087
10998,6545.101
10999,7754.479
11000,5851.005
11001,3910.0332
11002,5744.651
11003,6333.451
11004,7431.3623
11005,3301.7773
11006,3242.0933
11007,8258.516
11008,5287.1416
11009,4274.9297
11010,6908.539
11011,6557.161
11012,6319.7827
11013,4425.041
11014,2320.5635
11015,5977.5273
11016,5844.1777
11017,5096.856
11018,8336.277
11019,6729.5176
11020,3745.5332
11021,6163.1777
11022,2645.8977
11023,1001.70026
11024,5289.79
11025,8830.091
11026,5676.954
11027,4738.5454
11028,3395.5325
11029,5380.6675
11030,8819.595
11031,5875.0127
11032,7862.536
11033,5013.472
11034,4313.0513
11035,3691.5452
11036,6158.8525
11037,4019.494
11038,2850.898
11039,4660.1685
11040,3822.3755
11041,6791.984
11042,5123.7876
11043,5058.043
11044,5218.3804
11045,7060.666
11046,4361.3486
11047,3754.5156
11048,8456.086
11049,6995.3486
11050,6340.36
11051,2497.1199
11052,6372.0796
11053,4895.173
11054,3987.468
11055,7857.3633
11056,8881.199
11057,6075.1973
11058,5868.555
11059,6121.9834
11060,6887.938
11061,9649.92
11062,3346.8818
11063,4078.9924
11064,4990.6465
11065,6000.297
11066,5481.371
11067,7942.947
11068,6664.0464
11069,6117.6523
11070,3000.6172
11071,6203.8325
11072,5624.9775
11073,3637.7627
11074,5848.299
11075,3171.7866
11076,6480.756
11077,5489.005
11078,5287.2275
11079,6298.744
11080,3945.752
11081,4029.752
11082,6483.254
11083,5015.9067
11084,7426.657
11085,5617.8193
11086,7506.6187
11087,5145.18
11088,3614.852
11089,7723.8086
11090,3072.8538
11091,9943.424
11092,5269.731
11093,4292.677
11094,6631.455
11095,4664.278
11096,4284.875
11097,5505.7583
11098,1764.984
11099,3103.1313
11100,5393.128
11101,6253.6846
11102,8989.046
11103,5227.6367
11104,5489.5386
11105,4992.0938
11106,5644.676
11107,3410.8232
11108,9226.557
11109,6399.837
11110,10514.643
11111,5379.641
11112,4694.456
11113,7057.865
11114,6446.699
11115,3660.63
11116,7625.2974
11117,6533.481
11118,4831.7524
11119,5659.323
11120,4259.665
11121,3307.9377
11122,5313.563
11123,3778.2068
11124,3491.729
11125,7783.1626
11126,5534.982
11127,5552.337
11128,6521.919
11129,4677.475
11130,7378.3843
11131,8795.938
11132,5256.4927
11133,6669.528
11134,5700.547
11135,7754.2793
11136,7442.179
11137,5321.9424
11138,5878.8354
11139,7108.5894
11140,7609.096
11141,6711.0317
11142,7533.7104
11143,5761.278
11144,5137.309
11145,5892.247
11146,9329.115
11147,9786.113
11148,8958.0205
11149,7140.923
11150,5029.1294
11151,6528.2734
11152,4268.6504
11153,8452.118
11154,9374.694
11155,9368.777
11156,6127.3755
11157,5109.166
11158,4897.7793
11159,5891.4883
11160,9832.012
11161,7247.2715
11162,5720.1006
11163,5763.581
11164,7210.666
11165,4323.745
11166,7653.934
11167,4480.3325
11168,7101.5547
11169,7493.385
11170,5763.4927
11171,7593.436
11172,6546.5684
11173,4835.6304
11174,6697.347
11175,7278.07
11176,10113.309
11177,6251.2275
11178,7399.266
11179,7407.9165
11180,9062.649
11181,6846.1763
11182,9263.821
11183,4633.547
11184,4775.0757
11185,6187.8525
11186,6518.43
11187,9120.836
11188,8007.2065
11189,5324.979
11190,7825.301
11191,7081.0605
11192,9142.993
11193,4302.2734
11194,11855.963
11195,5018.008
11196,6299.802
11197,8367.081
11198,5367.5293
11199,6008.1143
11200,6659.529
11201,7355.246
11202,5506.0996
11203,5079.35
11204,8044.4634
11205,7727.22
11206,7103.411
11207,4825.6406
11208,7365.6924
11209,11251.625
11210,6744.548
11211,4682.314
11212,7189.5005
11213,6338.5215
11214,7381.841
11215,7649.256
11216,4488.678
11217,7681.938
11218,6064.4116
11219,7266.424
11220,6643.256
11221,5391.137
11222,6620.629
11223,5510.1504
11224,7501.451
11225,8915.096
11226,5147.2417
11227,5101.2236
11228,6458.085
11229,6186.9023
11230,5670.2866
11231,8471.205
11232,6819.221
11233,7182.16
11234,5701.4604
11235,5135.046
11236,6566.518
11237,8009.452
11238,8016.1626
11239,8787.478
11240,8215.682
11241,5972.1587
11242,8598.634
11243,5813.787
11244,7130.4414
11245,8166.5405
11246,7107.518
11247,9408.671
11248,8006.8857
11249,7899.173
11250,6111.925
11251,7616.982
11252,7902.473
11253,6294.1978
11254,4469.1025
11255,5926.608
11256,7361.191
11257,7536.0674
11258,5405.1533
11259,8350.841
11260,6638.9863
11261,6003.772
11262,5807.203
11263,5300.816
11264,6867.0977
11265,7365.6226
11266,6457.161
11267,5679.9653
11268,5019.5205
11269,6882.625
11270,4225.428
11271,6780.624
11272,4881.86
11273,8892.219
11274,7289.707
11275,6592.0527
11276,9222.712
11277,5025.2837
11278,5265.164
11279,10820.11
11280,7230.48
11281,8259.225
11282,7976.2974
11283,5831.4375
11284,6213.5923
11285,6055.741
11286,7124.276
11287,10742.568
11288,5993.187
11289,3616.7285
11290,5036.234
11291,8233.418
11292,9255.466
11293,6274.154
11294,7081.6753
11295,4784.5684
11296,5011.311
11297,3519.7004
11298,4913.6753
11299,6616.557
11300,6826.1064
11301,7236.9727
11302,6568.5786
11303,8399.984
11304,8936.584
11305,7738.1357
11306,5211.287
11307,9062.642
11308,11132.403
11309,6153.128
11310,7797.265
11311,5612.913
11312,7081.0674
11313,4619.738
11314,6790.5137
11315,5548.35
11316,8473.484
11317,7564.463
11318,8782.995
11319,8045.499
11320,5647.0454
11321,8217.923
11322,6562.698
11323,10162.815
11324,5848.042
11325,3503.4368
11326,6326.8276
11327,9136.333
11328,6175.9478
11329,9693.266
11330,4663.3613
11331,4293.2417
11332,4981.0205
11333,8680.658
11334,5181.399
11335,8920.531
11336,6328.421
11337,7005.0103
11338,3770.4514
11339,7541.281
11340,6815.9243
11341,7258.333
11342,8348.308
11343,6587.232
11344,6463.853
11345,6892.8936
11346,5367.5957
11347,5167.717
11348,7860.062
11349,5653.9766
11350,6408.7
11351,7440.966
11352,5728.504
11353,5380.108
11354,7034.289
11355,7127.538
11356,8737.283
11357,6027.3086
11358,7265.135
11359,6103.518
11360,4529.012
11361,6359.2744
11362,7372.7495
11363,5313.842
11364,4631.5273
11365,9060.187
11366,6872.0117
11367,8662.645
11368,6906.925
11369,5811.3423
11370,5334.7554
11371,4871.3843
11372,9882.46
11373,5873.6733
11374,8449.676
11375,5936.0444
11376,7674.534
11377,6409.66
11378,5260.119
11379,4993.0557
11380,7777.1367
11381,4520.0957
11382,5854.8735
11383,9308.513
11384,5976.0903
11385,12940.987
11386,10249.939
11387,5353.3867
11388,7069.757
11389,5280.902
11390,6758.155
11391,5675.438
11392,11499.517
11393,7709.405
11394,7996.156
11395,4684.686
11396,7297.498
11397,5185.9478
11398,8709.917
11399,7162.984
11400,6414.027
11401,6957.221
11402,5525.1343
11403,8926.778
11404,8970.871
11405,6051.5317
11406,10320.471
11407,7212.2065
11408,8678.108
11409,4846.302
11410,5485.812
11411,5612.3613
11412,9400.355
11413,7166.346
11414,8258.326
11415,7024.2056
11416,8880.073
11417,4837.259
11418,7952.589
11419,6203.726
11420,4333.1177
11421,11103.073
11422,6007.713
11423,7483.821
11424,8013.6094
11425,8923.739
11426,9806.21
11427,10057.518
11428,6264.861
11429,7479.2397
11430,6275.8657
11431,8593.034
11432,4686.9883
11433,5864.2856
11434,5853.0645
11435,5683.076
11436,7755.019
11437,4863.8765
11438,4752.288
11439,6382.171
11440,4385.1016
11441,4632.95
11442,5593.128
11443,6393.6074
11444,9077.365
11445,8976.443
11446,7023.777
11447,6716.635
11448,6748.872
11449,10514.101
11450,7351.1714
11451,5896.644
11452,4871.8354
11453,9443.733
11454,4826.004
11455,7173.725
11456,3861.6123
11457,5256.648
11458,7395.259
11459,6677.045
11460,5789.588
11461,8775.986
11462,9539.193
11463,11380.403
11464,5896.8745
11465,10443.312
11466,3542.5962
11467,5737.0723
11468,6923.3613
11469,4401.9116
11470,8606.716
11471,5381.3604
11472,5429.0977
11473,8985.814
11474,11045.625
11475,8264.07
11476,5777.8203
11477,5611.821
11478,7650.0513
11479,7506.2036
11480,6090.683
11481,5409.1655
11482,7425.843
11483,8681.569
11484,5113.53
11485,6067.1943
11486,7789.854
11487,8592.3955
11488,11491.053
11489,6945.585
11490,10344.072
11491,7385.6294
11492,5455.2236
11493,3990.082
11494,6367.5654
11495,6514.5513
11496,5463.7954
11497,8596.617
11498,5301.807
11499,4564.7114
11500,7458.1323
11501,3927.5728
11502,7770.908
11503,6847.7764
11504,7431.518
11505,8267.216
11506,5403.189
11507,8988.969
11508,6750.8296
11509,5235.716
11510,5495.726
11511,5648.155
11512,11016.514
11513,6680.287
11514,4834.786
11515,7614.955
11516,8479.879
11517,7052.374
11518,6110.0596
11519,8422.496
11520,5796.7935
11521,5677.972
11522,6143.0356
11523,9495.287
11524,5691.7993
11525,6003.549
11526,6080.554
11527,5518.3975
11528,4341.2637
11529,5625.004
11530,8654.254
11531,8048.032
11532,11467.93
11533,10366.689
11534,8418.304
11535,4447.1426
11536,5026.8755
11537,10418.798
11538,9827.08
11539,7700.0938
11540,7933.9893
11541,8667.132
11542,5709.5205
11543,4039.254
11544,11101.496
11545,5695.5034
11546,6864.203
11547,6399.562
11548,3438.6255
11549,10344.24
11550,6092.06
11551,5305.723
11552,5467.398
11553,6300.541
11554,6672.117
11555,7456.6245
11556,7256.852
11557,4596.599
11558,5396.9204
11559,4486.3325
11560,3838.4053
11561,7572.707
11562,6106.2026
11563,5412.9697
11564,5844.8745
11565,6983.935
11566,5301.6807
11567,5296.2676
11568,5020.5835
11569,4585.218
11570,8068.7227
11571,7328.608
11572,4405.9614
11573,8700.51
11574,5639.6924
11575,5370.638
11576,8232.382
11577,8257.656
11578,10020.081
11579,5343.734
11580,6927.853
11581,5005.927
11582,6056.007
11583,6071.5015
11584,9465.1045
11585,6605.7236
11586,5022.3223
11587,5438.8936
11588,6250.518
11589,4628.908
11590,8813.271
11591,5184.889
11592,5775.4404
11593,7652.16
11594,5143.6147
11595,6420.717
11596,6591.996
11597,8152.8354
11598,7351.22
11599,4535.549
11600,5879.3013
11601,7294.715
11602,9429.432
11603,8726.54
11604,7065.2944
11605,4595.7793
11606,7923.243
11607,6139.474
11608,4955.898
11609,7766.7886
11610,7759.887
11611,6512.197
11612,5984.881
11613,6595.317
11614,7840.8633
11615,5532.069
11616,7057.172
11617,7717.1514
11618,5951.5166
11619,9194.106
11620,6493.775
11621,5301.3574
11622,11920.876
11623,5862.6245
11624,3731.9734
11625,8240.355
11626,9405.019
11627,9971.507
11628,5106.959
11629,6357.928
11630,6350.2915
11631,7571.5947
11632,6530.6587
11633,7960.588
11634,3723.3716
11635,6191.5664
11636,6511.818
11637,5492.959
11638,5114.3784
11639,7409.6763
11640,8356.083
11641,5000.8154
11642,8137.3833
11643,7039.793
11644,8732.942
11645,4787.6226
11646,6491.205
11647,6101.3354
11648,7468.511
11649,8732.143
11650,4532.3184
11651,7322.7314
11652,8059.4775
11653,7329.915
11654,5178.489
11655,4134.9355
11656,7591.191
11657,6566.3047
11658,8357.956
11659,7361.352
11660,5613.0894
11661,8587.037
11662,6615.585
11663,6637.707
11664,7687.428
11665,5669.0806
11666,7957.4756
11667,10425.796
11668,8066.2065
11669,4981.657
11670,5870.7666
11671,4878.2944
11672,3710.8403
11673,7975.7495
11674,6023.05
11675,8826.866
11676,5212.644
11677,7028.106
11678,6661.1675
11679,9910.314
11680,4808.653
11681,6223.664
11682,5812.817
11683,7974.16
11684,5612.2705
11685,7320.1406
11686,8060.0156
11687,9215.405
11688,7453.8794
11689,7221.589
11690,6365.501
11691,4977.4106
11692,5620.3115
11693,11283.306
11694,8959.311
11695,5883.037
11696,5728.908
11697,6230.655
11698,5358.613
11699,6277.494
11700,9004.638
11701,9500.423
11702,7149.162
11703,7748.897
11704,8073.1724
11705,7367.428
11706,6130.848
11707,6251.836
11708,5474.4844
11709,5313.5376
11710,4311.7144
11711,5415.5723
11712,8610.797
11713,7220.797
11714,6401.5156
11715,5057.285
11716,7381.2983
11717,4285.7827
11718,6656.0234
11719,4397.165
11720,8450.708
11721,6506.0195
11722,6637.935
11723,10757.917
11724,10473.835
11725,6650.058
11726,6827.7603
11727,3973.2146
11728,5788.34
11729,5682.935
11730,8646.778
11731,5183.035
11732,4965.849
11733,5951.653
11734,5772.1416
11735,8022.396
11736,6763.365
11737,4066.4321
11738,7950.7993
11739,7795.2275
11740,7727.5073
11741,5278.973
11742,4807.1807
11743,7422.635
11744,4255.941
11745,9704.838
11746,5606.4546
11747,5196.326
11748,7151.283
11749,6281.819
11750,5148.2534
11751,6256.5425
11752,6723.564
11753,9808.165
11754,9248.565
11755,6274.1
11756,4265.8584
11757,5931.2227
11758,8973.097
11759,5323.689
11760,6326.055
11761,6458.621
11762,10941.936
11763,7618.1587
11764,6215.0264
11765,6713.3174
11766,4849.9272
11767,9002.027
11768,5694.4385
11769,10724.101
11770,6742.9526
11771,5997.482
11772,5727.5093
11773,4572.538
11774,7564.7515
11775,5634.697
11776,4773.9644
11777,5452.498
11778,9373.442
11779,7301.62
11780,6655.947
11781,8251.649
11782,6302.272
11783,5700.46
11784,4779.423
11785,8967.724
11786,5989.05
11787,7354.6006
11788,7478.4194
11789,4869.1035
11790,7595.609
11791,6073.5
11792,3958.5776
11793,8353.692
11794,8637.192
11795,4346.8247
11796,7936.328
11797,7233.7563
11798,4771.6836
11799,9565.259
11800,6532.845
11801,8775.91
11802,5062.841
11803,5495.396
11804,6382.055
11805,3706.4182
11806,7491.5483
11807,4543.105
11808,6684.6025
11809,5175.042
11810,5603.3164
11811,5421.4077
11812,7082.155
11813,7053.1274
11814,8620.305
11815,6061.9595
11816,7779.7188
11817,6399.965
11818,8853.188
11819,8996.156
11820,6939.7046
11821,3575.6243
11822,5982.832
11823,7283.466
11824,4891.5786
11825,10484.01
11826,6206.928
11827,8354.361
11828,11163.045
11829,6481.8813
11830,4778.2285
11831,10214.075
11832,9569.539
11833,5820.6064
11834,8291.965
11835,8966.09
11836,6902.835
11837,5471.1016
11838,7486.098
11839,5594.4297
11840,6214.677
11841,7758.703
11842,4976.3286
11843,6904.764
11844,7738.1284
11845,6668.6753
11846,7934.693
11847,5899.8223
11848,7046.0806
11849,4210.6694
11850,7804.9214
11851,7321.3
11852,6196.399
11853,7131.5503
11854,7329.335
11855,9002.439
11856,6343.0938
11857,4979.41
11858,6439.3184
11859,7369.5293
11860,7760.376
11861,4699.752
11862,4566.4927
11863,7921.271
11864,7003.7075
11865,6110.3276
11866,8220.103
11867,7080.743
11868,6652.0947
11869,5179.0073
11870,4011.8977
11871,6884.5884
11872,7047.667
11873,7054.2915
11874,9089.025
11875,8080.2285
11876,5124.917
11877,8513.4375
11878,3938.7573
11879,3585.321
11880,6610.4067
11881,10383.165
11882,7927.779
11883,7255.7305
11884,5055.9155
11885,7273.337
11886,9448.049
11887,5964.6895
11888,8324.137
11889,6254.7764
11890,4778.776
11891,5358.0864
11892,6015.609
11893,6327.914
11894,4855.635
11895,5548.8213
11896,4736.5977
11897,7287.7603
11898,7842.1797
11899,5509.6196
11900,6260.136
11901,7414.469
11902,5268.0073
11903,4967.1045
11904,8893.542
11905,7793.28
11906,6549.5786
11907,4217.628
11908,11059.614
11909,6462.9653
11910,5630.63
11911,9113.6875
11912,8462.661
11913,7391.091
11914,6681.039
11915,7469.5796
11916,9498.013
11917,11229.294
11918,5234.5273
11919,5097.731
11920,5428.9214
11921,6927.6284
11922,6062.954
11923,7954.1367
11924,8680.525
11925,6232.0933
11926,4524.0986
11927,6313.6133
11928,7708.2944
11929,5425.784
11930,7148.644
11931,4205.1626
11932,7691.007
11933,7539.5547
11934,7463.9536
11935,8622.697
11936,6356.9697
11937,4522.847
11938,6927.6416
11939,7619.7866
11940,8424.264
11941,7536.2905
11942,7854.0815
11943,6428.2666
11944,4479.8027
11945,9359.649
11946,4626.017
11947,11314.547
11948,6487.788
11949,4725.167
11950,6998.092
11951,6112.817
11952,7184.8525
11953,7238.995
11954,4081.822
11955,4966.778
11956,6762.707
11957,8503.537
11958,9694.366
11959,5260.691
11960,6084.3486
11961,7397.2056
11962,6781.8467
11963,5425.075
11964,10338.667
11965,8195.036
11966,10306.424
11967,4480.294
11968,5941.596
11969,9140.159
11970,7534.0625
11971,5820.1235
11972,9647.389
11973,6940.903
11974,5317.1475
11975,5854.7285
11976,4877.3267
11977,5140.981
11978,6151.719
11979,5142.2607
11980,5455.51
11981,9785.506
11982,6691.5366
11983,5592.4556
11984,6771.382
11985,4599.121
11986,7449.004
11987,8464.405
11988,6328.1313
11989,6462.0347
11990,5746.8813
11991,7886.36
11992,7489.9834
11993,5065.512
11994,5666.2856
11995,6811.0894
11996,7750.0127
11997,6666.1504
11998,8388.063
11999,5984.4473
12000,4947.736
12001,5971.8
12002,8982.781
12003,10126.821
12004,9061.612
12005,7041.4985
12006,5724.4507
12007,6060.7046
12008,4454.7764
12009,8202.324
12010,9310.75
12011,9233.828
12012,5949.8022
12013,5165.5483
12014,5022.145
12015,5762.5913
12016,9946.914
12017,6983.216
12018,5688.353
12019,5811.88
12020,7451.164
12021,4171.948
12022,7458.3457
12023,4443.729
12024,6875.8994
12025,7492.7417
12026,5616.308
12027,7274.822
12028,6606.7505
12029,4799.946
12030,6767.6885
12031,7189.967
12032,10095.402
12033,6277.8296
12034,7852.4336
12035,7266.32
12036,8869.882
12037,6739.262
12038,9053.034
12039,4808.1484
12040,5066.822
12041,6394.351
12042,6198.042
12043,8798.816
12044,7780.0454
12045,5514.0044
12046,7671.197
12047,6636.112
12048,9250.33
12049,4118.5757
12050,12071.42
12051,4902.86
12052,6225.7417
12053,8231.6045
12054,5706.515
12055,5820.2734
12056,6220.02
12057,7547.08
12058,5423.8438
12059,5010.484
12060,7771.5605
12061,7584.4604
12062,7135.4355
12063,4879.253
12064,7257.025
12065,10869.956
12066,6520.594
12067,4850.76
12068,6958.5947
12069,6232.1406
12070,6958.4424
12071,7166.845
12072,4185.393
12073,7581.249
12074,6073.419
12075,7131.9653
12076,6563.099
12077,4619.3193
12078,6540.0215
12079,5285.997
12080,7511.6323
12081,8953.288
12082,5259.6323
12083,5235.1216
12084,6498.0996
12085,5933.0674
12086,5683.873
12087,8037.3384
12088,6677.554
12089,7590.93
12090,5653.653
12091,4855.227
12092,6724.577
12093,8005.038
12094,8314.306
12095,8295.461
12096,8042.1543
12097,5943.784
12098,8735.775
12099,5952.1523
12100,7335.0483
12101,8527.758
12102,6849.0303
12103,9452.195
12104,7828.9214
12105,7924.3315
12106,6197.303
12107,7204.795
12108,7672.7773
12109,6210.7837
12110,4346.306
12111,6107.9795
12112,7488.4976
12113,7147.1987
12114,5110.926
12115,8257.129
12116,6858.3394
12117,5897.6396
12118,5703.5654
12119,5414.421
12120,7307.27
12121,7359.562
12122,6624.5137
12123,5600.4844
12124,4988.676
12125,6566.543
12126,4001.1008
12127,6441.4995
12128,5017.644
12129,8611.24
12130,7048.279
12131,6566.33
12132,8945.095
12133,5340.3506
12134,5067.0825
12135,10443.173
12136,6728.9146
12137,8174.3022
12138,7697.3184
12139,5673.722
12140,6140.6978
12141,6019.7817
12142,7592.7114
12143,11036.306
12144,5996.4863
12145,3362.8936
12146,4883.0522
12147,7866.414
12148,8449.854
12149,6108.7427
12150,7124.67
12151,4858.0063
12152,5424.1387
12153,3518.4146
12154,5089.2285
12155,6398.3413
12156,6801.637
12157,7309.5913
12158,6156.9497
12159,8030.7866
12160,8813.086
12161,7569.9336
12162,4899.0312
12163,9250.224
12164,10657.06
12165,6222.9336
12166,7703.7227
12167,5510.0293
12168,6549.2476
12169,4400.8745
12170,7214.5527
12171,5241.8174
12172,8485.851
12173,7292.85
12174,8711.529
12175,8205.259
12176,5815.446
12177,8239.012
12178,6801.721
12179,10150.804
12180,5909.4814
12181,2833.858
12182,6202.111
12183,9218.815
12184,5924.618
12185,10976.806
12186,4748.1055
12187,3991.9246
12188,5303.0464
12189,9674.525
12190,4995.924
12191,9017.375
12192,6701.2
12193,7242.013
12194,3654.6846
12195,7035.658
12196,6317.089
12197,7313.818
12198,8081.1533
12199,6616.21
12200,6223.3965
12201,6998.2183
12202,5475.8633
12203,4885.0693
12204,7668.1978
12205,5741.66
12206,6588.822
12207,7115.6646
12208,6358.116
12209,5443.5234
12210,7387.6377
12211,7153.214
12212,8155.441
12213,5931.6924
12214,7175.511
12215,5847.8413
12216,4248.0923
12217,6353.3755
12218,7386.517
12219,5477.5923
12220,4591.214
12221,8956.722
12222,7232.908
12223,8114.9146
12224,7002.425
12225,6020.0635
12226,5394.476
12227,4822.176
12228,9577.793
12229,5250.89
12230,7851.8345
12231,6221.189
12232,7593.3926
12233,8024.4473
12234,5214.0664
12235,4781.265
12236,7313.546
12237,4375.905
12238,6285.9546
12239,9795.451
12240,5818.747
12241,13329.519
12242,11282.413
12243,5040.7183
12244,7050.874
12245,5324.075
12246,6687.6445
12247,5737.2256
12248,11296.2705
12249,7471.3467
12250,8448.951
12251,4728.039
12252,7100.2817
12253,4955.671
12254,8321.731
12255,7068.105
12256,6239.3613
12257,6756.7944
12258,5462.842
12259,8265.355
12260,9323.404
12261,5881.8477
12262,10072.291
12263,7068.3613
12264,8915.648
12265,4702.469
12266,5345.411
12267,5576.034
12268,9479.65
12269,6637.207
12270,8078.7646
12271,7153.3027
12272,8633.083
12273,4722.9995
12274,7856.0444
12275,6613.9067
12276,4253.238
12277,11612.044
12278,6362.666
12279,7124.8667
12280,7705.4863
12281,8905.103
12282,9914.342
12283,10431.824
12284,6031.8115
12285,7529.149
12286,6079.806
12287,8203.036
12288,4400.3164
12289,5849.978
12290,5515.2666
12291,5560.159
12292,7444.6357
12293,5235.926
12294,4824.4116
12295,6523.2627
12296,4025.8062
12297,4652.9507
12298,5831.187
12299,6246.817
12300,8922.871
12301,8504.957
12302,7438.8086
12303,6690.873
12304,6772.454
12305,10928.648
12306,7769.285
12307,5346.492
12308,4949.355
12309,8680.89
12310,4759.8276
12311,6892.4663
12312,3826.184
12313,5317.1577
12314,7545.2954
12315,6661.047
12316,5500.5405
12317,8570.894
12318,9848.21
12319,11800.031
12320,6054.9614
12321,9747.622
12322,3541.3257
12323,5386.845
12324,6473.4043
12325,4417.155
12326,7906.997
12327,5163.105
12328,5360.627
12329,8511.457
12330,11667.585
12331,9645.006
12332,5601.339
12333,5550.8486
12334,7573.3135
12335,7379.053
12336,6467.3994
12337,5271.1587
12338,6911.419
12339,9514.751
12340,4793.366
12341,6440.67
12342,7399.407
12343,8029.814
12344,11926.847
12345,6293.3755
12346,10453.557
12347,7253.3643
12348,5339.0825
12349,4046.9136
12350,6258.6733
12351,6241.1113
12352,5498.6416
12353,7877.8945
12354,4877.5405
12355,4672.057
12356,7139.738
12357,3685.2754
12358,7761.9673
12359,6816.256
12360,7525.315
12361,8177.968
12362,5483.3687
12363,8690.268
12364,6670.5776
12365,5207.8135
12366,5180.0894
12367,5620.038
12368,11354.004
12369,6831.2324
12370,4943.7827
12371,7494.114
12372,8105.9644
12373,6760.5596
12374,6104.3394
12375,8113.3125
12376,5773.986
12377,5402.7925
12378,6440.547
12379,8836.047
12380,6187.6875
12381,6171.849
12382,5495.3384
12383,5321.0493
12384,4114.3545
12385,5618.0337
12386,8284.89
12387,8224.572
12388,10633.403
12389,10219.249
12390,8303.733
12391,4473.022
12392,5123.607
12393,10562.577
12394,9799.282
12395,7287.621
12396,8146.485
12397,8224.667
12398,5983.5854
12399,4132.8184
12400,10845.3
12401,5997.339
12402,6853.415
12403,6366.952
12404,3534.6396
12405,11007.303
12406,6208.1304
12407,5317.411
12408,4939.493
12409,5969.345
12410,6623.812
12411,8040.007
12412,6993.7944
12413,4666.356
12414,5433.548
12415,4576.6616
12416,3644.7583
12417,7219.392
12418,6414.2407
12419,5703.359
12420,5604.038
12421,6678.6626
12422,5030.204
12423,5461.008
12424,4830.7524
12425,4670.355
12426,7577.974
12427,7125.057
12428,4441.453
12429,8579.056
12430,5782.512
12431,5198.835
12432,7842.195
12433,7957.794
12434,10338.746
12435,5744.8374
12436,7257.378
12437,4901.967
12438,5942.316
12439,6013.079
12440,8968.81
12441,6350.843
12442,5175.096
12443,5276.2144
12444,5706.2373
12445,5250.4194
12446,10238.43
12447,5192.407
12448,5785.017
12449,7239.6787
12450,4773.9873
12451,6479.8784
12452,7226.6123
12453,7815.0
12454,7272.1577
12455,4479.414
12456,5834.6475
12457,6848.717
12458,9524.992
12459,8559.514
12460,6905.3965
12461,4704.129
12462,7694.558
12463,6126.8203
12464,4833.4673
12465,7348.5703
12466,7575.3867
12467,6393.394
12468,6173.244
12469,6410.9805
12470,7815.239
12471,5509.262
12472,7012.7046
12473,7429.4487
12474,5939.448
12475,9566.956
12476,6144.0786
12477,5067.2905
12478,11402.839
12479,6519.6924
12480,3674.106
12481,7904.1616
12482,8668.281
12483,10626.682
12484,5214.4146
12485,6147.977
12486,6204.4126
12487,7513.094
12488,6414.235
12489,7897.5527
12490,3657.342
12491,6203.8325
12492,6516.9814
12493,5731.3677
12494,5058.834
12495,7141.304
12496,8276.747
12497,4941.0293
12498,8385.704
12499,6887.8726
12500,8638.444
12501,4686.7334
12502,6455.5845
12503,6048.473
12504,7602.0596
12505,8145.2417
12506,5554.3496
12507,7189.9395
12508,7850.846
12509,7291.139
12510,4983.43
12511,4136.2373
12512,7372.848
12513,6624.1157
12514,8111.301
12515,7418.0767
12516,5931.9243
12517,8261.044
12518,6984.1685
12519,6879.7964
12520,7727.832
12521,5767.9033
12522,8192.184
12523,10128.348
12524,7919.556
12525,5012.291
12526,5740.0557
12527,4859.698
12528,3673.6504
12529,7982.957
12530,5812.4346
12531,8296.237
12532,4963.9927
12533,7182.0913
12534,6652.799
12535,9946.705
12536,4710.0244
12537,5750.5337
12538,5753.7544
12539,7965.661
12540,5529.6787
12541,7322.6406
12542,7731.7837
12543,9291.11
12544,7317.237
12545,7377.955
12546,6232.218
12547,4819.9683
12548,5313.943
12549,10504.599
12550,8941.239
12551,5975.657
12552,5716.7954
12553,6470.978
12554,5468.493
12555,6356.4062
12556,8543.241
12557,9088.22
12558,6778.419
12559,8004.2134
12560,8045.438
12561,7105.3896
12562,6092.6006
12563,5992.021
12564,5259.5723
12565,5106.7783
12566,4461.385
12567,5590.109
12568,8391.328
12569,7105.715
12570,6223.29
12571,5407.5044
12572,7059.6157
12573,4312.3477
12574,6345.0303
12575,4154.336
12576,8908.296
12577,6305.976
12578,6171.1367
12579,11489.716
12580,9732.405
12581,6820.9194
12582,6754.836
12583,3866.0684
12584,5780.0586
12585,5665.508
12586,8668.637
12587,4990.6987
12588,4523.054
12589,6140.569
12590,6068.8267
12591,7528.689
12592,6749.999
12593,3875.6653
12594,7577.9165
12595,7679.0444
12596,7771.583
12597,5069.0356
12598,4569.9043
12599,7560.921
12600,4407.483
12601,9286.468
12602,5602.6323
12603,5355.486
12604,6881.05
12605,6472.441
12606,4950.469
12607,6382.7065
12608,7024.44
12609,9541.05
12610,9133.022
12611,6139.099
12612,4214.3867
12613,6071.9067
12614,8631.897
12615,5185.1714
12616,6495.5034
12617,6531.6304
12618,10958.7295
12619,7390.7173
12620,6211.21
12621,7188.938
12622,4849.4785
12623,8856.567
12624,5945.91
12625,11363.277
12626,6365.756
12627,5935.7217
12628,5312.99
12629,4061.7607
12630,7769.656
12631,5827.517
12632,4505.593
12633,4978.74
12634,8995.247
12635,7193.52
12636,7031.418
12637,8024.4624
12638,6305.904
12639,5389.389
12640,5005.588
12641,9299.754
12642,5920.212
12643,7499.57
12644,7216.4526
12645,4858.2476
12646,7323.5205
12647,5715.241
12648,3976.2856
12649,8510.207
12650,7861.5615
12651,4481.239
12652,7795.436
12653,7086.9526
12654,4605.6797
12655,9465.438
12656,6079.678
12657,8499.159
12658,4697.0537
12659,5623.5986
12660,6442.667
12661,3242.8418
12662,7637.5986
12663,4443.0127
12664,6362.7085
12665,4940.803
12666,5663.4165
12667,5476.354
12668,6978.8545
12669,7081.412
12670,8151.024
12671,5887.281
12672,7580.186
12673,6626.2896
12674,8088.101
12675,9088.037
12676,6911.0303
12677,3379.4233
12678,5858.577
12679,7472.43
12680,4846.3755
12681,10602.607
12682,5938.9497
12683,8517.612
12684,11158.233
12685,6618.861
12686,4713.2515
12687,10319.27
12688,9552.869
12689,5683.4663
12690,8686.671
12691,9600.273
12692,6248.9443
12693,5277.976
12694,6965.355
12695,5802.1147
12696,5938.542
12697,7416.259
12698,5127.611
12699,6431.1855
12700,7211.299
12701,6777.4297
12702,7697.906
12703,5951.63
12704,7126.165
12705,4361.0825
12706,7475.823
12707,6810.5825
12708,6336.418
12709,7133.299
12710,7035.054
12711,9068.399
12712,6042.3784
12713,5135.663
12714,6265.895
12715,7260.5767
12716,7637.8975
12717,4641.505
12718,4454.687
12719,7814.389
12720,6747.636
12721,5920.1104
12722,7871.6606
12723,6716.6733
12724,6720.653
12725,5148.2827
12726,4265.0283
12727,6830.19
12728,6649.069
12729,6893.459
12730,9511.539
12731,8258.295
12732,5002.7285
12733,9208.798
12734,4074.007
12735,3789.1538
12736,6548.473
12737,10633.068
12738,8029.531
12739,7133.407
12740,5050.994
12741,6966.265
12742,9646.092
12743,5950.472
12744,7955.214
12745,6521.3154
12746,4945.7163
12747,5353.9434
12748,5816.7827
12749,6092.0195
12750,4665.4126
12751,5482.8354
12752,4511.072
12753,7328.2305
12754,7470.9546
12755,5330.264
12756,6345.932
12757,6936.0386
12758,5377.158
12759,5040.651
12760,8395.379
12761,7677.1553
12762,6677.9175
12763,4142.7925
12764,10417.903
12765,6497.1143
12766,5515.9717
12767,9207.568
12768,8037.216
12769,7237.1104
12770,6176.743
12771,7523.011
12772,8749.935
12773,11592.568
12774,4928.8516
12775,4927.4556
12776,5206.8203
12777,7371.006
12778,6053.0557
12779,7820.727
12780,8771.525
12781,6134.0244
12782,4567.6426
12783,6463.237
12784,8065.3374
12785,4951.612
12786,7263.541
12787,4241.221
12788,7572.2734
12789,7934.95
12790,7465.6196
12791,8691.329
12792,6232.343
12793,4137.287
12794,6884.851
12795,7006.106
12796,8359.75
12797,7395.4844
12798,7979.6226
12799,6712.978
12800,4308.5073
12801,9024.551
12802,4466.3623
12803,10996.61
12804,6122.0127
12805,4571.7925
12806,7058.9556
12807,6296.2456
12808,7200.7827
12809,7308.1274
12810,4150.8027
12811,4807.144
12812,7080.4463
12813,8571.032
12814,9342.882
12815,5242.0522
12816,6213.373
12817,7907.9927
12818,6589.9907
12819,5523.6216
12820,9635.278
12821,8125.889
12822,10305.028
12823,4292.82
12824,5541.0254
12825,9229.197
12826,7653.642
12827,5511.433
12828,9802.61
12829,7022.772
12830,5452.6177
12831,5677.333
12832,4744.6377
12833,5171.149
12834,6008.401
12835,5069.1616
12836,5453.8657
12837,9625.707
12838,7122.129
12839,5653.782
12840,6708.996
12841,4765.829
12842,7662.3047
12843,8411.835
12844,5941.9473
12845,6764.8745
12846,5595.86
12847,8327.933
12848,7667.2324
12849,5348.9053
12850,5879.9575
12851,6821.3745
12852,8093.0474
12853,6884.7065
12854,8107.6963
12855,5815.0073
12856,4983.592
12857,6120.074
12858,9267.903
12859,10166.17
12860,9121.627
12861,7362.3916
12862,5504.7603
12863,6344.3403
12864,4795.9824
12865,8224.502
12866,9153.385
12867,9335.809
12868,6222.898
12869,5580.541
12870,5068.8423
12871,5834.87
12872,10655.18
12873,7074.512
12874,5598.775
12875,5984.693
12876,7784.922
12877,4423.0786
12878,7758.7104
12879,4630.326
12880,6539.591
12881,7413.0835
12882,5960.3047
12883,7225.137
12884,6808.6924
12885,5201.608
12886,7112.387
12887,6988.38
12888,9631.033
12889,6139.878
12890,8097.6265
12891,7491.7983
12892,8814.583
12893,6868.139
12894,9092.867
12895,4872.314
12896,5019.5156
12897,6759.141
12898,6240.5757
12899,8850.082
12900,7742.7646
12901,5739.3438
12902,7330.9287
12903,7088.7373
12904,8873.621
12905,4399.6445
12906,13074.588
12907,5199.8813
12908,6571.179
12909,8377.59
12910,5823.555
12911,5929.7686
12912,6391.4795
12913,7483.1
12914,5323.674
12915,5260.114
12916,7793.3394
12917,7609.3574
12918,7273.5728
12919,5005.664
12920,7153.1523
12921,10204.912
12922,6747.99
12923,5094.4355
12924,6877.6313
12925,6304.352
12926,7285.1816
12927,7408.602
12928,4473.214
12929,7614.657
12930,6658.8237
12931,7131.285
12932,6962.306
12933,4946.353
12934,6249.1055
12935,5572.833
12936,7664.702
12937,8948.191
12938,5222.085
12939,5235.8506
12940,6604.665
12941,6038.996
12942,6029.2
12943,8229.548
12944,6964.8633
12945,7550.9253
12946,5649.4155
12947,5234.0884
12948,6800.7417
12949,7789.78
12950,8572.25
12951,8467.805
12952,8290.778
12953,6185.339
12954,8396.829
12955,6524.974
12956,7653.722
12957,8317.185
12958,6957.387
12959,9689.448
12960,8098.6074
12961,7772.9023
12962,5984.7725
12963,7443.8477
12964,7601.8203
12965,6530.4844
12966,4550.0264
12967,6356.788
12968,7793.8003
12969,7287.399
12970,5404.2666
12971,8234.7295
12972,7047.929
12973,6186.7075
12974,6007.5757
12975,5695.813
12976,7283.6465
12977,7291.4243
12978,6782.9077
12979,5593.4854
12980,5437.0107
12981,6913.021
12982,4100.8755
12983,6365.6587
12984,5167.8945
12985,8715.609
12986,7408.814
12987,6844.7725
12988,8856.28
12989,6405.284
12990,5228.4946
12991,10661.441
12992,7247.085
12993,8107.58
12994,7824.5024
12995,5345.7837
12996,6216.5264
12997,6035.558
12998,7269.1274
12999,11273.915
13000,5958.2075
13001,3464.9417
13002,5659.9062
13003,8208.413
13004,8573.06
13005,6351.382
13006,7202.665
13007,4935.81
13008,5488.8213
13009,3748.7144
13010,5304.291
13011,6434.984
13012,6992.5005
13013,7462.8926
13014,6573.2354
13015,8143.7505
13016,8551.973
13017,7761.59
13018,5019.9707
13019,9326.162
13020,11006.872
13021,6250.8936
13022,7600.95
13023,5381.458
13024,6823.926
13025,4341.4956
13026,7414.519
13027,5503.406
13028,8599.528
13029,7287.2876
13030,8636.674
13031,8186.4585
13032,5566.1396
13033,8451.353
13034,5870.5986
13035,10366.294
13036,6321.5254
13037,2862.2893
13038,6492.0283
13039,9159.157
13040,5971.6177
13041,9133.275
13042,3996.5884
13043,4097.106
13044,5463.0503
13045,8297.234
13046,5758.3276
13047,9263.671
13048,6716.904
13049,7176.894
13050,3550.9531
13051,7517.732
13052,6790.287
13053,7435.8784
13054,8358.075
13055,6519.5864
13056,6091.456
13057,7095.1973
13058,5996.389
13059,5160.673
13060,7760.0947
13061,5763.922
13062,6640.443
13063,7506.0674
13064,6370.931
13065,6020.023
13066,7416.068
13067,7355.667
13068,8103.8306
13069,6108.4336
13070,6990.793
13071,6031.846
13072,4343.919
13073,6673.5747
13074,7236.862
13075,5532.095
13076,4745.398
13077,9083.965
13078,7216.287
13079,8489.501
13080,7403.622
13081,5968.8384
13082,5532.148
13083,4981.9946
13084,9352.145
13085,5479.296
13086,7791.489
13087,4635.6777
13088,7633.5933
13089,6790.98
13090,5020.3345
13091,5155.89
13092,7233.9497
13093,4482.0254
13094,6433.3022
13095,9688.663
13096,5848.84
13097,13384.463
13098,10298.71
13099,5060.581
13100,7188.3213
13101,5573.2
13102,6833.937
13103,5894.4336
13104,11266.541
13105,7286.8564
13106,8165.4346
13107,4904.0293
13108,7262.2666
13109,4887.484
13110,8465.342
13111,6790.533
13112,6414.235
13113,6683.3594
13114,5386.4756
13115,8440.703
13116,8863.445
13117,6026.245
13118,10353.183
13119,7026.9463
13120,9149.894
13121,4793.257
13122,5683.483
13123,5724.8276
13124,9941.527
13125,6623.1743
13126,7623.5815
13127,7496.1514
13128,8544.603
13129,4779.2544
13130,7544.77
13131,6471.145
13132,4385.7
13133,11344.619
13134,6100.9224
13135,7495.8584
13136,7915.327
13137,8853.45
13138,9862.46
13139,10592.984
13140,6042.3726
13141,7675.669
13142,6374.627
13143,8156.7476
13144,4592.5713
13145,6149.6953
13146,5784.0405
13147,5790.8306
13148,7709.78
13149,5712.184
13150,4979.543
13151,6474.732
13152,4074.528
13153,4816.002
13154,5677.9614
13155,6861.3228
13156,8841.755
13157,8654.08
13158,7426.0693
13159,6396.0166
13160,6750.3916
13161,10555.044
13162,7931.4395
13163,5644.692
13164,4760.1685
13165,8595.428
13166,5023.52
13167,7134.5303
13168,3982.2869
13169,5995.7427
13170,7605.185
13171,6778.3994
13172,5642.727
13173,8650.672
13174,9269.168
13175,11651.616
13176,6146.646
13177,9548.224
13178,3723.1797
13179,5699.0303
13180,6530.7646
13181,4382.413
13182,8014.924
13183,5495.873
13184,5782.0493
13185,8763.272
13186,11536.537
13187,8263.865
13188,5581.3022
13189,5437.659
13190,8425.991
13191,7861.6514
13192,6541.1943
13193,5269.6655
13194,6976.4185
13195,9084.3545
13196,5272.783
13197,6874.555
13198,7699.4917
13199,8449.458
13200,10911.796
13201,6160.7446
13202,10421.342
13203,7249.4634
13204,5445.4395
13205,3985.4944
13206,6743.602
13207,6105.166
13208,5419.65
13209,7516.671
13210,5039.3193
13211,4653.7764
13212,7100.295
13213,3959.2876
13214,7789.2817
13215,7048.9443
13216,7731.68
13217,8036.3115
13218,5247.16
13219,8783.556
13220,7021.8076
13221,5414.813
13222,5406.5864
13223,6787.341
13224,10636.619
13225,6619.3657
13226,5058.057
13227,7912.7686
13228,8007.9473
13229,6867.8833
13230,6283.844
13231,8491.987
13232,5879.099
13233,5323.5874
13234,6320.398
13235,8732.176
13236,6005.868
13237,6202.697
13238,5579.402
13239,5481.481
13240,4224.1143
13241,5347.5225
13242,8110.434
13243,7961.286
13244,10806.208
13245,10148.073
13246,7929.7827
13247,4522.4375
13248,5232.7554
13249,10112.402
13250,9644.841
13251,7419.1523
13252,8229.3125
13253,8075.421
13254,5870.985
13255,4155.505
13256,10588.5
13257,6077.3247
13258,7087.8857
13259,6521.8506
13260,3762.9705
13261,10934.132
13262,6075.69
13263,5506.751
13264,5153.5205
13265,6191.8438
13266,6795.7944
13267,8310.437
13268,6750.424
13269,4877.8384
13270,5536.867
13271,5342.552
13272,3635.1611
13273,7300.4224
13274,4461.572
13275,5790.444
13276,5722.3325
13277,7206.9395
13278,5154.5674
13279,5639.6274
13280,4862.086
13281,5022.7534
13282,7551.991
13283,7073.3926
13284,4683.8325
13285,8566.889
13286,5990.181
13287,5326.4673
13288,7898.54
13289,8097.356
13290,10147.357
13291,6094.821
13292,7090.225
13293,4948.288
13294,5954.861
13295,5378.5073
13296,9098.115
13297,6243.8267
13298,5204.794
13299,5198.3145
13300,5996.298
13301,4881.143
13302,8937.274
13303,5430.843
13304,5965.839
13305,7024.172
13306,4960.3955
13307,6549.185
13308,7204.575
13309,7850.981
13310,7078.6704
13311,4645.549
13312,6204.0576
13313,6589.8022
13314,9743.588
13315,8346.246
13316,6968.511
13317,4925.8813
13318,7917.774
13319,6368.355
13320,4892.666
13321,7337.4062
13322,7539.339
13323,6597.456
13324,6176.313
13325,6845.001
13326,7552.3945
13327,5703.4946
13328,7053.6924
13329,7207.0083
13330,6286.488
13331,8705.449
13332,6282.9033
13333,5480.1636
13334,11333.88
13335,6311.247
13336,4257.719
13337,7933.3613
13338,8708.148
13339,10741.093
13340,5492.7393
13341,6158.6646
13342,6446.0537
13343,7715.356
13344,6434.8916
13345,7760.4424
13346,3737.574
13347,6395.8457
13348,6566.2734
13349,6039.3994
13350,5239.243
13351,7303.6816
13352,8401.139
13353,5036.335
13354,8382.345
13355,6985.814
13356,8528.88
13357,4682.439
13358,6781.025
13359,6257.9272
13360,7585.676
13361,8480.551
13362,4551.6846
13363,7144.3975
13364,7947.827
13365,7025.1167
13366,5228.664
13367,4218.2197
13368,7610.8745
13369,6890.915
13370,8274.766
13371,7356.6636
13372,5947.4136
13373,7996.7046
13374,6989.86
13375,6857.064
13376,8063.1914
13377,5631.6772
13378,8074.2505
13379,10243.205
13380,8038.274
13381,5094.5615
13382,6059.6123
13383,5045.336
13384,3779.0862
13385,8069.708
13386,5906.861
13387,8309.9375
13388,4803.8394
13389,7147.2803
13390,6765.849
13391,10771.048
13392,4792.5205
13393,6093.827
13394,6121.9717
13395,7965.0537
13396,5454.5264
13397,7587.311
13398,7680.949
13399,9893.664
13400,7357.9897
13401,7191.2837
13402,6015.3394
13403,5147.507
13404,5187.8774
13405,10600.079
13406,9102.733
13407,5969.476
13408,6082.973
13409,6537.234
13410,5285.4927
13411,6483.2354
13412,8422.2705
13413,9297.972
13414,6971.722
13415,7826.1143
13416,8006.1987
13417,7543.525
13418,6125.558
13419,5882.2573
13420,5468.415
13421,5195.865
13422,4752.4556
13423,5749.1846
13424,8294.733
13425,5495.0815
13426,6580.054
13427,5635.9814
13428,7470.5913
13429,4291.4277
13430,6470.318
13431,4216.739
13432,8598.216
13433,6500.8213
13434,6389.3276
13435,10248.785
13436,10245.521
13437,6876.9883
13438,6686.2856
13439,3898.9414
13440,5985.7773
13441,6038.7944
13442,8439.504
13443,5174.0303
13444,4441.0425
13445,6545.719
13446,5830.2695
13447,7681.799
13448,6628.856
13449,3938.671
13450,7540.0146
13451,7577.938
13452,7913.8174
13453,5290.915
13454,5139.9707
13455,7593.769
13456,4474.7715
13457,9559.723
13458,5705.4863
13459,5302.1914
13460,6914.9995
13461,6654.0234
13462,4989.7563
13463,6508.3345
13464,7243.457
13465,9811.6455
13466,9634.028
13467,6241.1353
13468,4387.1562
13469,6327.582
13470,7908.385
13471,5270.7666
13472,6515.179
13473,6596.273
13474,10703.092
13475,7561.202
13476,6186.7847
13477,7356.102
13478,5070.167
13479,8950.539
13480,5910.806
13481,11845.993
13482,6521.869
13483,5955.7017
13484,5694.7373
13485,4121.1377
13486,7802.1304
13487,4899.6577
13488,5177.9307
13489,5057.2515
13490,8691.793
13491,7435.6304
13492,7112.387
13493,7910.0747
13494,6362.4355
13495,5630.0444
13496,4897.326
13497,9393.365
13498,6016.395
13499,7477.057
13500,7499.348
13501,5089.1367
13502,7487.869
13503,5692.185
13504,4137.7017
13505,8400.706
13506,7867.3
13507,4626.732
13508,7701.857
13509,6791.1807
13510,4748.3774
13511,9253.225
13512,6048.335
13513,8215.933
13514,4636.235
13515,5836.5957
13516,7333.964
13517,2990.4067
13518,7632.676
13519,4946.0938
13520,6631.3853
13521,5133.131
13522,5852.908
13523,5859.36
13524,7093.134
13525,6955.4497
13526,8002.6714
13527,5968.3716
13528,7701.5996
13529,7041.418
13530,8857.344
13531,9299.3545
13532,7024.058
13533,3406.242
13534,6171.5664
13535,7438.5957
13536,5380.0005
13537,9939.593
13538,6010.579
13539,8332.159
13540,10564.461
13541,6275.8535
13542,4860.4214
13543,10785.522
13544,9716.545
13545,5897.3467
13546,8798.104
13547,8835.331
13548,6186.749
13549,5726.4824
13550,7064.6543
13551,6097.5537
13552,6234.138
13553,7442.215
13554,5245.2935
13555,6584.1035
13556,7295.2437
13557,6749.5996
13558,7896.5513
13559,6170.3774
13560,7286.224
13561,4269.8438
13562,7439.4116
13563,7011.528
13564,6197.9536
13565,7358.2075
13566,7184.2905
13567,8995.667
13568,6121.0493
13569,5524.444
13570,6073.3086
13571,7373.087
13572,7626.8833
13573,4942.986
13574,4702.505
13575,8680.575
13576,6555.5537
13577,6250.405
13578,7695.674
13579,6933.73
13580,7499.2764
13581,5220.3564
13582,4249.6855
13583,7066.0894
13584,6874.208
13585,6801.916
13586,9603.607
13587,8937.777
13588,5390.356
13589,8377.022
13590,4251.1367
13591,3870.9211
13592,6658.8555
13593,10168.536
13594,7547.541
13595,7329.321
13596,5220.3467
13597,7250.1963
13598,9620.026
13599,6270.6777
13600,7755.226
13601,6898.6226
13602,5072.8423
13603,5653.9062
13604,5820.0347
13605,6546.113
13606,4928.6636
13607,5433.2886
13608,4696.709
13609,7735.088
13610,7464.281
13611,5549.615
13612,6388.6206
13613,6991.3
13614,5690.9146
13615,5174.1143
13616,8489.469
13617,7810.0522
13618,6479.0376
13619,4383.5127
13620,10336.469
13621,6291.809
13622,5727.81
13623,8551.77
13624,8914.714
13625,7408.4604
13626,6212.845
13627,7574.195
13628,8838.02
13629,11361.63
13630,5164.0757
13631,5262.066
13632,5197.9624
13633,7195.8945
13634,6069.921
13635,8337.82
13636,8515.014
13637,6358.0312
13638,4754.5776
13639,6376.5244
13640,7622.0107
13641,5177.308
13642,7250.4453
13643,4273.099
13644,7496.344
13645,7926.032
13646,7424.3765
13647,9086.72
13648,6530.4595
13649,4205.327
13650,6535.2637
13651,7274.177
13652,8278.286
13653,7417.044
13654,7664.7607
13655,6617.1187
13656,4595.981
13657,9194.308
13658,4710.9683
13659,10908.383
13660,6131.9653
13661,4627.9062
13662,7144.561
13663,6299.0625
13664,7552.6685
13665,7508.1084
13666,4298.196
13667,4923.415
13668,7416.634
13669,8624.523
13670,9818.985
13671,5563.146
13672,6078.8433
13673,7874.5293
13674,6686.318
13675,5667.118
13676,9762.686
13677,8062.076
13678,10578.415
13679,4546.7856
13680,5910.739
13681,9025.618
13682,7590.981
13683,5742.027
13684,9498.638
13685,7187.073
13686,5531.0083
13687,5499.481
13688,4871.9517
13689,5376.194
13690,6330.564
13691,5385.926
13692,5718.115
13693,9969.072
13694,6849.8926
13695,4736.738
13696,6687.1343
13697,5097.8623
13698,8125.8584
13699,9295.861
13700,6542.0615
13701,6979.4136
13702,6084.697
13703,8100.4614
13704,7914.8667
13705,5661.44
13706,6485.8887
13707,6983.682
13708,8397.59
13709,7140.072
13710,8199.329
13711,6408.945
13712,5463.1494
13713,6109.378
13714,9388.018
13715,10396.037
13716,10192.111
13717,7490.498
13718,6597.3613
13719,6482.617
13720,5124.213
13721,8501.77
13722,9726.633
13723,9537.146
13724,6559.6006
13725,6088.5806
13726,5588.899
13727,6005.748
13728,10595.976
13729,7332.2856
13730,5923.5054
13731,6288.0894
13732,7742.3364
13733,4809.855
13734,7726.9253
13735,4868.142
13736,6850.7095
13737,7371.554
13738,6111.9307
13739,7351.0874
13740,7210.4526
13741,5414.488
13742,7546.339
13743,6691.326
13744,9771.144
13745,6532.403
13746,8482.071
13747,7193.0396
13748,9287.194
13749,7098.1553
13750,9503.504
13751,5581.4194
13752,5778.3994
13753,7102.2456
13754,6249.3257
13755,9394.431
13756,7836.766
13757,6184.6016
13758,7473.5347
13759,7163.7217
13760,9255.934
13761,4834.837
13762,13157.45
13763,5759.2285
13764,6671.0674
13765,8715.95
13766,6258.0107
13767,6171.1426
13768,6607.734
13769,7758.866
13770,5502.2305
13771,5533.552
13772,7681.1177
13773,7602.538
13774,7608.994
13775,5259.015
13776,7542.64
13777,10214.24
13778,7029.2656
13779,5176.78
13780,7065.503
13781,6391.7656
13782,7421.856
13783,7380.3906
13784,5113.5684
13785,7816.7896
13786,6976.299
13787,7311.028
13788,6807.342
13789,5448.3647
13790,6545.7256
13791,5761.8438
13792,7828.093
13793,9463.381
13794,5450.652
13795,5609.514
13796,6803.5967
13797,6277.7637
13798,6379.3774
13799,8291.348
13800,7212.812
13801,7706.324
13802,6273.8906
13803,5395.8447
13804,7129.4893
13805,7989.8125
13806,9026.16
13807,8586.145
13808,8386.728
13809,6445.9614
13810,8771.174
13811,6895.7344
13812,7913.6514
13813,8530.792
13814,6930.1665
13815,10654.763
13816,7992.846
13817,8082.055
13818,6285.9663
13819,7641.4316
13820,7819.086
13821,6949.9854
13822,5126.0215
13823,6467.5903
13824,7927.9453
13825,7367.702
13826,5681.1846
13827,8767.912
13828,7395.2163
13829,6274.2017
13830,6244.8687
13831,6261.7007
13832,7726.1587
13833,7321.7188
13834,7139.833
13835,5789.3228
13836,5969.9775
13837,7112.652
13838,4628.3564
13839,7373.7905
13840,5377.902
13841,8688.71
13842,7670.2163
13843,7022.9326
13844,9043.162
13845,6399.666
13846,5340.7227
13847,10912.399
13848,7157.957
13849,8109.413
13850,8093.395
13851,5472.751
13852,6332.9253
13853,6360.069
13854,7706.023
13855,11728.671
13856,6499.0234
13857,3736.034
13858,5454.714
13859,8337.756
13860,8798.33
13861,6543.347
13862,7424.7095
13863,5098.4604
13864,5885.6978
13865,4144.0454
13866,6006.7217
13867,6531.7363
13868,6977.3105
13869,8008.7188
13870,6850.174
13871,8100.9946
13872,8728.945
13873,7815.194
13874,5229.572
13875,9906.033
13876,11403.448
13877,6868.4404
13878,8084.9155
13879,5804.8496
13880,6832.881
13881,4892.587
13882,7825.0547
13883,5646.991
13884,8864.875
13885,7548.016
13886,8677.38
13887,8272.406
13888,5819.8296
13889,8569.128
13890,6766.9204
13891,10829.072
13892,6974.1367
13893,2776.0854
13894,6459.582
13895,9897.628
13896,6217.4517
13897,9673.695
13898,4327.3223
13899,4535.545
13900,6157.2725
13901,8321.835
13902,5724.1504
13903,9735.887
13904,7104.4478
13905,7583.621
13906,3575.4094
13907,7597.8696
13908,6978.0957
13909,7551.696
13910,8478.885
13911,6449.3994
13912,6101.12
13913,7369.319
13914,6197.132
13915,5498.4478
13916,7862.3486
13917,5951.176
13918,6714.707
13919,8082.1865
13920,7044.4277
13921,6156.662
13922,7864.9966
13923,7775.98
13924,8042.9595
13925,6159.1523
13926,7508.6094
13927,6024.4287
13928,4640.0396
13929,6752.961
13930,7834.001
13931,5914.7485
13932,5166.312
13933,9765.283
13934,7477.5347
13935,8393.578
13936,7678.312
13937,6370.2324
13938,6009.53
13939,5259.507
13940,10060.837
13941,5583.5225
13942,7686.079
13943,5256.944
13944,7671.782
13945,7014.5513
13946,5354.285
13947,5503.548
13948,7574.9897
13949,4804.705
13950,6788.1177
13951,10240.246
13952,5921.3643
13953,14532.801
13954,11335.4795
13955,5416.275
13956,7579.8755
13957,6210.3096
13958,7066.9185
13959,6245.447
13960,11638.821
13961,7469.7363
13962,8954.04
13963,5524.1064
13964,7457.4707
13965,5201.186
13966,8999.057
13967,7039.8735
13968,6743.493
13969,6690.094
13970,5449.841
13971,8468.563
13972,9484.326
13973,6137.0615
13974,10642.291
13975,6863.208
13976,9694.366
13977,5471.838
13978,5826.128
13979,5971.9194
13980,10058.228
13981,6838.449
13982,7707.986
13983,7501.308
13984,8938.016
13985,5031.716
13986,8258.09
13987,7060.9424
13988,4857.8584
13989,11827.569
13990,6339.8213
13991,7491.3623
13992,8010.3384
13993,9567.731
13994,10514.472
13995,11038.38
13996,6731.707
13997,8094.5684
13998,6469.9473
13999,8341.415
14000,5142.56
14001,6656.22
14002,5781.9443
14003,6066.5176
14004,7986.308
14005,5789.4443
14006,5628.015
14007,6534.2725
14008,4719.4507
14009,5038.5645
14010,6365.282
14011,6570.0386
14012,8745.946
14013,8751.036
14014,7627.8145
14015,6676.045
14016,6861.8267
14017,10730.628
14018,8198.202
14019,6114.6772
14020,4958.536
14021,8540.276
14022,5124.99
14023,7040.2563
14024,4184.8823
14025,6310.3804
14026,7993.395
14027,6933.115
14028,5714.2495
14029,8672.424
14030,9583.157
14031,11820.374
14032,6641.7036
14033,9712.653
14034,4074.0654
14035,6006.355
14036,6715.77
14037,4627.169
14038,8132.503
14039,6068.2246
14040,6099.5317
14041,8933.064
14042,11966.692
14043,8214.789
14044,6066.199
14045,5888.494
14046,8027.869
14047,7417.1357
14048,7001.8306
14049,5609.8564
14050,7212.1104
14051,9969.158
14052,5312.4683
14053,7105.837
14054,7784.8403
14055,8505.014
14056,12720.854
14057,6114.158
14058,10858.175
14059,7341.7466
14060,5664.114
14061,4535.4106
14062,7147.1235
14063,6175.6
14064,5803.737
14065,7428.428
14066,5336.348
14067,5359.083
14068,7150.874
14069,4245.751
14070,7980.9775
14071,7101.934
14072,8247.212
14073,8412.861
14074,5612.549
14075,9670.669
14076,7083.6616
14077,5704.1914
14078,5753.694
14079,6165.1533
14080,11279.045
14081,6932.11
14082,5608.4443
14083,7943.6133
14084,8140.318
14085,7159.22
14086,6879.455
14087,8506.944
14088,6242.296
14089,5411.8027
14090,6577.0986
14091,8488.895
14092,6688.627
14093,6753.5986
14094,5791.51
14095,5548.366
14096,4737.691
14097,5466.3496
14098,8329.506
14099,8484.92
14100,10888.571
14101,10669.509
14102,8158.0625
14103,4833.0107
14104,5425.857
14105,10251.474
14106,10136.736
14107,7494.779
14108,8631.058
14109,9089.649
14110,6108.4277
14111,4896.639
14112,11045.541
14113,6355.612
14114,7321.4536
14115,6752.4907
14116,4228.424
14117,11430.388
14118,6009.53
14119,6010.722
14120,5462.159
14121,6232.8896
14122,7428.329
14123,8847.288
14124,6927.3247
14125,5088.486
14126,5797.855
14127,5392.13
14128,4309.3667
14129,7629.2695
14130,4860.6577
14131,6179.2
14132,5763.7456
14133,7374.4375
14134,5897.7573
14135,6023.435
14136,5149.6533
14137,5380.2876
14138,7657.629
14139,7039.4307
14140,5173.4526
14141,8704.038
14142,6699.6343
14143,5783.2734
14144,7920.8403
14145,8390.432
14146,10624.33
14147,6512.75
14148,7568.9736
14149,5365.7017
14150,6242.82
14151,5381.3657
14152,9010.617
14153,6356.794
14154,5737.4062
14155,5457.7637
14156,6241.3555
14157,5346.5996
14158,9593.061
14159,5777.9526
14160,6340.5474
14161,6869.528
14162,5360.6987
14163,7022.839
14164,7951.7246
14165,7930.8193
14166,7177.839
14167,5395.2065
14168,6210.096
14169,6670.5137
14170,10167.305
14171,8699.788
14172,7084.3306
14173,5332.308
14174,8178.724
14175,6530.0107
14176,5314.8203
14177,7776.0244
14178,7684.349
14179,6986.254
14180,6488.172
14181,7105.5386
14182,7689.056
14183,6167.0234
14184,7151.7334
14185,7078.562
14186,7020.562
14187,9040.558
14188,6098.4263
14189,5842.3887
14190,11338.227
14191,6871.972
14192,4239.802
14193,8458.336
14194,8818.4
14195,11330.248
14196,5694.08
14197,6524.9307
14198,6787.82
14199,8151.5757
14200,6732.985
14201,7629.8228
14202,4282.807
14203,6659.198
14204,6664.771
14205,6474.7627
14206,5783.9795
14207,7636.2
14208,8629.575
14209,5428.497
14210,9020.601
14211,7115.1147
14212,8790.68
14213,4732.926
14214,7045.543
14215,6641.678
14216,7717.667
14217,8333.368
14218,4925.867
14219,7088.7305
14220,8044.847
14221,7311.021
14222,5194.6416
14223,4698.5864
14224,7972.1523
14225,7290.291
14226,8211.562
14227,7760.7236
14228,6512.7686
14229,7970.5405
14230,7601.3486
14231,7399.379
14232,8179.84
14233,6336.6235
14234,8268.998
14235,10482.31
14236,8685.263
14237,5662.2393
14238,6442.261
14239,5264.004
14240,4289.263
14241,8448.402
14242,6076.913
14243,9427.3545
14244,5310.2495
14245,7272.6504
14246,7083.3306
14247,10697.509
14248,5216.6235
14249,6111.278
14250,6370.8823
14251,8570.607
14252,5651.6685
14253,7349.0474
14254,7605.5986
14255,10145.596
14256,7447.6685
14257,7444.1953
14258,6364.548
14259,5660.209
14260,5447.954
14261,11463.096
14262,9469.665
14263,6239.7305
14264,5971.572
14265,7043.4805
14266,5524.686
14267,6996.003
14268,8609.36
14269,9514.623
14270,7155.336
14271,8323.708
14272,8168.317
14273,7747.0938
14274,6077.5854
14275,6069.469
14276,6178.3516
14277,5511.2593
14278,5192.858
14279,6418.3594
14280,8621.612
14281,6237.9272
14282,6972.2944
14283,5725.3794
14284,7546.72
14285,4669.4907
14286,6417.7046
14287,4637.889
14288,8943.712
14289,6638.771
14290,6711.7036
14291,11072.817
14292,9885.882
14293,7087.6016
14294,7010.785
14295,4245.8765
14296,6214.327
14297,6325.2227
14298,8505.289
14299,5597.0503
14300,4804.3706
14301,6775.633
14302,6097.083
14303,8375.855
14304,6633.5996
14305,4631.1963
14306,7738.9106
14307,8051.441
14308,8146.5703
14309,5957.611
14310,5608.9043
14311,8013.158
14312,4812.9204
14313,9959.844
14314,5894.99
14315,5646.3936
14316,6998.679
14317,6827.0376
14318,5315.966
14319,6639.17
14320,7301.1743
14321,10115.315
14322,10050.153
14323,6362.3506
14324,4741.0996
14325,6476.1772
14326,8403.11
14327,5833.7407
14328,6871.081
14329,6939.4136
14330,11023.135
14331,7576.1313
14332,6605.5913
14333,7610.272
14334,5574.8374
14335,9371.244
14336,6438.956
14337,12205.202
14338,6871.566
14339,6207.9346
14340,5966.4536
14341,4568.784
14342,8070.5083
14343,5592.3755
14344,5554.1006
14345,5128.3203
14346,9791.099
14347,7619.8955
14348,7160.5386
14349,7936.888
14350,6524.775
14351,5493.3623
14352,5561.082
14353,10183.405
14354,6393.022
14355,7663.5547
14356,7470.335
14357,5615.194
14358,7458.1963
14359,6244.9937
14360,4408.122
14361,8888.335
14362,8404.256
14363,4846.537
14364,7782.5166
14365,6839.949
14366,4831.725
14367,9586.941
14368,6204.8564
14369,8218.754
14370,5258.1523
14371,6120.9385
14372,7102.9434
14373,3128.086
14374,8006.0
14375,5412.479
14376,6948.918
14377,5817.304
14378,6193.7812
14379,5930.3853
14380,7324.5967
14381,7346.258
14382,7999.7715
14383,6290.501
14384,7888.722
14385,7008.539
14386,8901.332
14387,9593.701
14388,7148.4805
14389,3314.9856
14390,6534.665
14391,7794.4023
14392,5655.454
14393,9801.703
14394,6214.7183
14395,8729.961
14396,10674.567
14397,6948.8384
14398,5399.16
14399,11384.995
14400,10004.391
14401,5904.957
14402,9623.063
14403,9838.033
14404,6223.5513
14405,6014.8057
14406,7492.477
14407,6550.154
14408,6561.29
14409,7281.153
14410,5869.081
14411,6985.281
14412,7392.5645
14413,7207.7095
14414,7994.638
14415,6503.7734
14416,7738.5415
14417,4768.512
14418,7830.699
14419,7094.6626
14420,6307.624
14421,7649.774
14422,7561.498
14423,9785.264
14424,6207.1475
14425,6132.714
14426,6587.81
14427,7009.3745
14428,7961.5444
14429,5168.6685
14430,5514.215
14431,8289.292
14432,6448.772
14433,6796.209
14434,8136.328
14435,6836.264
14436,7391.197
14437,5272.8887
14438,4451.9766
14439,7228.777
14440,7031.19
14441,8002.595
14442,9755.564
14443,8750.018
14444,5577.364
14445,8866.71
14446,4535.8867
14447,4524.992
14448,6924.398
14449,10318.797
14450,7607.086
14451,7816.275
14452,6053.3096
14453,7709.633
14454,10121.742
14455,6657.2803
14456,7986.8794
14457,7112.3535
14458,5365.7017
14459,5929.8877
14460,5919.7603
14461,6677.166
14462,5542.881
14463,5843.0796
14464,5415.805
14465,7984.084
14466,8406.06
14467,5684.014
14468,7226.1226
14469,6958.409
14470,5902.153
14471,5523.0635
14472,8285.822
14473,8032.97
14474,6498.8496
14475,4976.1436
14476,11610.184
14477,6426.243
14478,6155.4404
14479,9205.443
14480,9119.539
14481,7726.0776
14482,6340.015
14483,7828.5557
14484,9699.435
14485,12097.733
14486,5805.4473
14487,5883.789
14488,5274.8154
14489,7223.4834
14490,6124.8105
14491,8142.135
14492,9094.61
14493,6534.1353
14494,5152.3213
14495,6932.804
14496,8100.3066
14497,5759.635
14498,7304.016
14499,4669.3037
14500,7462.1313
14501,8174.076
14502,7634.176
14503,9514.587
14504,6937.706
14505,5069.9834
14506,6518.3555
14507,7838.052
14508,8504.656
14509,7531.2246
14510,7685.3164
14511,6962.379
14512,5068.0303
14513,9728.174
14514,5339.77
14515,11347.433
14516,6362.751
14517,5046.525
14518,7391.592
14519,6870.373
14520,7586.298
14521,7715.7754
14522,4742.556
14523,5312.3267
14524,7706.942
14525,9306.835
14526,9935.679
14527,5687.702
14528,6714.342
14529,8458.239
14530,6989.673
14531,6248.4556
14532,10225.235
14533,8468.798
14534,10773.391
14535,4888.2812
14536,6236.8027
14537,8783.539
14538,7801.535
14539,6574.358
14540,10216.676
14541,7442.3994
14542,5979.563
14543,5900.0586
14544,5338.8228
14545,5834.175
14546,6764.9717
14547,5910.0957
14548,6177.173
14549,10467.474
14550,6800.6055
14551,5205.0723
14552,6739.397
14553,7932.264
14554,10580.383
14555,12662.219
14556,9098.636
14557,9973.229
14558,8785.257
14559,11451.753
14560,11838.291
14561,8343.301
14562,8607.891
14563,10517.14
14564,11860.622
14565,10376.245
14566,10643.529
14567,10362.646
14568,7975.0347
14569,9729.25
14570,13867.488
14571,13311.339
14572,14013.82
14573,11615.5
14574,8262.226
14575,8989.397
14576,7192.5527
14577,11739.717
14578,14067.036
14579,13388.255
14580,9716.693
14581,8494.086
14582,7112.021
14583,9670.577
14584,14058.345
14585,10695.683
14586,9460.935
14587,9326.535
14588,10881.034
14589,6283.245
14590,11216.043
14591,7735.959
14592,11538.276
14593,11284.113
14594,8466.536
14595,11554.663
14596,11113.393
14597,8731.11
14598,9530.436
14599,9948.641
14600,13914.388
14601,9438.105
14602,11964.113
14603,10031.594
14604,13039.669
14605,11057.083
14606,13199.292
14607,8840.507
14608,7571.898
14609,9594.909
14610,8748.398
14611,13895.939
14612,11938.865
14613,9293.813
14614,11483.756
14615,10627.756
14616,12820.632
14617,6055.1807
14618,15768.764
14619,7588.0273
14620,10035.747
14621,12106.505
14622,9508.418
14623,9578.269
14624,9189.608
14625,10887.989
14626,8399.872
14627,9173.767
14628,12068.186
14629,10799.852
14630,11159.809
14631,8751.545
14632,11408.583
14633,15048.594
14634,9680.331
14635,7163.1206
14636,11047.026
14637,9325.485
14638,11500.613
14639,11145.321
14640,6283.6763
14641,11944.583
14642,9066.773
14643,11564.276
14644,9304.971
14645,6947.0225
14646,9492.362
14647,9910.607
14648,12374.351
14649,12749.348
14650,9119.47
14651,8172.977
14652,11116.891
14653,9716.212
14654,9385.663
14655,11895.765
14656,10536.186
14657,12060.959
14658,9737.884
14659,7143.9614
14660,11299.083
14661,11060.911
14662,11978.58
14663,12359.371
14664,11648.783
14665,10045.132
14666,11917.625
14667,9105.5205
14668,10584.4
14669,13344.948
14670,11002.716
14671,13375.415
14672,11762.087
14673,12161.824
14674,9765.582
14675,9941.0625
14676,11984.339
14677,10177.977
14678,7565.7617
14679,8916.882
14680,11147.331
14681,10056.012
14682,8163.815
14683,11889.424
14684,10421.641
14685,9495.73
14686,8881.826
14687,8822.691
14688,10581.09
14689,10420.349
14690,10568.22
14691,9409.648
14692,8734.825
14693,10374.217
14694,7301.021
14695,9459.572
14696,8251.185
14697,12222.478
14698,10898.982
14699,10557.662
14700,13837.049
14701,8808.347
14702,8105.8716
14703,14471.764
14704,9783.649
14705,12401.927
14706,10125.576
14707,7884.4346
14708,9843.608
14709,9913.027
14710,11168.551
14711,15741.176
14712,8258.421
14713,5560.2705
14714,7458.246
14715,11804.646
14716,12802.865
14717,9745.279
14718,10704.97
14719,7289.7764
14720,8802.703
14721,4929.2466
14722,7662.29
14723,8966.072
14724,11121.218
14725,11495.152
14726,9014.89
14727,10765.256
14728,12829.341
14729,10931.316
14730,7818.042
14731,13507.728
14732,15867.7
14733,10506.492
14734,10864.069
14735,8091.674
14736,9742.909
14737,7717.4165
14738,10306.63
14739,9315.067
14740,12117.179
14741,10056.405
14742,12568.61
14743,11837.162
14744,8451.07
14745,13031.352
14746,10084.836
14747,14360.737
14748,9717.49
14749,6060.173
14750,9267.948
14751,13884.401
14752,9638.532
14753,12571.272
14754,7363.7397
14755,6358.292
14756,8976.221
14757,11684.657
14758,8502.904
14759,13667.173
14760,10209.001
14761,10727.742
14762,5420.7456
14763,11362.519
14764,10232.592
14765,10377.1455
14766,14150.059
14767,10087.26
14768,8391.345
14769,10615.154
14770,9289.134
14771,8737.508
14772,11685.66
14773,9147.59
14774,10543.453
14775,10813.725
14776,10256.295
14777,8834.261
14778,10105.19
14779,10737.774
14780,11988.889
14781,9087.587
14782,11164.908
14783,8404.89
14784,7287.503
14785,8802.115
14786,11275.507
14787,9847.731
14788,8033.9663
14789,13388.395
14790,10429.038
14791,11613.949
14792,11122.141
14793,9556.441
14794,8172.0415
14795,6680.944
14796,13925.326
14797,8943.771
14798,10820.822
14799,14517.493
14800,11017.417
14801,9401.432
14802,8323.438
14803,7192.93
14804,10610.721
14805,7186.3057
14806,10399.3
14807,13138.69
14808,8819.073
14809,16031.146
14810,17802.076
14811,7993.9287
14812,11144.461
14813,8900.398
14814,9875.487
14815,8363.658
14816,15106.128
14817,10951.353
14818,12659.889
14819,8530.621
14820,9465.141
14821,8321.43
14822,11722.721
14823,11136.162
14824,9087.934
14825,10088.828
14826,7094.6494
14827,11792.741
14828,12470.281
14829,9136.517
14830,14711.584
14831,10722.464
14832,13795.541
14833,8042.062
14834,8879.692
14835,8478.764
14836,14214.877
14837,10604.872
14838,11402.077
14839,11056.345
14840,12793.905
14841,8602.243
14842,10707.6455
14843,9560.671
14844,6837.0273
14845,16914.21
14846,7176.1
14847,11370.107
14848,12050.082
14849,13064.441
14850,14114.718
14851,14204.008
14852,9101.04
14853,10958.458
14854,9385.27
14855,11268.991
14856,6241.1113
14857,8673.466
14858,8962.226
14859,9271.316
14860,10293.378
14861,8794.739
14862,8047.8706
14863,10258.145
14864,6058.445
14865,7731.6216
14866,10019.469
14867,10209.487
14868,13370.352
14869,13167.204
14870,11429.6455
14871,11417.247
14872,10302.119
14873,14248.512
14874,11591.0205
14875,8728.796
14876,8912.239
14877,12407.251
14878,6789.1797
14879,10848.672
14880,5559.3584
14881,8130.068
14882,12341.467
14883,10626.408
14884,9189.021
14885,12412.838
14886,13174.967
14887,14493.546
14888,8367.887
14889,13393.21
14890,5485.001
14891,7854.756
14892,9471.209
14893,7571.1323
14894,10894.991
14895,8074.558
14896,8067.1143
14897,12158.055
14898,15461.153
14899,12699.53
14900,9361.935
14901,8019.405
14902,10723.445
14903,11344.89
14904,9488.198
14905,9025.411
14906,11420.711
14907,12900.826
14908,8144.2007
14909,9504.058
14910,12290.534
14911,11761.829
14912,15232.559
14913,9643.323
14914,15059.448
14915,10390.981
14916,8487.947
14917,5999.6675
14918,8984.58
14919,10027.614
14920,9181.041
14921,9971.278
14922,8309.01
14923,7639.0703
14924,10075.279
14925,6279.722
14926,12477.599
14927,10930.566
14928,11569.131
14929,12257.312
14930,9728.99
14931,12454.2
14932,10604.053
14933,8723.145
14934,9541.596
14935,8996.482
14936,15314.191
14937,10837.699
14938,7899.8433
14939,11166.58
14940,12458.988
14941,10688.29
14942,10434.988
14943,11887.202
14944,9295.223
14945,7392.2544
14946,10437.775
14947,11753.262
14948,9726.614
14949,9871.796
14950,10012.361
14951,8875.848
14952,6207.7925
14953,8787.227
14954,13068.592
14955,10661.137
14956,14029.587
14957,14602.604
14958,11173.804
14959,7006.8945
14960,7402.0757
14961,13881.779
14962,14380.228
14963,11470.576
14964,11237.673
14965,11695.383
14966,10423.549
14967,6211.222
14968,14720.426
14969,10952.126
14970,10649.673
14971,10184.998
14972,5734.304
14973,14656.923
14974,10395.304
14975,8863.319
14976,6973.1323
14977,10382.433
14978,9854.543
14979,12579.74
14980,11239.355
14981,6880.6035
14982,9086.426
14983,7398.899
14984,5122.6343
14985,10000.632
14986,7585.1187
14987,8390.849
14988,8565.401
14989,10513.299
14990,7942.2344
14991,8653.511
14992,8627.913
14993,7976.1226
14994,11597.412
14995,10905.699
14996,7804.2593
14997,12961.975
14998,9974.579
14999,8023.0923
15000,10785.944
15001,11801.18
15002,14266.543
15003,9034.713
15004,11385.994
15005,8044.778
15006,9290.463
15007,15552.018
15008,12961.715
15009,8926.506
15010,9064.871
15011,8969.785
15012,9721.699
15013,7072.286
15014,12691.72
15015,8309.391
15016,9292.759
15017,10322.38
15018,9034.11
15019,10690.074
15020,10578.265
15021,11438.577
15022,11933.446
15023,7434.34
15024,9468.996
15025,11387.091
15026,13875.995
15027,12139.18
15028,11028.403
15029,8326.36
15030,12584.071
15031,8810.716
15032,7257.0874
15033,10441.131
15034,10254.28
15035,9646.073
15036,10541.965
15037,11075.004
15038,11983.676
15039,8294.307
15040,9748.496
15041,10950.601
15042,10884.106
15043,13381.284
15044,9706.171
15045,7933.6187
15046,15089.496
15047,9933.612
15048,6335.8257
15049,11007.555
15050,12776.518
15051,14315.064
15052,8433.782
15053,9263.785
15054,10290.394
15055,10672.186
15056,9344.396
15057,12140.686
15058,6037.038
15059,10249.606
15060,9822.845
15061,9099.92
15062,8666.106
15063,11425.134
15064,12469.604
15065,9095.287
15066,11957.851
15067,10629.8545
15068,12802.304
15069,7966.3223
15070,9849.582
15071,10316.032
15072,11252.388
15073,11914.25
15074,7338.6665
15075,9058.925
15076,11443.946
15077,10882.809
15078,8127.8735
15079,6576.666
15080,12391.925
15081,10557.319
15082,11555.093
15083,10979.35
15084,8552.055
15085,12025.122
15086,10669.193
15087,11576.901
15088,12025.26
15089,9597.967
15090,11537.483
15091,14232.037
15092,12161.615
15093,8395.844
15094,10044.883
15095,7454.548
15096,5304.301
15097,12103.642
15098,9583.77
15099,12721.642
15100,9068.867
15101,11541.512
15102,10705.757
15103,14464.988
15104,9003.728
15105,10242.824
15106,9762.741
15107,11242.732
15108,8055.835
15109,10233.392
15110,10416.234
15111,13221.63
15112,11092.742
15113,9866.619
15114,8664.156
15115,7560.3945
15116,9082.6045
15117,14953.823
15118,12891.404
15119,8661.776
15120,5765.3677
15121,9650.444
15122,9472.23
15123,10156.071
15124,11641.541
15125,13959.848
15126,10861.583
15127,11802.215
15128,11825.629
15129,10903.692
15130,10174.939
15131,9240.7705
15132,9474.381
15133,8709.236
15134,6693.394
15135,8906.793
15136,12520.92
15137,15958.274
15138,10268.472
15139,8906.47
15140,10364.287
15141,7514.119
15142,9002.01
15143,6682.1865
15144,13047.52
15145,10387.702
15146,9457.533
15147,16227.385
15148,10867.447
15149,9860.372
15150,10651.623
15151,5873.5728
15152,9237.123
15153,8486.538
15154,13561.116
15155,8413.801
15156,7717.402
15157,8963.884
15158,9997.113
15159,11593.719
15160,10312.736
15161,5840.3604
15162,11754.898
15163,11223.244
15164,11174.465
15165,8731.46
15166,7803.5146
15167,10877.734
15168,8174.9497
15169,13393.069
15170,9097.56
15171,8554.886
15172,9879.322
15173,10259.436
15174,8307.607
15175,10177.764
15176,10667.951
15177,13921.874
15178,13211.395
15179,10132.831
15180,6643.8765
15181,9370.243
15182,13702.399
15183,8256.924
15184,10448.184
15185,9157.105
15186,14041.595
15187,11531.774
15188,8704.046
15189,10361.401
15190,8026.1157
15191,12629.943
15192,9815.353
15193,14422.89
15194,9809.007
15195,10457.824
15196,8849.035
15197,6194.803
15198,11629.911
15199,8845.1875
15200,7301.16
15201,7305.981
15202,13598.495
15203,10356.165
15204,10854.603
15205,12117.872
15206,10140.952
15207,9077.07
15208,7700.5493
15209,13744.19
15210,9247.542
15211,10093.516
15212,11481.653
15213,8641.469
15214,11109.588
15215,9190.845
15216,6290.4346
15217,12506.216
15218,10311.045
15219,7385.869
15220,10516.558
15221,10039.825
15222,6621.7466
15223,14629.647
15224,9675.411
15225,11666.995
15226,8067.43
15227,8643.217
15228,9185.85
15229,6920.555
15230,11741.743
15231,7300.7427
15232,9220.495
15233,7468.7246
15234,9761.671
15235,8130.308
15236,9720.123
15237,11003.514
15238,11423.598
15239,9567.659
15240,11097.452
15241,9880.16
15242,12088.944
15243,13211.533
15244,9926.784
15245,5959.4863
15246,9476.007
15247,11049.65
15248,7530.298
15249,13880.959
15250,10723.077
15251,11897.092
15252,14878.652
15253,8671.439
15254,8128.9126
15255,14991.865
15256,13967.119
15257,8363.722
15258,12322.342
15259,13172.329
15260,10364.841
15261,8039.654
15262,10059.647
15263,8922.923
15264,9853.9795
15265,10235.676
15266,7792.098
15267,10411.388
15268,11177.491
15269,9984.744
15270,11797.961
15271,8679.035
15272,10236.008
15273,5887.865
15274,11194.797
15275,10561.842
15276,8785.308
15277,9847.111
15278,11558.652
15279,13313.3955
15280,9315.573
15281,8907.311
15282,10992.888
15283,10148.189
15284,11455.97
15285,6680.7715
15286,7778.079
15287,11666.395
15288,8560.28
15289,9644.196
15290,11406.124
15291,10215.468
15292,10727.916
15293,8049.79
15294,6629.077
15295,10112.691
15296,9786.327
15297,10580.636
15298,13188.733
15299,12998.879
15300,7289.547
15301,12411.523
15302,6402.5537
15303,6335.584
15304,10504.308
15305,13661.373
15306,11085.159
15307,10288.313
15308,9139.654
15309,10560.341
15310,13965.001
15311,9669.387
15312,12511.645
15313,9213.7
15314,7694.47
15315,9619.026
15316,8797.046
15317,9071.679
15318,8192.973
15319,9495.722
15320,7640.3384
15321,10788.671
15322,11582.235
15323,9419.041
15324,9301.022
15325,10223.1875
15326,8427.068
15327,8569.8955
15328,12126.196
15329,11359.961
15330,10833.917
15331,6751.6665
15332,14325.171
15333,10545.837
15334,9792.163
15335,14707.67
15336,12623.922
15337,11075.405
15338,9266.896
15339,10799.6455
15340,13131.449
15341,16100.004
15342,8625.807
15343,8464.26
15344,7930.774
15345,10132.898
15346,9686.769
15347,11386.6455
15348,12956.313
15349,9569.794
15350,6880.8203
15351,9946.98
15352,10555.266
15353,7948.2666
15354,11111.993
15355,7303.18
15356,11189.257
15357,11526.573
15358,10654.631
15359,12653.225
15360,9354.526
15361,7324.198
15362,9320.462
15363,11154.808
15364,11565.468
15365,10923.6045
15366,11938.022
15367,9805.743
15368,7231.232
15369,12751.975
15370,7378.9404
15371,14517.867
15372,9293.733
15373,8705.324
15374,11285.404
15375,9414.909
15376,10070.985
15377,10723.875
15378,6313.276
15379,7529.6084
15380,11321.865
15381,12653.141
15382,13252.359
15383,8814.423
15384,9777.642
15385,11360.926
15386,10137.626
15387,8488.182
15388,13469.545
15389,12286.433
15390,14016.574
15391,8018.1353
15392,9107.544
15393,10344.378
15394,10875.037
15395,9093.907
15396,14173.533
15397,10893.495
15398,8590.109
15399,9141.903
15400,7710.9565
15401,8119.3506
15402,10142.81
15403,8481.586
15404,9029.51
15405,15182.81
15406,9534.609
15407,10079.8545
15408,11147.427
15409,0.0
15410,0.0
15411,0.0
15412,0.0
15413,0.0
15414,0.0
15415,0.0
15416,0.0
15417,0.0
15418,0.0
15419,0.0
15420,0.0
15421,0.0
15422,0.0
15423,0.0
15424,0.0
15425,0.0
15426,0.0
15427,0.0
15428,0.0
15429,0.0
15430,0.0
15431,0.0
15432,0.0
15433,0.0
15434,0.0
15435,0.0
15436,0.0
15437,0.0
15438,0.0
15439,0.0
15440,0.0
15441,0.0
15442,0.0
15443,0.0
15444,0.0
15445,0.0
15446,0.0
15447,0.0
15448,0.0
15449,0.0
15450,0.0
15451,0.0
15452,0.0
15453,0.0
15454,0.0
15455,0.0
15456,0.0
15457,0.0
15458,0.0
15459,0.0
15460,0.0
15461,0.0
15462,0.0
15463,0.0
15464,0.0
15465,0.0
15466,0.0
15467,0.0
15468,0.0
15469,0.0
15470,0.0
15471,0.0
15472,0.0
15473,0.0
15474,0.0
15475,0.0
15476,0.0
15477,0.0
15478,0.0
15479,0.0
15480,0.0
15481,0.0
15482,0.0
15483,0.0
15484,0.0
15485,0.0
15486,0.0
15487,0.0
15488,0.0
15489,0.0
15490,0.0
15491,0.0
15492,0.0
15493,0.0
15494,0.0
15495,0.0
15496,0.0
15497,0.0
15498,0.0
15499,0.0
15500,4027.9226
15501,0.0
15502,0.0
15503,0.0
15504,0.0
15505,0.0
15506,0.0
15507,0.0
15508,0.0
15509,0.0
15510,0.0
15511,0.0
15512,0.0
15513,0.0
15514,0.0
15515,0.0
15516,0.0
15517,0.0
15518,0.0
15519,0.0
15520,0.0
15521,0.0
15522,0.0
15523,0.0
15524,0.0
15525,0.0
15526,0.0
15527,0.0
15528,0.0
15529,0.0
15530,0.0
15531,0.0
15532,0.0
15533,0.0
15534,0.0
15535,0.0
15536,0.0
15537,0.0
15538,0.0
15539,0.0
15540,0.0
15541,0.0
15542,0.0
15543,0.0
15544,0.0
15545,0.0
15546,0.0
15547,0.0
15548,0.0
15549,0.0
15550,0.0
15551,0.0
15552,0.0
15553,0.0
15554,0.0
15555,0.0
15556,0.0
15557,0.0
15558,0.0
15559,0.0
15560,0.0
15561,0.0
15562,0.0
15563,0.0
15564,0.0
15565,0.0
15566,0.0
15567,0.0
15568,3137.3655
15569,0.0
15570,0.0
15571,0.0
15572,0.0
15573,0.0
15574,0.0
15575,0.0
15576,0.0
15577,0.0
15578,0.0
15579,0.0
15580,0.0
15581,0.0
15582,0.0
15583,0.0
15584,0.0
15585,0.0
15586,0.0
15587,0.0
15588,0.0
15589,0.0
15590,0.0
15591,0.0
15592,0.0
15593,0.0
15594,0.0
15595,0.0
15596,0.0
15597,0.0
15598,0.0
15599,0.0
15600,0.0
15601,0.0
15602,0.0
15603,0.0
15604,0.0
15605,0.0
15606,0.0
15607,0.0
15608,0.0
15609,13684.729
15610,5900.712
15611,0.0
15612,0.0
15613,0.0
15614,0.0
15615,0.0
15616,0.0
15617,0.0
15618,5614.578
15619,0.0
15620,0.0
15621,0.0
15622,0.0
15623,0.0
15624,0.0
15625,0.0
15626,0.0
15627,0.0
15628,0.0
15629,0.0
15630,0.0
15631,0.0
15632,0.0
15633,0.0
15634,0.0
15635,0.0
15636,0.0
15637,4306.2354
15638,0.0
15639,0.0
15640,0.0
15641,0.0
15642,0.0
15643,0.0
15644,0.0
15645,0.0
15646,0.0
15647,3967.749
15648,0.0
15649,0.0
15650,0.0
15651,0.0
15652,0.0
15653,0.0
15654,0.0
15655,0.0
15656,0.0
15657,0.0
15658,0.0
15659,0.0
15660,0.0
15661,0.0
15662,0.0
15663,0.0
15664,0.0
15665,8855.925
15666,0.0
15667,0.0
15668,0.0
15669,0.0
15670,0.0
15671,0.0
15672,0.0
15673,0.0
15674,0.0
15675,0.0
15676,0.0
15677,0.0
15678,0.0
15679,0.0
15680,0.0
15681,0.0
15682,6988.993
15683,0.0
15684,0.0
15685,0.0
15686,0.0
15687,0.0
15688,0.0
15689,0.0
15690,0.0
15691,0.0
15692,0.0
15693,0.0
15694,0.0
15695,0.0
15696,0.0
15697,0.0
15698,0.0
15699,0.0
15700,0.0
15701,0.0
15702,0.0
15703,0.0
15704,0.0
15705,0.0
15706,0.0
15707,0.0
15708,0.0
15709,0.0
15710,0.0
15711,0.0
15712,0.0
15713,0.0
15714,0.0
15715,0.0
15716,0.0
15717,0.0
15718,0.0
15719,0.0
15720,0.0
15721,0.0
15722,0.0
15723,0.0
15724,0.0
15725,0.0
15726,0.0
15727,0.0
15728,0.0
15729,0.0
15730,0.0
15731,0.0
15732,0.0
15733,0.0
15734,0.0
15735,0.0
15736,0.0
15737,0.0
15738,0.0
15739,0.0
15740,0.0
15741,0.0
15742,0.0
15743,0.0
15744,2943.1729
15745,0.0
15746,0.0
15747,0.0
15748,0.0
15749,0.0
15750,0.0
15751,0.0
15752,0.0
15753,0.0
15754,0.0
15755,0.0
15756,0.0
15757,0.0
15758,5055.4766
15759,0.0
15760,0.0
15761,0.0
15762,0.0
15763,0.0
15764,0.0
15765,0.0
15766,0.0
15767,0.0
15768,0.0
15769,0.0
15770,0.0
15771,0.0
15772,0.0
15773,0.0
15774,0.0
15775,0.0
15776,0.0
15777,0.0
15778,0.0
15779,0.0
15780,0.0
15781,0.0
15782,0.0
15783,0.0
15784,0.0
15785,0.0
15786,0.0
15787,0.0
15788,0.0
15789,0.0
15790,0.0
15791,0.0
15792,0.0
15793,0.0
15794,0.0
15795,0.0
15796,0.0
15797,0.0
15798,0.0
15799,0.0
15800,0.0
15801,6409.721
15802,0.0
15803,0.0
15804,0.0
15805,0.0
15806,0.0
15807,0.0
15808,0.0
15809,0.0
15810,0.0
15811,3989.9336
15812,0.0
15813,0.0
15814,0.0
15815,4247.882
15816,0.0
15817,0.0
15818,0.0
15819,0.0
15820,0.0
15821,0.0
15822,0.0
15823,0.0
15824,0.0
15825,0.0
15826,0.0
15827,0.0
15828,0.0
15829,0.0
15830,0.0
15831,0.0
15832,0.0
15833,0.0
15834,0.0
15835,0.0
15836,0.0
15837,0.0
15838,0.0
15839,0.0
15840,0.0
15841,0.0
15842,5893.748
15843,0.0
15844,0.0
15845,0.0
15846,0.0
15847,0.0
15848,0.0
15849,0.0
15850,0.0
15851,0.0
15852,0.0
15853,0.0
15854,0.0
15855,0.0
15856,5498.977
15857,0.0
15858,0.0
15859,0.0
15860,0.0
15861,0.0
15862,0.0
15863,0.0
15864,0.0
15865,0.0
15866,0.0
15867,0.0
15868,0.0
15869,0.0
15870,0.0
15871,0.0
15872,0.0
15873,0.0
15874,0.0
15875,0.0
15876,0.0
15877,0.0
15878,0.0
15879,0.0
15880,0.0
15881,0.0
15882,0.0
15883,0.0
15884,0.0
15885,0.0
15886,0.0
15887,0.0
15888,0.0
15889,0.0
15890,0.0
15891,0.0
15892,0.0
15893,0.0
15894,0.0
15895,0.0
15896,0.0
15897,0.0
15898,0.0
15899,0.0
15900,0.0
15901,0.0
15902,0.0
15903,0.0
15904,0.0
15905,0.0
15906,0.0
15907,0.0
15908,0.0
15909,0.0
15910,0.0
15911,0.0
15912,0.0
15913,0.0
15914,0.0
15915,0.0
15916,0.0
15917,0.0
15918,0.0
15919,0.0
15920,0.0
15921,0.0
15922,0.0
15923,0.0
15924,0.0
15925,0.0
15926,0.0
15927,0.0
15928,0.0
15929,0.0
15930,0.0
15931,9425.602
15932,0.0
15933,0.0
15934,0.0
15935,0.0
15936,0.0
15937,0.0
15938,0.0
15939,0.0
15940,0.0
15941,0.0
15942,0.0
15943,0.0
15944,0.0
15945,0.0
15946,0.0
15947,0.0
15948,0.0
15949,0.0
15950,0.0
15951,0.0
15952,0.0
15953,0.0
15954,0.0
15955,0.0
15956,0.0
15957,0.0
15958,0.0
15959,0.0
15960,0.0
15961,0.0
15962,0.0
15963,0.0
15964,0.0
15965,0.0
15966,0.0
15967,0.0
15968,0.0
15969,0.0
15970,0.0
15971,0.0
15972,0.0
15973,0.0
15974,0.0
15975,3955.637
15976,6131.1934
15977,0.0
15978,0.0
15979,0.0
15980,0.0
15981,0.0
15982,0.0
15983,0.0
15984,0.0
15985,0.0
15986,0.0
15987,0.0
15988,0.0
15989,0.0
15990,0.0
15991,0.0
15992,0.0
15993,0.0
15994,0.0
15995,0.0
15996,0.0
15997,0.0
15998,0.0
15999,0.0
16000,0.0
16001,0.0
16002,0.0
16003,0.0
16004,9511.901
16005,0.0
16006,0.0
16007,0.0
16008,0.0
16009,0.0
16010,0.0
16011,0.0
16012,0.0
16013,0.0
16014,0.0
16015,0.0
16016,0.0
16017,0.0
16018,0.0
16019,0.0
16020,0.0
16021,0.0
16022,0.0
16023,0.0
16024,0.0
16025,0.0
16026,0.0
16027,0.0
16028,0.0
16029,0.0
16030,0.0
16031,0.0
16032,0.0
16033,0.0
16034,0.0
16035,0.0
16036,0.0
16037,0.0
16038,0.0
16039,0.0
16040,0.0
16041,0.0
16042,0.0
16043,0.0
16044,0.0
16045,0.0
16046,0.0
16047,0.0
16048,0.0
16049,0.0
16050,0.0
16051,0.0
16052,0.0
16053,0.0
16054,0.0
16055,0.0
16056,0.0
16057,0.0
16058,0.0
16059,0.0
16060,0.0
16061,0.0
16062,0.0
16063,0.0
16064,0.0
16065,0.0
16066,0.0
16067,0.0
16068,0.0
16069,0.0
16070,0.0
16071,0.0
16072,0.0
16073,0.0
16074,3887.3804
16075,0.0
16076,0.0
16077,0.0
16078,2985.165
16079,0.0
16080,0.0
16081,0.0
16082,0.0
16083,0.0
16084,0.0
16085,0.0
16086,0.0
16087,0.0
16088,0.0
16089,0.0
16090,0.0
16091,0.0
16092,0.0
16093,0.0
16094,0.0
16095,0.0
16096,0.0
16097,0.0
16098,0.0
16099,0.0
16100,0.0
16101,0.0
16102,0.0
16103,0.0
16104,0.0
16105,0.0
16106,0.0
16107,0.0
16108,0.0
16109,0.0
16110,0.0
16111,0.0
16112,0.0
16113,0.0
16114,0.0
16115,0.0
16116,0.0
16117,0.0
16118,0.0
16119,0.0
16120,0.0
16121,0.0
16122,0.0
16123,0.0
16124,0.0
16125,0.0
16126,0.0
16127,0.0
16128,0.0
16129,2407.5803
16130,0.0
16131,0.0
16132,0.0
16133,0.0
16134,0.0
16135,0.0
16136,0.0
16137,0.0
16138,0.0
16139,0.0
16140,0.0
16141,0.0
16142,0.0
16143,0.0
16144,8550.774
16145,0.0
16146,0.0
16147,0.0
16148,0.0
16149,0.0
16150,0.0
16151,0.0
16152,0.0
16153,0.0
16154,0.0
16155,0.0
16156,0.0
16157,0.0
16158,0.0
16159,0.0
16160,0.0
16161,0.0
16162,0.0
16163,0.0
16164,0.0
16165,0.0
16166,0.0
16167,0.0
16168,0.0
16169,0.0
16170,0.0
16171,0.0
16172,0.0
16173,0.0
16174,0.0
16175,0.0
16176,0.0
16177,0.0
16178,0.0
16179,0.0
16180,0.0
16181,0.0
16182,0.0
16183,0.0
16184,0.0
16185,0.0
16186,0.0
16187,0.0
16188,0.0
16189,0.0
16190,0.0
16191,0.0
16192,0.0
16193,0.0
16194,0.0
16195,0.0
16196,0.0
16197,0.0
16198,0.0
16199,0.0
16200,0.0
16201,0.0
16202,0.0
16203,0.0
16204,0.0
16205,0.0
16206,0.0
16207,0.0
16208,5101.3403
16209,0.0
16210,0.0
16211,0.0
16212,0.0
16213,0.0
16214,0.0
16215,0.0
16216,0.0
16217,0.0
16218,0.0
16219,0.0
16220,0.0
16221,0.0
16222,0.0
16223,0.0
16224,0.0
16225,0.0
16226,0.0
16227,0.0
16228,0.0
16229,0.0
16230,0.0
16231,0.0
16232,0.0
16233,0.0
16234,0.0
16235,0.0
16236,0.0
16237,0.0
16238,0.0
16239,0.0
16240,0.0
16241,0.0
16242,0.0
16243,0.0
16244,0.0
16245,0.0
16246,0.0
16247,0.0
16248,0.0
16249,9920.519
16250,5478.695
16251,0.0
16252,0.0
16253,0.0
16254,0.0
16255,0.0
16256,0.0
16257,0.0
16258,0.0
16259,0.0
16260,0.0
16261,0.0
16262,0.0
16263,0.0
16264,0.0
16265,4576.5747
16266,5164.74
16267,6772.1504
16268,3680.845
16269,6166.606
16270,4625.351
16271,7054.998
16272,7032.8535
16273,4633.1313
16274,3981.6033
16275,6500.1143
16276,5934.912
16277,5194.369
16278,5825.8887
16279,5570.2505
16280,3868.7505
16281,4895.056
16282,8130.8896
16283,9212.47
16284,8060.8076
16285,7259.219
16286,5039.526
16287,5929.0786
16288,2619.7476
16289,8376.399
16290,8086.7666
16291,9259.987
16292,6161.9966
16293,3535.8167
16294,5385.751
16295,5813.826
16296,8648.379
16297,5615.617
16298,6116.5903
16299,5478.35
16300,6426.5806
16301,3339.0686
16302,7377.526
16303,4233.3354
16304,7414.0166
16305,7334.6636
16306,4175.9736
16307,7969.005
16308,6375.5146
16309,5173.0483
16310,4536.8687
16311,7320.504
16312,9990.364
16313,6001.304
16314,6005.1353
16315,8147.9614
16316,8268.517
16317,6233.645
16318,7521.1245
16319,3366.177
16320,3171.6504
16321,5373.9277
16322,6052.9634
16323,8160.841
16324,7784.365
16325,4584.505
16326,7917.8345
16327,7577.157
16328,6652.5005
16329,3393.2886
16330,10423.808
16331,4202.091
16332,4879.886
16333,7902.2773
16334,5215.3994
16335,5763.641
16336,4020.5637
16337,6004.9404
16338,5279.7886
16339,5668.5024
16340,8481.748
16341,7104.7393
16342,6417.3496
16343,3654.3462
16344,7084.8306
16345,11685.615
16346,5679.207
16347,3548.9314
16348,7100.532
16349,5915.0815
16350,7549.6
16351,8936.848
16352,3065.2822
16353,7724.376
16354,4911.215
16355,6583.9653
16356,5929.8706
16357,3457.9448
16358,5431.2573
16359,5694.6177
16360,8068.769
16361,8193.599
16362,4753.326
16363,5288.5337
16364,6989.3
16365,6466.141
16366,5036.33
16367,7232.763
16368,5139.3286
16369,6607.7275
16370,5136.7705
16371,3673.759
16372,6024.4746
16373,6403.0547
16374,7415.4453
16375,7584.945
16376,8041.9395
16377,4846.186
16378,7608.138
16379,3879.205
16380,4551.6455
16381,8006.26
16382,7360.861
16383,7628.135
16384,8939.823
16385,6993.114
16386,5096.7734
16387,6903.21
16388,7785.5757
16389,4697.0625
16390,3011.2534
16391,5954.3325
16392,5305.485
16393,6652.4053
16394,4478.235
16395,6221.2837
16396,7231.659
16397,6436.6597
16398,5990.815
16399,3452.9312
16400,6407.209
16401,7305.312
16402,4302.7905
16403,5712.7725
16404,3666.8477
16405,6044.0728
16406,3978.6797
16407,4921.673
16408,4679.4204
16409,7643.2686
16410,6154.918
16411,7308.546
16412,10996.516
16413,4241.0596
16414,4814.3438
16415,10580.282
16416,5975.429
16417,7768.6704
16418,6658.2266
16419,5419.6704
16420,6278.1167
16421,4875.6895
16422,5747.66
16423,9116.356
16424,4714.083
16425,1978.4366
16426,3798.2446
16427,7512.9795
16428,9694.977
16429,6525.895
16430,6689.903
16431,4443.665
16432,3257.3025
16433,2504.6309
16434,3939.2083
16435,5717.728
16436,7237.2417
16437,6029.844
16438,4810.3506
16439,7997.7266
16440,7946.9097
16441,7435.7085
16442,5228.559
16443,8193.528
16444,9925.25
16445,4405.7217
16446,6407.832
16447,5424.108
16448,6572.7153
16449,3237.2505
16450,5637.659
16451,5298.076
16452,8020.361
16453,6268.244
16454,7787.7217
16455,7719.198
16456,5033.895
16457,8025.1816
16458,7924.6943
16459,9162.705
16460,4497.233
16461,2665.3376
16462,6383.1997
16463,9446.8955
16464,5091.671
16465,8353.557
16466,5536.5874
16467,4908.5923
16468,3346.0964
16469,10403.765
16470,3835.1113
16471,7574.7295
16472,4201.522
16473,6028.2397
16474,3304.5188
16475,7661.501
16476,5690.2417
16477,5761.6406
16478,9577.647
16479,6360.251
16480,6036.416
16481,6934.4775
16482,6023.6587
16483,5813.055
16484,8809.2705
16485,5132.7686
16486,6570.2583
16487,5150.3457
16488,4087.6824
16489,5156.3623
16490,4837.18
16491,5491.4243
16492,8098.7617
16493,6266.2354
16494,7553.5186
16495,4756.351
16496,4234.1797
16497,4681.488
16498,5528.803
16499,5878.729
16500,3533.1936
16501,8180.027
16502,5899.5806
16503,6925.6133
16504,5865.8574
16505,4689.3896
16506,3931.4976
16507,3270.4792
16508,8946.067
16509,6355.042
16510,6555.1035
16511,8160.9033
16512,7069.7637
16513,5052.9844
16514,5408.7993
16515,3473.172
16516,5242.2124
16517,4576.8584
16518,4844.4897
16519,8596.92
16520,5390.9165
16521,9019.474
16522,10795.402
16523,5293.2627
16524,6566.4175
16525,4680.876
16526,5441.3794
16527,5123.3916
16528,11503.06
16529,6563.412
16530,7163.1753
16531,3874.8447
16532,5782.8267
16533,5252.1675
16534,7961.5444
16535,7272.4004
16536,5415.309
16537,7133.9653
16538,4597.827
16539,8365.987
16540,7310.484
16541,6067.3506
16542,9338.712
16543,7189.8843
16544,8364.072
16545,3591.4998
16546,6027.544
16547,4942.995
16548,8744.145
16549,7486.6123
16550,7634.4087
16551,6668.192
16552,8243.673
16553,5071.478
16554,6615.074
16555,6440.2397
16556,3351.8792
16557,12130.985
16558,6513.6567
16559,7361.7803
16560,7592.4365
16561,7666.6035
16562,8665.627
16563,8248.03
16564,3878.5945
16565,5113.8125
16566,5950.1826
16567,8012.0044
16568,3136.6682
16569,4742.683
16570,5535.864
16571,5245.4785
16572,5488.8423
16573,3534.633
16574,3660.899
16575,6640.3984
16576,3748.7896
16577,5060.7793
16578,5893.1406
16579,5768.5913
16580,9116.8
16581,11407.56
16582,5746.169
16583,7598.964
16584,6627.471
16585,10406.632
16586,6331.2705
16587,3509.8562
16588,5220.3867
16589,11766.093
16590,4321.8813
16591,7399.5977
16592,2596.527
16593,4038.152
16594,7027.811
16595,6361.052
16596,5460.4453
16597,8440.961
16598,9280.181
16599,8436.389
16600,4103.141
16601,10799.109
16602,2863.2615
16603,4220.079
16604,6821.082
16605,5096.7
16606,10018.303
16607,3613.08
16608,5079.805
16609,6554.985
16610,9295.772
16611,9512.673
16612,5578.5664
16613,3721.802
16614,6864.2944
16615,8465.826
16616,5544.0283
16617,5141.221
16618,8745.996
16619,6783.1597
16620,5355.6084
16621,4503.8228
16622,7620.0337
16623,5450.579
16624,12024.217
16625,8574.965
16626,11748.688
16627,6779.4277
16628,4844.675
16629,2845.146
16630,6144.9634
16631,5951.312
16632,4763.048
16633,8704.769
16634,5387.9966
16635,3426.5295
16636,6869.803
16637,3647.1687
16638,8852.471
16639,7280.951
16640,7249.7954
16641,7991.36
16642,5144.2725
16643,7230.7905
16644,7236.282
16645,5157.858
16646,6108.673
16647,4705.39
16648,9575.674
16649,6417.258
16650,3638.4778
16651,5997.7334
16652,8361.871
16653,6243.1475
16654,4524.3833
16655,5905.7285
16656,5568.4175
16657,4784.1304
16658,5305.5913
16659,9562.0205
16660,5321.7393
16661,4130.6978
16662,6659.9478
16663,5978.0117
16664,3686.425
16665,5099.331
16666,8672.217
16667,6636.479
16668,10538.085
16669,8818.005
16670,7193.115
16671,4351.965
16672,4526.05
16673,10207.248
16674,8023.345
16675,7425.4814
16676,5773.419
16677,6147.9595
16678,5204.68
16679,3039.2246
16680,11977.975
16681,5975.418
16682,6489.9976
16683,5210.129
16684,1644.2917
16685,8399.896
16686,5936.3105
16687,4474.1826
16688,4207.9233
16689,6906.5293
16690,5831.582
16691,5057.802
16692,9543.462
16693,3879.1938
16694,5063.198
16695,4191.034
16696,3238.5632
16697,5568.487
16698,4894.5566
16699,5632.617
16700,5658.055
16701,5847.869
16702,4236.939
16703,3974.7725
16704,5478.606
16705,3805.901
16706,9281.243
16707,6782.2993
16708,3253.8271
16709,8075.4517
16710,3505.563
16711,4328.577
16712,7587.2095
16713,8119.459
16714,9813.144
16715,3253.4485
16716,5798.6514
16717,4736.376
16718,5124.3887
16719,11505.748
16720,10448.203
16721,5210.656
16722,3506.814
16723,5810.583
16724,4828.73
16725,3110.6865
16726,7885.1416
16727,4753.911
16728,6284.084
16729,6999.874
16730,5107.48
16731,5564.6636
16732,6246.1616
16733,7496.1943
16734,7099.699
16735,3360.235
16736,5652.4233
16737,7312.6875
16738,8578.099
16739,6797.577
16740,7167.344
16741,2959.6611
16742,8971.428
16743,5443.4146
16744,3722.4268
16745,5667.8857
16746,4930.502
16747,5005.559
16748,6421.764
16749,4893.2354
16750,7282.7153
16751,4709.508
16752,7509.8057
16753,8198.484
16754,5685.3643
16755,7572.6562
16756,6032.3296
16757,3489.5215
16758,11241.596
16759,4679.9785
16760,3078.7427
16761,6926.241
16762,10479.312
16763,9987.593
16764,4465.1143
16765,4929.5615
16766,6848.4883
16767,7456.838
16768,5212.7983
16769,7894.578
16770,2617.1196
16771,5652.0786
16772,5003.1006
16773,3774.633
16774,3375.1096
16775,7412.1924
16776,7048.864
16777,4844.032
16778,6023.211
16779,7769.011
16780,7880.0063
16781,4511.072
16782,5659.086
16783,5781.106
16784,6717.2627
16785,6136.6987
16786,3375.1096
16787,5381.9766
16788,7475.4385
16789,6483.885
16790,6160.692
16791,3015.482
16792,9200.352
16793,4432.5693
16794,8430.292
16795,5818.0977
16796,4914.6265
16797,8377.406
16798,4759.651
16799,5141.084
16800,8777.853
16801,3742.1975
16802,6794.647
16803,9639.157
16804,7994.2188
16805,3265.566
16806,5631.253
16807,3253.886
16808,2907.0383
16809,5878.23
16810,6392.668
16811,6042.626
16812,4976.343
16813,6421.354
16814,5667.2803
16815,10697.529
16816,4931.0947
16817,6836.2515
16818,4901.808
16819,6277.8716
16820,5697.8345
16821,6393.973
16822,7693.6777
16823,8720.607
16824,7225.5576
16825,5936.7354
16826,5553.8994
16827,3371.7659
16828,5685.272
16829,8956.594
16830,7318.675
16831,4993.108
16832,5335.824
16833,4191.8223
16834,5486.1836
16835,5015.0264
16836,8293.167
16837,9389.424
16838,7058.3364
16839,7340.7944
16840,7755.019
16841,7443.2373
16842,5952.7993
16843,5747.7095
16844,3376.3977
16845,5410.1357
16846,3795.4846
16847,3767.3882
16848,7751.107
16849,12046.014
16850,5506.2993
16851,3543.8096
16852,5128.7114
16853,4188.4165
16854,5623.223
16855,2821.667
16856,6859.988
16857,6321.863
16858,4093.965
16859,9976.32
16860,8941.443
16861,4931.913
16862,5733.1777
16863,3787.5747
16864,4687.471
16865,4485.045
16866,8619.844
16867,4417.3066
16868,4386.2397
16869,4967.597
16870,5557.5503
16871,6294.1377
16872,6914.808
16873,3050.0906
16874,8361.752
16875,6546.1436
16876,5689.183
16877,4430.5825
16878,4361.9023
16879,5211.8833
16880,4331.138
16881,9554.199
16882,5424.2837
16883,4393.044
16884,6592.254
16885,5667.0967
16886,5819.1245
16887,5460.336
16888,5834.67
16889,10040.199
16890,7131.9517
16891,6094.2515
16892,3948.4553
16893,4823.298
16894,8932.067
16895,4473.402
16896,5113.364
16897,5494.0386
16898,11882.09
16899,7606.1064
16900,4532.543
16901,6036.9575
16902,4699.967
16903,7165.9087
16904,6045.2837
16905,9780.654
16906,6802.2925
16907,5478.904
16908,4642.6074
16909,2402.5574
16910,5242.5874
16911,8219.413
16912,2793.1191
16913,5275.5854
16914,7008.3115
16915,7748.2095
16916,5936.3164
16917,8147.8604
16918,6038.8003
16919,6159.3696
16920,3076.9429
16921,7511.2095
16922,4457.6836
16923,6627.8315
16924,8727.188
16925,4173.433
16926,7584.4966
16927,6498.868
16928,2920.4895
16929,7253.8623
16930,6144.893
16931,3192.572
16932,8230.757
16933,6524.1274
16934,4127.543
16935,9965.735
16936,7240.2173
16937,7237.9873
16938,4438.9966
16939,3981.0715
16940,5571.398
16941,2303.4001
16942,6335.469
16943,2834.704
16944,5975.053
16945,3590.7769
16946,5188.8076
16947,5213.226
16948,5269.7007
16949,6035.748
16950,8568.425
16951,5650.515
16952,7841.372
16953,5801.6445
16954,6708.0815
16955,8569.315
16956,6920.245
16957,2957.0957
16958,5389.333
16959,5933.865
16960,4690.763
16961,11604.206
16962,6684.0923
16963,7484.2993
16964,9686.657
16965,6395.901
16966,3010.4404
16967,9267.338
16968,8652.124
16969,6657.655
16970,7698.603
16971,7642.7944
16972,7949.9497
16973,5403.7407
16974,5064.2026
16975,4034.4404
16976,6066.506
16977,7572.851
16978,3657.7292
16979,7547.9224
16980,7386.9473
16981,5161.032
16982,7393.1567
16983,4704.8066
16984,7298.863
16985,3228.5964
16986,5903.797
16987,5847.6294
16988,4154.724
16989,6735.9395
16990,7570.338
16991,8313.378
16992,6239.1533
16993,4263.1123
16994,6253.81
16995,6870.576
16996,8113.2812
16997,3404.637
16998,3479.7517
16999,8851.095
17000,5455.916
17001,0.0
17002,7803.634
17003,6828.9326
17004,6882.317
17005,4872.4907
17006,2635.0405
17007,6175.088
17008,6383.1997
17009,5784.8237
17010,8854.878
17011,7239.092
17012,3972.3164
17013,6983.562
17014,3184.487
17015,1410.5414
17016,6123.2974
17017,9496.31
17018,6338.8237
17019,4987.9907
17020,4004.7476
17021,5823.222
17022,9677.7
17023,6349.3345
17024,8875.128
17025,5279.396
17026,4558.702
17027,4240.7603
17028,6656.36
17029,4016.2705
17030,3298.107
17031,4893.651
17032,3858.0298
17033,7381.953
17034,5748.7896
17035,5379.2715
17036,5477.9424
17037,7627.938
17038,4813.7974
17039,3938.6145
17040,9312.722
17041,7523.3843
17042,6967.0557
17043,2526.555
17044,6944.79
17045,5350.538
17046,4606.361
17047,8913.82
17048,9103.375
17049,6677.0767
17050,6394.7476
17051,6567.0566
17052,7756.0693
17053,10854.582
17054,3855.587
17055,4339.939
17056,5273.231
17057,6454.895
17058,5910.3213
17059,8815.743
17060,7283.813
17061,6594.499
17062,3297.6035
17063,6825.8066
17064,6111.225
17065,3997.0154
17066,6780.2944
17067,3565.5625
17068,7120.974
17069,6434.714
17070,5647.503
17071,6671.6274
17072,4285.014
17073,4892.498
17074,6990.6396
17075,6054.534
17076,8091.0254
17077,6142.977
17078,7840.063
17079,5453.3354
17080,3637.8496
17081,8677.355
17082,3469.569
17083,10576.973
17084,5497.399
17085,4916.0146
17086,7184.373
17087,5261.133
17088,4789.217
17089,6133.369
17090,2588.5679
17091,3609.4285
17092,6133.3223
17093,7060.6865
17094,9515.204
17095,5558.144
17096,6077.701
17097,5308.831
17098,6328.771
17099,3799.172
17100,10178.084
17101,7170.7905
17102,12034.6
17103,5481.8154
17104,5264.345
17105,7113.5405
17106,6780.398
17107,4002.6165
17108,8561.383
17109,6935.278
17110,4949.544
17111,6178.2983
17112,4598.41
17113,3593.5938
17114,5651.879
17115,4072.1694
17116,3843.311
17117,8713.308
17118,6231.4272
17119,7982.051
17120,7316.204
17121,4400.564
17122,6794.0186
17123,8314.361
17124,5034.654
17125,6287.699
17126,5093.9443
17127,7473.5703
17128,6999.781
17129,4673.6885
17130,5402.89
17131,6792.133
17132,7178.277
17133,6644.593
17134,6630.361
17135,5309.839
17136,4462.2144
17137,5328.8306
17138,9180.366
17139,10108.911
17140,8846.537
17141,6868.519
17142,4852.4863
17143,5853.126
17144,3929.7126
17145,8254.216
17146,9093.734
17147,8976.82
17148,5847.8525
17149,4508.8433
17150,4670.555
17151,5404.2354
17152,9477.833
17153,7065.463
17154,5385.828
17155,5218.9873
17156,7131.659
17157,4034.2134
17158,6833.8
17159,4054.8853
17160,6912.896
17161,6776.04
17162,5341.2065
17163,7095.272
17164,6088.7725
17165,4594.806
17166,6132.632
17167,6574.389
17168,9875.063
17169,5837.9824
17170,6700.35
17171,7162.765
17172,8862.313
17173,6338.086
17174,8940.36
17175,4209.9907
17176,4308.828
17177,5866.3726
17178,6197.522
17179,8724.484
17180,7271.735
17181,5123.9585
17182,7021.821
17183,6414.1675
17184,8757.599
17185,3915.1763
17186,10730.976
17187,4364.6323
17188,5671.06
17189,7920.553
17190,5175.1655
17191,5669.032
17192,6165.1416
17193,6825.416
17194,5457.8315
17195,5066.319
17196,7716.5776
17197,7141.1885
17198,6766.1978
17199,4460.2827
17200,6650.2803
17201,10906.074
17202,6368.9385
17203,4387.0264
17204,6595.5684
17205,5654.9956
17206,6890.974
17207,7328.223
17208,3986.658
17209,7244.528
17210,5356.4766
17211,6989.386
17212,6187.298
17213,4972.9736
17214,6214.9614
17215,5103.6084
17216,7349.9585
17217,8718.429
17218,5133.3516
17219,4977.5674
17220,6214.89
17221,5991.0093
17222,4912.536
17223,7923.266
17224,6249.8804
17225,7247.0645
17226,5388.716
17227,4617.0195
17228,6244.16
17229,7333.3765
17230,7541.748
17231,7813.107
17232,7789.1035
17233,5499.974
17234,7712.3687
17235,5349.3696
17236,6120.4653
17237,7822.8306
17238,6516.3164
17239,8828.154
17240,7567.9053
17241,7312.2275
17242,5420.0737
17243,7073.2236
17244,7476.137
17245,5717.777
17246,3819.5288
17247,5514.1465
17248,6635.5234
17249,6797.039
17250,5037.6997
17251,7554.3037
17252,6453.036
17253,5941.3296
17254,5514.0146
17255,5050.3774
17256,6525.9326
17257,6906.9707
17258,6065.771
17259,5417.0137
17260,4541.506
17261,6611.9263
17262,3741.041
17263,6100.5034
17264,4470.9443
17265,8350.347
17266,6357.8857
17267,6159.393
17268,8500.91
17269,4257.6177
17270,4821.099
17271,10236.906
17272,6562.542
17273,7502.8965
17274,7411.0474
17275,5577.045
17276,5740.2856
17277,5808.6157
17278,6995.969
17279,10043.81
17280,5039.656
17281,2628.259
17282,4493.7637
17283,7756.3135
17284,9254.054
17285,6018.0825
17286,6710.1865
17287,4783.2676
17288,4812.8057
17289,3330.2092
17290,4534.6836
17291,5763.7734
17292,6643.68
17293,6667.079
17294,5966.4595
17295,7847.3726
17296,8251.106
17297,7210.604
17298,4704.95
17299,8733.309
17300,10259.475
17301,5601.6274
17302,7452.429
17303,5079.1753
17304,6721.9863
17305,4187.402
17306,5898.725
17307,5402.648
17308,7933.3384
17309,7067.3096
17310,7939.5684
17311,7784.989
17312,5571.0264
17313,7728.6724
17314,7756.35
17315,9774.406
17316,5336.7197
17317,2429.3457
17318,6004.03
17319,9079.321
17320,5427.591
17321,9705.301
17322,6274.6147
17323,3896.7998
17324,4451.6626
17325,8219.695
17326,4752.8184
17327,8380.778
17328,5822.0225
17329,6309.297
17330,3685.9187
17331,7115.4883
17332,6037.8325
17333,6605.692
17334,8125.378
17335,6166.6533
17336,5813.6875
17337,6450.808
17338,4811.7407
17339,4739.951
17340,7630.39
17341,5118.0386
17342,6068.6587
17343,6702.6323
17344,5507.3706
17345,4633.945
17346,6167.0356
17347,6332.968
17348,8265.387
17349,5817.3486
17350,6968.5645
17351,5583.5386
17352,3988.191
17353,5683.629
17354,6691.6006
17355,4881.986
17356,4539.8516
17357,8926.013
17358,6377.8623
17359,7582.522
17360,6582.063
17361,5444.998
17362,4882.7495
17363,4432.4004
17364,9282.111
17365,5559.263
17366,8119.877
17367,6457.8076
17368,6754.913
17369,6029.7637
17370,4800.0327
17371,4536.5615
17372,7342.181
17373,4392.4785
17374,5669.032
17375,9041.454
17376,5716.6045
17377,11261.632
17378,11232.937
17379,4928.593
17380,6853.4873
17381,5128.3984
17382,6069.9785
17383,5340.03
17384,10612.35
17385,7301.5923
17386,7627.1816
17387,4369.181
17388,6730.429
17389,4934.892
17390,8154.0254
17391,6972.66
17392,5651.0327
17393,6807.0435
17394,5264.21
17395,8032.6636
17396,8270.892
17397,5453.6475
17398,9568.754
17399,6707.4287
17400,8235.947
17401,4528.014
17402,5243.818
17403,4800.184
17404,8639.129
17405,6705.0938
17406,7990.194
17407,6042.914
17408,8641.7
17409,4662.018
17410,7184.3184
17411,5963.637
17412,3962.6465
17413,11384.518
17414,6329.3745
17415,6623.983
17416,7808.6597
17417,8525.48
17418,9640.775
17419,9701.747
17420,5929.729
17421,6838.8145
17422,5905.8076
17423,7805.361
17424,4249.8394
17425,5188.016
17426,5435.201
17427,5124.2227
17428,7049.59
17429,4716.9844
17430,4322.108
17431,5921.7764
17432,3801.42
17433,4544.418
17434,5405.468
17435,6216.3784
17436,8542.264
17437,8754.742
17438,6421.323
17439,6658.163
17440,6152.7227
17441,10372.683
17442,7066.8916
17443,5444.032
17444,4842.9375
17445,9134.269
17446,4447.3843
17447,7298.5005
17448,3485.6987
17449,4814.482
17450,7054.9307
17451,5994.3477
17452,5179.1753
17453,7954.349
17454,9321.359
17455,10327.481
17456,5324.3545
17457,9444.373
17458,3360.0652
17459,5080.057
17460,6840.347
17461,4412.0176
17462,8280.481
17463,4822.668
17464,5004.6377
17465,8450.176
17466,10204.25
17467,8180.495
17468,5562.1963
17469,4787.883
17470,6685.6035
17471,7223.387
17472,5775.0107
17473,4781.822
17474,7069.73
17475,7922.216
17476,4715.999
17477,5504.8237
17478,7102.28
17479,7779.2734
17480,11073.99
17481,6612.633
17482,10935.821
17483,6637.6567
17484,5127.919
17485,3552.5286
17486,5668.4697
17487,6019.759
17488,4755.3394
17489,7407.0615
17490,4760.4907
17491,4389.9272
17492,6791.893
17493,3578.6272
17494,7713.318
17495,6413.519
17496,7198.4893
17497,8197.616
17498,5040.3
17499,8115.882
17500,6468.2446
17501,4823.3164
17502,5291.7583
17503,5020.3823
17504,10286.685
17505,6239.927
17506,4385.2817
17507,7015.508
17508,8092.955
17509,6692.124
17510,5749.804
17511,7751.1587
17512,5410.296
17513,5355.2764
17514,6036.721
17515,9231.636
17516,5657.078
17517,5500.7188
17518,5986.4395
17519,5488.8896
17520,3958.1848
17521,5209.463
17522,8402.444
17523,7048.386
17524,10594.358
17525,10210.919
17526,7572.2734
17527,4426.008
17528,4884.7993
17529,10606.146
17530,9319.751
17531,7241.378
17532,7242.8765
17533,8068.6304
17534,5791.67
17535,3502.0469
17536,10448.313
17537,5911.184
17538,6351.085
17539,5859.9243
17540,3064.9695
17541,9876.146
17542,5840.901
17543,4726.704
17544,4834.1865
17545,6101.5103
17546,6553.1533
17547,6679.223
17548,7132.101
17549,4286.8213
17550,4868.4067
17551,4226.5244
17552,3293.815
17553,6939.5986
17554,6062.977
17555,5157.297
17556,5562.955
17557,6510.4517
17558,4990.5986
17559,5122.312
17560,4845.8994
17561,4426.0376
17562,7398.984
17563,7174.7036
17564,3900.7048
17565,8171.7456
17566,4683.1045
17567,4783.199
17568,7407.754
17569,7915.071
17570,10052.876
17571,4696.4175
17572,6356.224
17573,4702.7695
17574,5994.5137
17575,8960.114
17576,9026.668
17577,6120.559
17578,4423.142
17579,5089.2095
17580,5902.4565
17581,4157.872
17582,8275.989
17583,4659.3955
17584,5581.1743
17585,7064.169
17586,4915.5317
17587,5998.3457
17588,6346.961
17589,7634.991
17590,7203.558
17591,4039.6316
17592,5413.367
17593,6682.6646
17594,8750.761
17595,8502.564
17596,6453.836
17597,4342.3945
17598,7809.367
17599,5808.649
17600,4493.8965
17601,7421.6226
17602,6913.2256
17603,5909.3125
17604,5573.37
17605,6409.489
17606,7602.973
17607,4978.864
17608,6662.241
17609,7273.3994
17610,5519.419
17611,8795.502
17612,5711.634
17613,4773.9644
17614,11538.254
17615,5406.334
17616,3216.2693
17617,7707.5596
17618,9095.113
17619,9346.304
17620,4721.22
17621,5799.9844
17622,6094.9546
17623,7116.961
17624,6071.108
17625,7481.451
17626,3574.2703
17627,5980.618
17628,6244.3325
17629,4976.7793
17630,4495.5815
17631,7055.3613
17632,7353.6606
17633,4735.7393
17634,7488.705
17635,6376.421
17636,8009.1924
17637,4619.5176
17638,6038.6274
17639,5890.286
17640,6758.0
17641,8191.1367
17642,4454.2793
17643,6823.4897
17644,7349.3203
17645,7147.5737
17646,5271.3647
17647,3588.671
17648,7149.0874
17649,6290.903
17650,7877.744
17651,6796.611
17652,5256.242
17653,8632.375
17654,6038.697
17655,5820.446
17656,7444.1177
17657,5349.7676
17658,7709.265
17659,10191.858
17660,7716.975
17661,4320.072
17662,5353.2183
17663,4062.2217
17664,3311.7014
17665,7540.13
17666,5555.123
17667,8399.512
17668,4569.4946
17669,6777.766
17670,6205.4365
17671,9896.533
17672,4899.204
17673,5889.4434
17674,5522.136
17675,7389.068
17676,5221.776
17677,6692.5195
17678,7567.0317
17679,8681.2705
17680,6596.663
17681,6844.172
17682,5924.7485
17683,4272.2026
17684,5339.709
17685,10147.28
17686,8545.019
17687,5684.6973
17688,5509.1255
17689,5829.085
17690,5207.9775
17691,6076.0146
17692,8278.342
17693,8954.595
17694,6417.631
17695,7019.3433
17696,7710.339
17697,7005.792
17698,5656.765
17699,5985.321
17700,4982.0327
17701,5143.566
17702,3847.423
17703,4865.1294
17704,8540.488
17705,10855.379
17706,5942.412
17707,4630.6704
17708,6679.892
17709,4040.36
17710,6038.201
17711,3935.0205
17712,8058.717
17713,6071.6753
17714,5883.8564
17715,10137.249
17716,9469.737
17717,5882.6445
17718,6324.4985
17719,3747.4417
17720,5491.9478
17721,5240.068
17722,8356.401
17723,5031.1016
17724,4231.2686
17725,4982.3984
17726,5569.2783
17727,7651.6714
17728,6481.739
17729,3914.2202
17730,7372.152
17731,7334.6357
17732,7060.646
17733,4494.055
17734,4427.4434
17735,6651.695
17736,4237.671
17737,9488.253
17738,5170.572
17739,5066.8267
17740,6518.057
17741,5927.863
17742,4641.3237
17743,5804.3677
17744,6120.909
17745,9097.065
17746,8333.876
17747,5848.8955
17748,3995.521
17749,5325.0093
17750,9252.606
17751,5166.401
17752,5946.336
17753,5883.1997
17754,10933.788
17755,7019.6846
17756,5620.8477
17757,6456.7544
17758,4285.578
17759,8434.699
17760,5435.455
17761,10344.891
17762,6344.7334
17763,5855.1025
17764,5352.7075
17765,3926.1345
17766,6779.279
17767,7381.9673
17768,4135.89
17769,5062.0586
17770,9150.339
17771,6996.3696
17772,6575.65
17773,7547.822
17774,6038.7773
17775,5166.0215
17776,4339.9263
17777,8393.97
17778,5488.413
17779,6723.8906
17780,7075.005
17781,4622.03
17782,7125.261
17783,5918.315
17784,3479.8613
17785,8017.08
17786,7557.496
17787,4322.174
17788,7301.244
17789,6283.185
17790,4177.659
17791,9320.462
17792,6175.294
17793,8188.067
17794,4407.731
17795,4733.1694
17796,5983.665
17797,2713.1284
17798,7008.686
17799,4065.6099
17800,6268.023
17801,4609.4287
17802,5185.5522
17803,5228.8833
17804,6412.448
17805,6592.2666
17806,8200.572
17807,5783.8145
17808,7507.192
17809,5979.4033
17810,8172.572
17811,8380.986
17812,6629.45
17813,2756.0747
17814,5527.5327
17815,6818.701
17816,4407.937
17817,11007.334
17818,6081.749
17819,7986.628
17820,10500.301
17821,6123.5835
17822,4184.6147
17823,9688.681
17824,9605.128
17825,5534.412
17826,7645.529
17827,8701.755
17828,6347.8086
17829,5386.4395
17830,6849.795
17831,5235.0117
17832,5643.9595
17833,7095.353
17834,4738.0664
17835,6642.489
17836,7724.258
17837,6110.7417
17838,7356.6636
17839,5356.6865
17840,6643.1987
17841,3961.7092
17842,7385.1367
17843,7142.919
17844,5605.7754
17845,6406.726
17846,7068.186
17847,8360.117
17848,5985.1494
17849,4739.689
17850,6058.0864
17851,6984.275
17852,7168.903
17853,4250.314
17854,4268.557
17855,7420.476
17856,6375.442
17857,5464.2383
17858,8040.0376
17859,6367.9907
17860,6453.067
17861,4825.4287
17862,3892.9766
17863,5944.725
17864,6688.3843
17865,6700.523
17866,8393.489
17867,7647.7896
17868,4819.674
17869,8395.996
17870,3356.8933
17871,3182.7317
17872,6716.462
17873,10015.857
17874,7778.3535
17875,6446.89
17876,4394.054
17877,6638.195
17878,9294.62
17879,5673.836
17880,8110.171
17881,5683.2334
17882,4657.987
17883,5069.239
17884,5880.995
17885,5457.873
17886,4474.6606
17887,4891.4155
17888,4279.8545
17889,6827.8125
17890,7237.6353
17891,5111.9688
17892,5935.3994
17893,6518.318
17894,5008.7017
17895,4771.06
17896,8493.7295
17897,7295.995
17898,6357.867
17899,3819.0771
17900,10900.583
17901,6002.037
17902,5313.72
17903,9257.258
17904,7812.884
17905,6876.057
17906,6016.022
17907,7010.2305
17908,9441.68
17909,11049.998
17910,4808.566
17911,4731.12
17912,5254.648
17913,6499.191
17914,5718.5786
17915,7696.4077
17916,8332.263
17917,5889.078
17918,4206.234
17919,6133.147
17920,7223.1597
17921,4976.1436
17922,6800.573
17923,3796.2415
17924,7119.901
17925,7217.423
17926,6725.7188
17927,7638.6626
17928,5674.6694
17929,4235.4277
17930,6223.557
17931,7537.915
17932,8061.699
17933,7078.4946
17934,7077.6035
17935,5807.513
17936,4072.993
17937,9236.348
17938,4175.942
17939,10798.038
17940,5812.0576
17941,4634.051
17942,6306.6436
17943,5884.99
17944,6572.6025
17945,7041.9355
17946,3777.0247
17947,4532.5303
17948,6311.4214
17949,7981.0234
17950,9176.217
17951,4986.2686
17952,6063.816
17953,6451.7437
17954,6257.139
17955,5054.1265
17956,10081.143
17957,7687.56
17958,10767.196
17959,4270.3813
17960,5596.0146
17961,8526.847
17962,6994.221
17963,5357.8716
17964,9211.477
17965,6398.866
17966,4650.244
17967,5432.962
17968,4328.6807
17969,4719.0635
17970,5611.783
17971,4521.54
17972,4967.1333
17973,9266.72
17974,6452.4575
17975,7849.9775
17976,6280.0933
17977,4107.4604
17978,6176.9316
17979,7846.115
17980,5216.3994
17981,5485.1367
17982,4931.4287
17983,7001.3833
17984,6502.384
17985,4035.526
17986,4893.572
17987,6154.7656
17988,6795.7944
17989,5985.8457
17990,6965.4546
17991,4923.4243
17992,3981.6108
17993,5014.5576
17994,8233.269
17995,9964.785
17996,8157.3467
17997,6090.8574
17998,4843.5195
17999,5452.352
18000,3781.8018
18001,7478.6616
18002,8326.535
18003,8586.398
18004,5081.2446
18005,4220.574
18006,4373.8853
18007,4927.432
18008,8880.521
18009,6265.351
18010,5048.3594
18011,4637.801
18012,6704.5312
18013,3707.504
18014,6270.935
18015,3650.3083
18016,6559.7446
18017,6052.5303
18018,5132.1567
18019,6426.317
18020,5602.493
18021,4297.655
18022,5783.6265
18023,5830.759
18024,9182.67
18025,5354.883
18026,6416.0703
18027,6764.1777
18028,8031.0854
18029,5873.9873
18030,8173.6084
18031,4033.6248
18032,4339.2847
18033,5474.474
18034,5994.2163
18035,8296.775
18036,6613.4023
18037,4657.147
18038,6639.5625
18039,6091.665
18040,8237.118
18041,3589.0442
18042,10382.689
18043,4018.9915
18044,5530.7393
18045,7199.581
18046,4754.4644
18047,4997.821
18048,5199.053
18049,6200.1533
18050,4846.6343
18051,4601.526
18052,7156.469
18053,6499.0107
18054,6083.8843
18055,4170.305
18056,6513.7437
18057,10044.921
18058,5941.93
18059,4347.401
18060,5904.433
18061,5528.5503
18062,6267.0303
18063,6490.7344
18064,3608.6606
18065,6444.9346
18066,5251.972
18067,6301.4365
18068,6116.672
18069,4047.2378
18070,5641.349
18071,4711.256
18072,6651.067
18073,7957.0503
18074,4994.3657
18075,4645.5845
18076,5867.9673
18077,5380.349
18078,4410.452
18079,6978.156
18080,5465.1245
18081,7044.3203
18082,4935.655
18083,4175.2407
18084,5845.85
18085,6825.325
18086,7098.2637
18087,6977.377
18088,6811.999
18089,5081.579
18090,7052.771
18091,4965.1104
18092,5724.429
18093,7581.7407
18094,5966.044
18095,8240.654
18096,7088.859
18097,6840.9604
18098,5172.718
18099,6254.0723
18100,6614.3296
18101,5187.808
18102,3476.8318
18103,5067.706
18104,6248.6045
18105,6096.1523
18106,4391.347
18107,6950.8604
18108,6014.215
18109,5259.1807
18110,4942.6978
18111,4614.4087
18112,6094.5015
18113,6346.834
18114,5625.423
18115,4765.902
18116,4487.484
18117,5863.7095
18118,3480.0837
18119,5412.7217
18120,4037.1624
18121,7489.112
18122,5879.974
18123,5824.9775
18124,7878.09
18125,4366.5938
18126,4391.523
18127,9370.082
18128,5690.0405
18129,6736.203
18130,6620.2183
18131,4938.664
18132,5360.8877
18133,5464.8794
18134,6697.8584
18135,9979.279
18136,4903.1875
18137,2182.1711
18138,4289.803
18139,6901.439
18140,7935.2983
18141,5237.779
18142,6048.3115
18143,4446.54
18144,4846.8193
18145,3082.3545
18146,4315.327
18147,5199.678
18148,5936.022
18149,6240.891
18150,5201.3447
18151,6971.7754
18152,7868.005
18153,6685.916
18154,4128.8145
18155,8544.839
18156,9341.082
18157,5160.8105
18158,6816.1714
18159,4501.134
18160,5787.0093
18161,3705.3577
18162,5638.584
18163,4610.871
18164,7607.006
18165,6318.9995
18166,7154.654
18167,7341.0186
18168,5315.023
18169,7240.3765
18170,7537.2393
18171,9125.987
18172,4924.904
18173,1816.6497
18174,5283.3457
18175,8524.586
18176,5073.9214
18177,9532.699
18178,5831.9434
18179,3163.0269
18180,4190.9946
18181,8502.062
18182,4389.1445
18183,7675.7856
18184,5363.3174
18185,5742.35
18186,3518.7034
18187,6129.8193
18188,5421.78
18189,6228.611
18190,7515.746
18191,5561.8354
18192,5245.999
18193,6020.425
18194,4205.0464
18195,4458.8105
18196,6890.974
18197,4637.425
18198,5628.7183
18199,5867.827
18200,5437.343
18201,4416.4893
18202,5836.006
18203,5859.321
18204,7512.177
18205,5686.096
18206,6375.1436
18207,5099.623
18208,3417.549
18209,5349.0327
18210,6349.1226
18211,4531.687
18212,4263.5396
18213,8136.2505
18214,5901.8037
18215,6763.1006
18216,6075.203
18217,4847.6606
18218,4642.678
18219,4179.15
18220,8525.122
18221,4540.1416
18222,7491.8555
18223,6657.998
18224,6206.1943
18225,6391.51
18226,4424.5557
18227,4204.264
18228,6386.598
18229,3884.9895
18230,5586.655
18231,8730.27
18232,5059.9585
18233,11057.853
18234,11593.929
18235,4708.385
18236,6147.414
18237,4799.8633
18238,5803.482
18239,4839.146
18240,9810.074
18241,6420.8457
18242,7341.257
18243,4148.8906
18244,6030.926
18245,4377.529
18246,7250.653
18247,6217.1313
18248,5068.6055
18249,6288.4253
18250,4779.774
18251,6893.9326
18252,8048.2007
18253,4830.983
18254,8652.908
18255,6131.17
18256,8012.5547
18257,4128.4917
18258,4766.6523
18259,4361.5693
18260,7885.593
18261,5839.1963
18262,7119.5615
18263,5666.956
18264,7674.4316
18265,4331.1177
18266,6621.3613
18267,5614.4014
18268,3683.8552
18269,10854.82
18270,6102.4004
18271,5771.255
18272,6872.084
18273,7830.1763
18274,9077.9795
18275,9303.489
18276,5202.3423
18277,6439.595
18278,5119.6157
18279,6801.6304
18280,3841.7498
18281,4695.741
18282,4756.596
18283,4716.242
18284,6408.8896
18285,4523.732
18286,3950.5615
18287,5432.5317
18288,3426.546
18289,4166.1304
18290,5090.3115
18291,5475.0483
18292,7836.1533
18293,8142.166
18294,6076.878
18295,6229.3477
18296,5530.7656
18297,10131.343
18298,6627.661
18299,4585.043
18300,4672.0034
18301,8156.11
18302,4179.6323
18303,6491.855
18304,3235.7654
18305,4520.8545
18306,6550.61
18307,5662.6387
18308,4486.671
18309,7346.7905
18310,8738.225
18311,10190.439
18312,4933.1084
18313,8530.125
18314,3122.3022
18315,4567.316
18316,5861.0366
18317,3902.6177
18318,7056.4854
18319,4326.299
18320,4826.5703
18321,7416.938
18322,10041.722
18323,8582.395
18324,5000.8965
18325,4424.8765
18326,6698.7144
18327,6813.3115
18328,5466.2036
18329,4435.4243
18330,6498.7134
18331,7963.322
18332,4174.504
18333,5325.436
18334,6473.5835
18335,6706.463
18336,11069.217
18337,5807.746
18338,10248.199
18339,6075.07
18340,4738.193
18341,3366.1995
18342,5243.4775
18343,5594.323
18344,4422.408
18345,6879.678
18346,4151.3926
18347,4085.6592
18348,6003.199
18349,3175.3743
18350,7406.426
18351,5761.025
18352,6560.552
18353,7356.299
18354,4748.296
18355,7407.104
18356,6144.0493
18357,4457.229
18358,4901.738
18359,4632.875
18360,10018.3125
18361,5935.071
18362,4202.52
18363,6367.918
18364,7222.085
18365,5937.2393
18366,5223.0415
18367,6944.684
18368,5193.7695
18369,4828.509
18370,5667.9834
18371,7976.0767
18372,5353.616
18373,5189.0405
18374,5090.787
18375,4859.4014
18376,3799.9731
18377,4626.5425
18378,7881.773
18379,7004.008
18380,9411.184
18381,9410.1875
18382,6918.3574
18383,4282.6846
18384,4672.7837
18385,9810.018
18386,8783.012
18387,6280.704
18388,6910.094
18389,7009.5415
18390,5503.359
18391,3630.8462
18392,9522.858
18393,5724.069
18394,5800.693
18395,5556.3154
18396,3017.9773
18397,9479.388
18398,5547.62
18399,4610.194
18400,4357.3735
18401,5588.9575
18402,6135.066
18403,6176.755
18404,6517.516
18405,4164.616
18406,4427.8027
18407,3886.0532
18408,3129.235
18409,6051.2603
18410,6096.827
18411,4845.8394
18412,4890.6646
18413,5776.002
18414,4394.901
18415,4779.9565
18416,4383.1904
18417,4067.693
18418,6526.0635
18419,6397.0293
18420,3714.683
18421,7705.1045
18422,4278.977
18423,4318.5967
18424,6999.4336
18425,7140.174
18426,10099.64
18427,4385.1353
18428,6078.6055
18429,4240.987
18430,5705.263
18431,8244.364
18432,7899.3687
18433,5720.3843
18434,4215.9146
18435,4622.2373
18436,5188.7188
18437,4228.0894
18438,8857.276
18439,4289.885
18440,5091.1953
18441,6228.0522
18442,4423.003
18443,5725.745
18444,5968.662
18445,6779.848
18446,6739.172
18447,3730.279
18448,5174.5386
18449,6156.2275
18450,8480.615
18451,7727.662
18452,5870.05
18453,4200.28
18454,7154.203
18455,5232.6704
18456,4139.644
18457,6490.456
18458,6263.6
18459,5351.8447
18460,5435.585
18461,6041.4907
18462,6978.8276
18463,4672.173
18464,6119.7476
18465,6525.366
18466,4886.6543
18467,8421.187
18468,5544.266
18469,4154.2607
18470,10558.206
18471,5227.4624
18472,2848.4268
18473,7260.909
18474,8046.689
18475,9052.076
18476,4663.8555
18477,5419.293
18478,5628.396
18479,6419.4985
18480,5371.335
18481,6728.953
18482,3283.5906
18483,5384.6567
18484,5660.306
18485,4769.3403
18486,4295.511
18487,6699.845
18488,6602.341
18489,4592.9395
18490,6961.0645
18491,5633.488
18492,7552.1206
18493,4145.109
18494,5591.421
18495,5470.5957
18496,6252.3726
18497,6926.459
18498,4644.472
18499,6244.7197
18500,6536.7974
18501,6520.911
18502,4867.5806
18503,3548.7385
18504,6581.3784
18505,5779.0273
18506,7117.131
18507,6066.3555
18508,5019.76
18509,7706.8535
18510,5788.798
18511,5242.3623
18512,6939.9365
18513,4923.6685
18514,7245.8823
18515,9291.482
18516,7266.6523
18517,4156.171
18518,4797.8857
18519,3048.86
18520,3197.7234
18521,6981.4043
18522,5033.1704
18523,7359.4146
18524,4290.2285
18525,6382.268
18526,5623.175
18527,9323.742
18528,4556.7544
18529,5188.902
18530,4797.3276
18531,6901.2417
18532,4686.344
18533,6138.59
18534,7107.83
18535,8528.359
18536,6125.7275
18537,6217.001
18538,5557.1104
18539,4027.8997
18540,4818.3867
18541,8831.548
18542,7879.668
18543,5661.2563
18544,5216.036
18545,5305.981
18546,4833.1445
18547,5584.0713
18548,7276.3555
18549,8113.6064
18550,5947.6973
18551,6596.122
18552,6894.9976
18553,6278.668
18554,5183.094
18555,5187.1846
18556,4502.3623
18557,4534.515
18558,3715.1475
18559,4391.8203
18560,7724.1475
18561,9781.111
18562,5473.6646
18563,4621.924
18564,5852.707
18565,3688.3281
18566,5787.131
18567,3634.1277
18568,7864.0664
18569,5593.704
18570,5431.3403
18571,10451.662
18572,8986.595
18573,5615.146
18574,5957.5537
18575,3405.9202
18576,5217.2056
18577,5074.5845
18578,8091.1797
18579,4459.7974
18580,3991.6125
18581,4819.173
18582,5212.2812
18583,6644.967
18584,5786.364
18585,3666.3193
18586,6604.5264
18587,6648.815
18588,6431.149
18589,3969.2332
18590,3891.224
18591,6359.808
18592,4022.0366
18593,8584.049
18594,4672.556
18595,4668.3594
18596,5879.509
18597,5326.4062
18598,4253.745
18599,5215.0063
18600,5763.1357
18601,8582.247
18602,7670.297
18603,5499.565
18604,3839.8115
18605,5167.5444
18606,8430.308
18607,4661.0176
18608,5424.5474
18609,5614.5566
18610,10372.673
18611,6474.5283
18612,5301.6655
18613,6120.3022
18614,3973.4722
18615,7617.432
18616,5318.248
18617,10329.56
18618,5647.6216
18619,5515.1665
18620,4656.09
18621,3543.2146
18622,6602.8574
18623,6981.744
18624,3708.0415
18625,4334.3867
18626,8125.0986
18627,6208.0176
18628,6268.298
18629,7004.5225
18630,5348.9204
18631,4521.5186
18632,4161.4395
18633,8111.9043
18634,5027.4507
18635,6379.304
18636,6544.814
18637,4576.806
18638,6509.4336
18639,5140.7505
18640,3148.384
18641,7744.286
18642,6617.914
18643,3952.6836
18644,6521.284
18645,5647.977
18646,3974.8862
18647,8789.498
18648,5600.319
18649,7351.9917
18650,4065.416
18651,4395.433
18652,5708.0557
18653,2642.4114
18654,6794.7637
18655,3692.232
18656,5564.441
18657,4308.9473
18658,4689.1523
18659,5038.5166
18660,5898.0557
18661,5875.4775
18662,7523.205
18663,5098.0474
18664,6692.692
18665,5904.2925
18666,6802.954
18667,7831.782
18668,6414.296
18669,2226.1328
18670,4928.433
18671,6536.629
18672,4141.749
18673,10206.596
18674,5577.7524
18675,7401.4614
18676,9852.758
18677,5690.627
18678,3736.6792
18679,9251.865
18680,9368.92
18681,5182.145
18682,7030.392
18683,8658.315
18684,5547.906
18685,4763.7886
18686,5980.356
18687,4815.8276
18688,5219.8486
18689,6181.2812
18690,4423.3657
18691,5917.457
18692,6643.0845
18693,5688.3965
18694,6488.4443
18695,5258.278
18696,6024.843
18697,3915.419
18698,6695.699
18699,6218.8633
18700,5478.538
18701,6040.0156
18702,6286.566
18703,7937.0396
18704,5012.0234
18705,4628.9263
18706,5703.903
18707,6232.105
18708,6498.763
18709,4018.1443
18710,3938.2988
18711,6888.523
18712,5808.366
18713,4851.505
18714,7167.098
18715,5713.1323
18716,5888.5615
18717,4263.942
18718,3838.625
18719,5335.6763
18720,5657.564
18721,5854.2036
18722,7870.827
18723,7355.5547
18724,4406.8984
18725,8179.091
18726,3343.327
18727,3339.021
18728,6026.728
18729,9391.698
18730,7291.4453
18731,5850.9155
18732,4124.3115
18733,5882.117
18734,8830.184
18735,5072.465
18736,7133.0674
18737,5156.515
18738,4527.6904
18739,4769.372
18740,5036.9116
18741,4901.9854
18742,3942.757
18743,4368.652
18744,4151.1353
18745,6188.307
18746,6347.1304
18747,4602.7197
18748,5515.819
18749,5605.909
18750,4601.583
18751,4743.986
18752,7454.1567
18753,6700.919
18754,5888.567
18755,3528.8584
18756,10237.727
18757,5474.8447
18758,4687.18
18759,8644.338
18760,7360.966
18761,6246.8228
18762,5428.1035
18763,6430.4497
18764,7847.028
18765,10960.078
18766,4164.2627
18767,4240.9585
18768,4649.1484
18769,6142.192
18770,5498.731
18771,6985.374
18772,7615.7324
18773,5242.2476
18774,3902.1824
18775,5590.7705
18776,7115.454
18777,4370.1235
18778,6227.102
18779,3496.759
18780,6277.9014
18781,6794.5044
18782,6096.8794
18783,7146.8647
18784,5159.925
18785,3579.9075
18786,5594.6914
18787,6482.0483
18788,7371.259
18789,6370.5664
18790,6642.299
18791,5301.013
18792,3761.0398
18793,8365.82
18794,3816.1492
18795,9924.417
18796,5106.009
18797,4345.1914
18798,6011.972
18799,5550.351
18800,6125.126
18801,6494.6235
18802,3328.999
18803,4104.3115
18804,5737.116
18805,7315.9946
18806,8329.792
18807,4530.4297
18808,5707.5874
18809,5997.344
18810,5643.5776
18811,4699.828
18812,8935.629
18813,6892.039
18814,10310.238
18815,4121.46
18816,4911.3413
18817,8283.538
18818,6794.7964
18819,4679.001
18820,8850.631
18821,6180.214
18822,4234.0264
18823,4738.839
18824,3924.4045
18825,4644.45
18826,4952.774
18827,4116.8003
18828,4496.705
18829,8567.983
18830,6207.633
18831,7666.384
18832,5762.152
18833,3898.9824
18834,5812.0405
18835,6934.034
18836,4438.0737
18837,5164.095
18838,4610.634
18839,6739.493
18840,6066.1875
18841,3889.0383
18842,4636.0977
18843,5487.1514
18844,6378.0938
18845,5435.2324
18846,6635.036
18847,4063.7373
18848,3759.024
18849,4338.006
18850,7758.792
18851,9411.893
18852,7546.7925
18853,5677.073
18854,4290.1265
18855,4718.645
18856,3611.3364
18857,6893.9717
18858,7653.4014
18859,7738.0176
18860,4621.5933
18861,4105.1455
18862,4036.4075
18863,4544.6177
18864,8654.13
18865,5669.086
18866,4243.7627
18867,4080.5334
18868,6115.552
18869,3410.7551
18870,5964.781
18871,3389.28
18872,5362.279
18873,5638.8584
18874,4545.1377
18875,5762.8774
18876,5140.206
18877,4068.252
18878,5534.185
18879,5192.4272
18880,8396.268
18881,4854.9214
18882,6215.726
18883,6106.022
18884,7391.6055
18885,5223.669
18886,7514.2983
18887,3750.775
18888,3849.2734
18889,5195.3994
18890,4986.007
18891,7331.1943
18892,5852.635
18893,4342.842
18894,5697.0356
18895,5717.6733
18896,7427.21
18897,3447.339
18898,10895.885
18899,3890.7192
18900,5197.541
18901,6707.198
18902,4544.8257
18903,4657.0312
18904,4961.976
18905,5809.0977
18906,4353.9624
18907,4140.244
18908,6424.846
18909,5919.478
18910,5516.94
18911,3756.2888
18912,5799.0605
18913,8624.959
18914,5143.6396
18915,4082.3867
18916,5312.767
18917,5199.4253
18918,5806.5386
18919,5858.225
18920,3365.7434
18921,5814.5137
18922,4983.259
18923,5724.238
18924,5715.705
18925,3934.484
18926,4995.409
18927,4231.115
18928,6174.552
18929,7382.101
18930,4398.8223
18931,4367.852
18932,5237.904
18933,4802.3545
18934,4343.19
18935,6783.9946
18936,5276.0483
18937,6107.5366
18938,4549.74
18939,4106.3555
18940,4898.0874
18941,6220.999
18942,6770.749
18943,6503.6743
18944,6537.9443
18945,4671.95
18946,6726.752
18947,4821.656
18948,5728.821
18949,6792.7485
18950,5330.7065
18951,7862.896
18952,6551.3657
18953,5843.074
18954,4560.3984
18955,5819.3965
18956,6006.9224
18957,4967.8013
18958,3308.5627
18959,4772.9536
18960,6212.7744
18961,5831.582
18962,4201.137
18963,6705.8677
18964,5711.993
18965,5062.329
18966,4613.696
18967,4352.928
18968,5656.28
18969,5653.971
18970,5147.5366
18971,4285.464
18972,4178.659
18973,5403.596
18974,3272.3892
18975,5125.64
18976,3781.0227
18977,7005.865
18978,5805.0933
18979,5526.657
18980,6683.0024
18981,4530.477
18982,4138.645
18983,8913.65
18984,5552.6543
18985,6215.0386
18986,6297.4946
18987,4346.3604
18988,4905.1987
18989,4710.82
18990,5874.1777
18991,9330.521
18992,4611.98
18993,2133.5168
18994,4177.3403
18995,6650.87
18996,7418.36
18997,4752.2563
18998,5664.162
18999,3965.7397
19000,4297.614
19001,2967.719
19002,4124.1895
19003,4786.6865
19004,5419.774
19005,5752.75
19006,5073.186
19007,6600.817
19008,6670.6094
19009,6195.672
19010,3898.0117
19011,7646.696
19012,9064.05
19013,4690.8926
19014,6244.321
19015,4076.3474
19016,5444.2036
19017,3035.4202
19018,5576.4917
19019,4293.254
19020,7297.2197
19021,5764.334
19022,6517.348
19023,6634.169
19024,4353.4224
19025,6543.0786
19026,6816.965
19027,8675.41
19028,4724.013
19029,1626.9965
19030,5032.0083
19031,7709.258
19032,4747.9243
19033,8918.379
19034,3392.3757
19035,3015.5078
19036,4085.5579
19037,6758.5283
19038,4198.485
19039,7261.56
19040,4936.375
19041,5664.054
19042,3070.4363
19043,5934.771
19044,5217.5044
19045,5840.661
19046,6752.2524
19047,5302.6416
19048,4703.788
19049,5849.052
19050,4250.5815
19051,4169.1953
19052,6454.1255
19053,4355.2207
19054,5027.758
19055,5758.443
19056,4695.674
19057,4419.0303
19058,5661.548
19059,5651.34
19060,6651.606
19061,5022.892
19062,5674.875
19063,4687.6724
19064,2981.101
19065,5217.937
19066,5567.4243
19067,4095.4844
19068,3832.7305
19069,7613.6694
19070,5497.0107
19071,6743.9497
19072,5524.8916
19073,4372.1875
19074,4321.8315
19075,3756.0203
19076,7701.6807
19077,4365.4155
19078,6354.7207
19079,4254.167
19080,5794.0845
19081,5278.6206
19082,3880.4856
19083,3983.4153
19084,5689.216
19085,3566.5251
19086,5158.832
19087,7810.1494
19088,4607.921
19089,11530.136
19090,9905.788
19091,4124.3154
19092,5680.2417
19093,4378.1387
19094,5239.363
19095,4524.2236
19096,9356.383
19097,5864.28
19098,6374.955
19099,3837.3325
19100,5778.2173
19101,3910.3464
19102,7052.643
19103,5419.1587
19104,4928.4004
19105,5494.673
19106,4500.494
19107,6702.1143
19108,7427.9893
19109,4662.8457
19110,8191.176
19111,5560.0903
19112,7280.9375
19113,3890.5337
19114,4402.747
19115,4019.7544
19116,7586.197
19117,5240.6475
19118,6150.575
19119,5368.5127
19120,7123.9155
19121,3765.175
19122,5938.825
19123,5090.6562
19124,3363.2498
19125,10373.851
19126,5633.826
19127,5488.5493
19128,6515.5146
19129,7218.731
19130,8301.794
19131,8520.399
19132,4689.962
19133,6064.284
19134,4796.353
19135,6391.9424
19136,3485.8582
19137,4650.218
19138,4420.7207
19139,4466.422
19140,6214.499
19141,4179.668
19142,3664.162
19143,4816.6636
19144,3228.9167
19145,3974.1545
19146,4439.3013
19147,5376.7837
19148,7107.9043
19149,7215.2754
19150,5718.208
19151,5210.487
19152,5097.921
19153,8720.341
19154,6221.3906
19155,4318.9224
19156,3785.4832
19157,7199.162
19158,3919.1296
19159,5900.5654
19160,2942.0554
19161,4472.224
19162,5937.7153
19163,5141.339
19164,4346.1196
19165,6835.606
19166,7618.58
19167,9625.946
19168,4618.72
19169,7657.0737
19170,3054.0505
19171,4358.5913
19172,5201.831
19173,3424.9575
19174,6745.5386
19175,4181.363
19176,4436.605
19177,7143.9204
19178,9466.486
19179,6586.8486
19180,4605.254
19181,4070.1423
19182,6574.521
19183,6013.3027
19184,5078.032
19185,3853.322
19186,5860.1646
19187,7163.7695
19188,4048.79
19189,5270.651
19190,5969.846
19191,6415.3545
19192,10182.531
19193,4971.9966
19194,9861.482
19195,5615.933
19196,4353.655
19197,3044.8809
19198,5104.3096
19199,4875.3965
19200,3922.7502
19201,5852.16
19202,3941.7417
19203,3600.8445
19204,5555.0596
19205,3040.2078
19206,6485.5547
19207,5311.997
19208,6058.7744
19209,6871.2646
19210,4034.1904
19211,7116.3975
19212,5772.1357
19213,4116.113
19214,4323.6875
19215,4857.5615
19216,8568.098
19217,5183.2627
19218,3866.2788
19219,6333.2515
19220,6586.6914
19221,5423.544
19222,4915.761
19223,6826.2627
19224,4778.657
19225,4408.3154
19226,4816.154
19227,7306.218
19228,4796.2983
19229,4824.5356
19230,4586.8496
19231,4283.4
19232,3574.5874
19233,4089.4297
19234,6790.5073
19235,6470.108
19236,8909.333
19237,8651.984
19238,6263.218
19239,3802.8235
19240,4223.6025
19241,9040.265
19242,7774.704
19243,5765.0435
19244,6608.799
19245,6470.318
19246,4635.545
19247,3273.6226
19248,8953.151
19249,4568.1265
19250,5335.4473
19251,5242.242
19252,2796.2627
19253,8690.6
19254,4802.6206
19255,4100.2495
19256,3997.45
19257,4951.409
19258,5364.878
19259,5944.2944
19260,5405.849
19261,3907.0354
19262,4044.922
19263,3856.8706
19264,2750.8264
19265,5802.4966
19266,4826.041
19267,4528.0923
19268,4508.013
19269,5704.5176
19270,3976.4944
19271,4392.2856
19272,3803.1392
19273,3813.158
19274,5857.0186
19275,5687.61
19276,3399.7654
19277,6918.648
19278,4166.909
19279,4021.2195
19280,6382.8647
19281,6783.3926
19282,8587.7
19283,4302.3184
19284,5423.487
19285,3873.0745
19286,4545.8013
19287,6108.6787
19288,7392.776
19289,5035.2637
19290,3815.6104
19291,4012.866
19292,4716.665
19293,3758.278
19294,7674.241
19295,4140.359
19296,4828.403
19297,5597.168
19298,4013.8462
19299,5114.837
19300,5415.774
19301,6270.606
19302,5518.44
19303,3483.0596
19304,4959.4116
19305,5140.7896
19306,7694.984
19307,7084.553
19308,5386.3574
19309,3870.7808
19310,6417.8574
19311,4886.92
19312,3713.6875
19313,5923.5337
19314,5890.4375
19315,5093.0894
19316,4624.257
19317,5088.6074
19318,6192.8066
19319,4307.1064
19320,5541.1416
19321,5729.3564
19322,4367.1147
19323,6905.495
19324,4839.405
19325,4024.8616
19326,10098.802
19327,4683.3994
19328,2973.1968
19329,6273.621
19330,7376.7095
19331,8520.732
19332,4373.593
19333,4603.967
19334,5250.87
19335,6222.453
19336,4983.107
19337,6193.049
19338,2616.0986
19339,4928.5083
19340,5127.1514
19341,4563.4316
19342,3879.6638
19343,5741.085
19344,6282.4897
19345,3993.09
19346,6674.8354
19347,5302.7886
19348,6672.3657
19349,3739.6316
19350,5444.4478
19351,4948.033
19352,5748.038
19353,6744.503
19354,3579.0608
19355,5898.5
19356,6213.58
19357,5781.9775
19358,4244.84
19359,3277.3535
19360,5848.756
19361,5450.881
19362,6840.9604
19363,5547.6885
19364,4740.322
19365,6798.861
19366,5248.917
19367,4689.3267
19368,6416.0767
19369,4405.6167
19370,6388.0723
19371,8696.686
19372,6516.4346
19373,3782.1516
19374,4470.548
19375,2687.0137
19376,2994.4004
19377,6421.017
19378,4616.5835
19379,6780.708
19380,3540.4373
19381,5573.6836
19382,5144.086
19383,9218.798
19384,3733.6326
19385,4681.126
19386,4488.7085
19387,6457.777
19388,4378.4727
19389,5885.0913
19390,6212.5493
19391,7802.227
19392,5540.8667
19393,5673.8413
19394,4672.351
19395,3817.8242
19396,4185.952
19397,8507.788
19398,7542.5107
19399,4966.394
19400,5595.6733
19401,4877.3823
19402,4229.368
19403,5054.9224
19404,6849.618
19405,7348.22
19406,5292.8335
19407,6036.1626
19408,6360.9487
19409,6079.1855
19410,4729.3784
19411,4571.0684
19412,4282.807
19413,4111.0547
19414,3578.2004
19415,4223.4536
19416,7045.7246
19417,7318.877
19418,5021.9053
19419,4284.916
19420,5633.6274
19421,3160.9817
19422,5126.985
19423,3301.6545
19424,6840.6475
19425,4951.626
19426,4901.42
19427,8421.468
19428,8518.864
19429,5317.3096
19430,5534.3066
19431,3198.5195
19432,4890.865
19433,4648.0625
19434,6894.919
19435,4103.6772
19436,3394.6418
19437,4878.159
19438,4500.185
19439,6292.751
19440,5200.288
19441,3269.4966
19442,5803.565
19443,6072.77
19444,6037.1187
19445,3746.8125
19446,3697.8682
19447,6029.9824
19448,3489.8376
19449,8049.8286
19450,4226.7905
19451,4057.5088
19452,5277.825
19453,4915.0156
19454,3903.1353
19455,5014.1895
19456,5186.6455
19457,7914.814
19458,7673.656
19459,4825.516
19460,3452.5127
19461,4853.208
19462,7304.7686
19463,4166.603
19464,4801.274
19465,5075.795
19466,9783.015
19467,5823.8555
19468,4840.8823
19469,5662.698
19470,3806.5
19471,7221.7407
19472,4634.17
19473,9806.865
19474,5121.755
19475,4465.0205
19476,4290.429
19477,3417.9534
19478,6184.507
19479,6069.4404
19480,3688.9543
19481,4033.0515
19482,7184.4414
19483,5703.234
19484,5444.105
19485,6468.6455
19486,4939.323
19487,4450.1084
19488,3837.0142
19489,7353.9272
19490,4633.401
19491,5746.24
19492,5874.5083
19493,4187.522
19494,6199.2485
19495,4518.186
19496,2952.501
19497,6992.0137
19498,6300.2583
19499,3818.3997
19500,5905.171
19501,5300.366
19502,3668.1594
19503,7355.3164
19504,4872.3276
19505,6787.1333
19506,3667.939
19507,4003.1357
19508,5807.48
19509,2160.425
19510,6075.215
19511,3635.6812
19512,5277.674
19513,4017.5693
19514,4408.1094
19515,4768.9717
19516,5544.2183
19517,5435.6626
19518,6408.5474
19519,4732.411
19520,6349.722
19521,5597.3335
19522,6964.81
19523,7351.1924
19524,5460.4507
19525,2121.8884
19526,4801.3516
19527,5894.2314
19528,4191.2183
19529,8985.712
19530,4872.0024
19531,6890.4023
19532,9214.14
19533,5099.628
19534,3504.4229
19535,8525.496
19536,8077.501
19537,4740.53
19538,6672.6455
19539,7410.4185
19540,4843.8657
19541,4429.0063
19542,5614.814
19543,4679.541
19544,4854.4907
19545,5841.6587
19546,4095.1172
19547,5245.1885
19548,5982.0845
19549,5239.8276
19550,6152.5234
19551,4804.7646
19552,5627.4297
19553,3340.1614
19554,6250.9116
19555,5745.298
19556,4675.949
19557,5768.564
19558,5678.0264
19559,7285.46
19560,4662.872
19561,4189.256
19562,4671.99
19563,5897.274
19564,6029.5566
19565,3853.2263
19566,3632.3638
19567,7116.798
19568,5290.809
19569,4707.3296
19570,6491.23
19571,5373.1436
19572,5879.9067
19573,3885.6008
19574,3406.502
19575,5290.6577
19576,5250.8853
19577,5321.4956
19578,7582.97
19579,6985.974
19580,4251.1694
19581,7056.815
19582,3113.8425
19583,3034.3142
19584,5374.779
19585,9317.342
19586,6532.0107
19587,5667.394
19588,3891.7996
19589,5625.294
19590,8080.568
19591,4818.0513
19592,6404.716
19593,5087.404
19594,4072.22
19595,4374.64
19596,4553.6084
19597,4891.6675
19598,3724.6965
19599,3879.0532
19600,3694.1555
19601,6014.8174
19602,5950.137
19603,4185.7847
19604,5086.8506
19605,5311.374
19606,4279.067
19607,4158.0786
19608,6898.8594
19609,6202.4243
19610,4975.835
19611,3348.3188
19612,9457.461
19613,4933.8516
19614,4261.136
19615,6978.6147
19616,7098.67
19617,5872.626
19618,4907.4404
19619,6053.9277
19620,7375.781
19621,10002.702
19622,3832.8584
19623,3896.3389
19624,4151.8955
19625,5500.2256
19626,4738.8887
19627,6752.3237
19628,6894.2744
19629,5065.4204
19630,3471.1084
19631,5168.969
19632,6193.864
19633,4139.6284
19634,5575.1885
19635,3326.012
19636,5744.6016
19637,6276.7695
19638,5866.02
19639,7178.352
19640,4932.887
19641,3017.7498
19642,4933.2446
19643,6017.497
19644,6614.437
19645,5925.5396
19646,5758.2065
19647,4864.531
19648,3549.3953
19649,7754.2793
19650,3637.5544
19651,9421.809
19652,4772.307
19653,3578.4019
19654,5333.575
19655,5055.501
19656,5939.2334
19657,6102.3774
19658,2870.6106
19659,3774.7014
19660,5320.5312
19661,6816.3276
19662,8182.899
19663,4207.6343
19664,5099.4917
19665,5722.644
19666,4980.203
19667,4293.4673
19668,8211.186
19669,6512.06
19670,9941.375
19671,3716.434
19672,4613.2207
19673,7543.0933
19674,6069.07
19675,4408.0044
19676,7695.894
19677,5723.326
19678,3971.354
19679,4252.6133
19680,3716.1577
19681,4129.6772
19682,4771.788
19683,4127.893
19684,4358.845
19685,8040.5435
19686,5386.095
19687,4634.537
19688,4931.838
19689,4437.574
19690,5931.8335
19691,8153.8853
19692,5182.5903
19693,5409.666
19694,5386.054
19695,6596.1157
19696,6377.169
19697,4048.682
19698,4637.0884
19699,5936.696
19700,6882.566
19701,5548.837
19702,6779.324
19703,4523.1104
19704,3859.4912
19705,4774.2603
19706,7719.758
19707,9474.932
19708,8040.7734
19709,5820.473
19710,4660.1953
19711,5455.0835
19712,4038.2332
19713,7186.518
19714,7707.515
19715,7907.2686
19716,4764.134
19717,4061.4004
19718,4195.3823
19719,4933.226
19720,8389.408
19721,5801.484
19722,5018.1416
19723,4424.5093
19724,6330.1416
19725,3717.4163
19726,6161.3735
19727,3821.4968
19728,5852.2217
19729,6011.25
19730,5319.045
19731,6040.1826
19732,5629.121
19733,4415.571
19734,5837.1973
19735,5486.2305
19736,8235.374
19737,5427.0625
19738,6716.667
19739,6152.089
19740,7828.145
19741,5540.9565
19742,7800.4414
19743,4232.782
19744,4615.4565
19745,5422.773
19746,5608.2944
19747,7974.525
19748,6256.5845
19749,4844.5547
19750,6377.5825
19751,6260.339
19752,7518.786
19753,3547.0903
19754,10871.138
19755,4133.8115
19756,5695.476
19757,6917.5
19758,4836.779
19759,4705.058
19760,5016.3184
19761,5924.9575
19762,4287.214
19763,4606.264
19764,6878.353
19765,6363.71
19766,5587.1025
19767,4151.8994
19768,6447.142
19769,9131.568
19770,5733.894
19771,4699.985
19772,5650.0356
19773,5746.909
19774,6268.9077
19775,6414.131
19776,3572.8965
19777,6343.481
19778,5493.2314
19779,6126.236
19780,6146.1064
19781,4152.224
19782,5117.477
19783,4621.836
19784,6282.0103
19785,7857.3037
19786,4571.0947
19787,4382.041
19788,5668.0967
19789,5380.1494
19790,4754.1787
19791,6951.9277
19792,5619.92
19793,6496.439
19794,4943.537
19795,4416.9907
19796,5605.92
19797,6800.0674
19798,7166.2915
19799,6828.62
19800,6393.741
19801,4917.4775
19802,6843.1206
19803,4928.1885
19804,5770.193
19805,7003.7876
19806,5939.29
19807,8276.794
19808,6792.1396
19809,6266.0024
19810,4983.0117
19811,6180.108
19812,6239.1826
19813,5256.563
19814,3569.5613
19815,4849.4136
19816,6396.4683
19817,5926.5063
19818,4267.983
19819,7047.1025
19820,5966.1235
19821,5084.7017
19822,5371.9854
19823,4485.6265
19824,5954.27
19825,6213.5327
19826,5864.084
19827,4662.4272
19828,4925.1294
19829,5572.971
19830,3620.0662
19831,6002.7524
19832,4021.6377
19833,7306.573
19834,6090.602
19835,6045.785
19836,7318.8423
19837,4698.6133
19838,4488.7983
19839,8989.878
19840,5768.861
19841,6502.6133
19842,6523.244
19843,4176.9976
19844,5441.1562
19845,5196.7676
19846,6001.5103
19847,9716.045
19848,5203.0073
19849,2009.405
19850,4499.297
19851,6514.0605
19852,7440.866
19853,4953.53
19854,5843.7876
19855,4920.349
19856,4377.9424
19857,3148.9277
19858,4451.0767
19859,5292.354
19860,5782.115
19861,6654.9756
19862,5211.0933
19863,6495.045
19864,7164.8423
19865,6659.3
19866,3890.4373
19867,8286.233
19868,9349.567
19869,5049.3223
19870,6545.089
19871,4084.0032
19872,5433.0034
19873,3556.506
19874,5562.8433
19875,4041.9521
19876,7567.862
19877,6320.7534
19878,6906.4106
19879,7182.215
19880,5122.273
19881,6786.9585
19882,7287.2666
19883,8890.819
19884,4933.6777
19885,1539.9446
19886,5025.9644
19887,8065.5986
19888,5117.555
19889,9058.406
19890,3710.1855
19891,3252.8215
19892,4287.7617
19893,6980.8984
19894,4654.2427
19895,7656.008
19896,5252.403
19897,5685.9336
19898,3077.0662
19899,6132.971
19900,5694.004
19901,6405.9014
19902,7065.8535
19903,5495.464
19904,5192.9175
19905,6303.1196
19906,4490.3486
19907,4725.0947
19908,6752.0786
19909,4720.4595
19910,5856.2812
19911,6064.8223
19912,5639.579
19913,4596.222
19914,6151.1504
19915,5941.0464
19916,6972.4736
19917,5891.8594
19918,6347.3486
19919,5287.7065
19920,3524.5488
19921,5240.258
19922,6094.6
19923,4626.8115
19924,4382.731
19925,7870.6245
19926,5537.5854
19927,6816.295
19928,6299.814
19929,5042.132
19930,4432.827
19931,4474.605
19932,8117.43
19933,4486.7905
19934,6919.6973
19935,4490.353
19936,5979.9165
19937,5378.292
19938,4375.467
19939,4139.9443
19940,5792.6646
19941,3477.9
19942,5441.063
19943,8464.47
19944,4642.284
19945,11794.023
19946,10731.713
19947,4718.456
19948,5921.3135
19949,5215.1606
19950,5653.518
19951,4691.085
19952,9496.745
19953,5887.264
19954,7164.972
19955,4280.986
19956,5897.195
19957,4431.136
19958,7337.6865
19959,5822.139
19960,5036.4937
19961,6009.0483
19962,4498.4214
19963,6758.664
19964,8153.061
19965,4935.942
19966,8374.082
19967,5908.281
19968,7657.4243
19969,4575.85
19970,4516.2856
19971,4521.9717
19972,7807.1924
19973,5895.238
19974,6136.8804
19975,5770.0273
19976,7123.5894
19977,4213.285
19978,6433.8975
19979,5384.9546
19980,3943.6448
19981,10759.107
19982,5807.818
19983,5873.8247
19984,6376.3965
19985,7654.2847
19986,8586.292
19987,9083.878
19988,5035.1147
19989,6360.8394
19990,4712.033
19991,6615.5474
19992,3963.6636
19993,4700.98
19994,4719.676
19995,4880.8916
19996,6389.699
19997,4657.609
19998,3708.045
19999,5097.114
20000,3525.6282
20001,4342.7754
20002,5109.4
20003,5137.2554
20004,7431.4897
20005,7559.919
20006,6294.9785
20007,5813.826
20008,5683.2876
20009,9255.996
20010,6336.6416
20011,4418.6
20012,4414.9263
20013,7824.9204
20014,4437.13
20015,5685.321
20016,2976.648
20017,4499.666
20018,6098.066
20019,5693.7866
20020,4611.852
20021,7290.5273
20022,7768.152
20023,9726.911
20024,5270.5654
20025,8188.052
20026,3099.6667
20027,4735.631
20028,5361.5273
20029,3595.675
20030,6843.767
20031,4312.422
20032,5127.6797
20033,7311.363
20034,9665.671
20035,6974.682
20036,4793.737
20037,4518.729
20038,6794.2974
20039,6367.037
20040,5318.8926
20041,4274.522
20042,6331.2285
20043,8066.6064
20044,4279.4585
20045,5407.381
20046,6431.118
20047,6601.6484
20048,10986.756
20049,5723.992
20050,10121.076
20051,5803.6978
20052,5375.4814
20053,3095.7896
20054,5305.7026
20055,5191.313
20056,4335.0483
20057,6544.1274
20058,4274.3306
20059,3625.6858
20060,5741.4243
20061,3457.7634
20062,7121.9727
20063,5844.1553
20064,6332.599
20065,6783.7617
20066,4289.455
20067,7840.564
20068,6159.875
20069,4699.214
20070,4891.098
20071,5022.6333
20072,9434.461
20073,5716.7407
20074,4476.6714
20075,6105.958
20076,6598.06
20077,5572.865
20078,5412.758
20079,6894.064
20080,5462.8833
20081,4437.0537
20082,5100.6396
20083,7148.4873
20084,4886.0527
20085,5085.2495
20086,4888.048
20087,4787.924
20088,3844.5835
20089,4556.172
20090,7162.328
20091,7044.999
20092,8991.173
20093,8729.229
20094,6603.8086
20095,4515.4326
20096,5084.464
20097,9112.6875
20098,8107.1084
20099,5867.0493
20100,6845.197
20101,7125.6553
20102,5178.311
20103,3809.8093
20104,9447.418
20105,5260.671
20106,5542.04
20107,5769.8237
20108,3284.073
20109,8855.351
20110,5144.0317
20111,4664.3223
20112,4792.4336
20113,5512.821
20114,6241.8555
20115,6144.114
20116,5763.669
20117,4422.7666
20118,4510.091
20119,3881.0742
20120,3340.8306
20121,5717.7114
20122,5547.821
20123,4642.8335
20124,4500.7734
20125,5752.7334
20126,4492.461
20127,4461.321
20128,4370.54
20129,4042.8892
20130,6303.39
20131,5572.0146
20132,3717.7993
20133,7317.125
20134,4313.899
20135,4567.364
20136,6723.968
20137,6797.2466
20138,9129.426
20139,4723.0625
20140,5880.4004
20141,4180.984
20142,5492.98
20143,6642.5522
20144,7777.775
20145,5596.1855
20146,4466.8394
20147,4490.9653
20148,5242.6074
20149,3930.3538
20150,8092.646
20151,4647.703
20152,5184.7954
20153,5774.6743
20154,4463.053
20155,5737.045
20156,5933.26
20157,6716.955
20158,6053.9683
20159,3907.8481
20160,5474.871
20161,5692.391
20162,7839.1133
20163,7278.299
20164,6045.1685
20165,4216.928
20166,6918.1597
20167,5074.396
20168,4146.5957
20169,6239.79
20170,5974.455
20171,5264.461
20172,5309.0137
20173,5798.336
20174,6347.5117
20175,4707.7563
20176,6286.6797
20177,5914.5396
20178,4834.1914
20179,7653.496
20180,5369.849
20181,4071.008
20182,9893.909
20183,4907.2114
20184,2881.1433
20185,6766.1587
20186,7251.552
20187,8819.763
20188,4864.03
20189,5316.351
20190,5449.638
20191,6316.408
20192,5220.3467
20193,6020.4883
20194,3318.792
20195,5091.059
20196,5211.058
20197,4896.4385
20198,4409.6274
20199,6340.1904
20200,6455.166
20201,4754.514
20202,6959.3716
20203,5491.581
20204,7334.6147
20205,4060.9277
20206,5496.0405
20207,5076.119
20208,6267.3115
20209,6592.04
20210,3679.2476
20211,5711.171
20212,6648.929
20213,5889.6343
20214,4658.662
20215,3773.3442
20216,6134.3403
20217,5624.43
20218,6755.6606
20219,6105.323
20220,5027.705
20221,6606.001
20222,5728.067
20223,4798.7466
20224,6528.61
20225,4345.3364
20226,6948.5996
20227,8626.909
20228,6881.3125
20229,4341.0195
20230,5000.2715
20231,2970.002
20232,3250.7122
20233,6666.055
20234,4781.3657
20235,7531.677
20236,3987.9282
20237,6070.633
20238,5645.3594
20239,8731.41
20240,4317.7524
20241,5078.2017
20242,4357.6396
20243,6983.1494
20244,4437.807
20245,6034.9595
20246,6483.4023
20247,7994.5083
20248,5955.23
20249,5832.589
20250,5171.0107
20251,4374.3857
20252,4703.5146
20253,9112.201
20254,7684.3784
20255,5762.707
20256,5505.4644
20257,5103.9736
20258,4773.8325
20259,5154.1646
20260,6935.1455
20261,7670.714
20262,6030.914
20263,6792.4053
20264,6266.1875
20265,6474.04
20266,4870.6084
20267,4612.93
20268,4775.8774
20269,4353.402
20270,3874.9702
20271,4179.4966
20272,6974.15
20273,8227.091
20274,5785.3755
20275,4649.486
20276,5575.247
20277,3711.0032
20278,5814.597
20279,3845.6252
20280,7286.7246
20281,5670.3843
20282,5438.707
20283,8959.85
20284,8163.48
20285,5404.1787
20286,5982.1245
20287,3500.143
20288,5616.4155
20289,5220.511
20290,7359.822
20291,4188.876
20292,3683.9185
20293,5122.1606
20294,4833.14
20295,6385.38
20296,5202.273
20297,3972.445
20298,6466.3506
20299,6473.5586
20300,6010.2065
20301,3812.7107
20302,3589.496
20303,6332.092
20304,3969.0552
20305,8154.8496
20306,4757.767
20307,4656.103
20308,5710.359
20309,5209.443
20310,4265.7563
20311,5270.0527
20312,5190.075
20313,8463.775
20314,7895.6777
20315,5338.186
20316,4029.7366
20317,5410.0894
20318,7882.9307
20319,4433.584
20320,5294.611
20321,5774.669
20322,9991.661
20323,5747.3364
20324,5566.851
20325,6283.97
20326,4341.9224
20327,7435.6445
20328,5127.67
20329,10090.474
20330,5684.9844
20331,5002.361
20332,4466.2217
20333,3834.837
20334,6739.77
20335,6485.697
20336,3517.4917
20337,3876.501
20338,7819.4736
20339,5945.593
20340,5516.261
20341,6479.2295
20342,4869.512
20343,4557.7676
20344,4347.1895
20345,8174.209
20346,5303.6987
20347,6344.2373
20348,6137.9517
20349,4887.2275
20350,6524.2583
20351,5305.055
20352,3537.7937
20353,7517.6245
20354,6900.5376
20355,4105.498
20356,5939.8335
20357,5507.1606
20358,4149.013
20359,8217.391
20360,5588.728
20361,6787.5737
20362,4185.2656
20363,4595.902
20364,6055.233
20365,2171.1685
20366,6476.8257
20367,3550.1199
20368,5482.7676
20369,4368.535
20370,5053.3457
20371,5088.2144
20372,5782.4463
20373,5835.204
20374,6888.444
20375,4664.3267
20376,6359.0195
20377,5580.2534
20378,6874.916
20379,7691.506
20380,6076.067
20381,1996.2593
20382,5044.7925
20383,6356.806
20384,4423.315
20385,9389.531
20386,5347.1606
20387,7108.237
20388,9647.95
20389,5415.7324
20390,3912.477
20391,9288.398
20392,8776.162
20393,5130.605
20394,7094.392
20395,8087.106
20396,5184.489
20397,4677.8945
20398,5876.7275
20399,4992.713
20400,5368.8096
20401,5886.0625
20402,4204.092
20403,5689.216
20404,6040.7417
20405,5539.3975
20406,6127.703
20407,5433.9106
20408,5799.0166
20409,4009.151
20410,6484.565
20411,5782.391
20412,5238.0786
20413,5942.304
20414,6202.2944
20415,8019.9556
20416,4831.31
20417,4742.8276
20418,5387.673
20419,5951.301
20420,6703.4443
20421,4334.734
20422,4257.565
20423,6837.575
20424,5280.826
20425,5240.218
20426,6458.313
20427,5662.52
20428,5576.497
20429,3795.2385
20430,3596.5464
20431,5558.2925
20432,5221.183
20433,5671.5146
20434,7728.93
20435,7050.289
20436,4385.6665
20437,7051.7554
20438,3608.7812
20439,3620.2043
20440,5466.7827
20441,9435.747
20442,6397.67
20443,5837.9824
20444,4035.391
20445,5898.1514
20446,8261.115
20447,4689.3896
20448,6954.826
20449,5052.5454
20450,4786.892
20451,4813.343
20452,4748.9253
20453,4897.9565
20454,3645.2417
20455,4190.255
20456,4307.213
20457,6067.1885
20458,6395.083
20459,4502.976
20460,5486.136
20461,5783.417
20462,4999.442
20463,4780.8687
20464,6714.348
20465,6393.6133
20466,5390.3403
20467,3494.6882
20468,9985.63
20469,5353.739
20470,4342.0713
20471,7644.5664
20472,7494.443
20473,5893.821
20474,5411.8027
20475,6676.9683
20476,7823.159
20477,10238.3125
20478,3882.2368
20479,4031.1284
20480,4042.7695
20481,5659.242
20482,5261.173
20483,6561.6533
20484,7229.7285
20485,5339.1484
20486,3506.5632
20487,5414.751
20488,7017.0137
20489,4190.9146
20490,5833.8906
20491,3649.8696
20492,6045.924
20493,6395.5347
20494,5905.2666
20495,7590.38
20496,5517.6396
20497,3663.0718
20498,5403.5913
20499,6179.1235
20500,7010.3374
20501,5885.8774
20502,6366.254
20503,5154.897
20504,4190.079
20505,8016.3613
20506,3863.967
20507,9951.223
20508,5379.8003
20509,4095.086
20510,5758.157
20511,5483.505
20512,5958.1733
20513,6227.613
20514,2894.6626
20515,3712.3345
20516,5935.9595
20517,7113.0317
20518,8510.247
20519,4608.998
20520,5728.302
20521,5984.727
20522,5764.9497
20523,4414.733
20524,8338.655
20525,6971.1836
20526,10244.739
20527,4302.585
20528,4554.5903
20529,7700.0425
20530,6680.179
20531,4530.062
20532,8407.391
20533,5858.8677
20534,4533.287
20535,4591.222
20536,3713.978
20537,4734.5786
20538,5195.117
20539,4453.4717
20540,4425.6406
20541,8216.716
20542,5999.2495
20543,5094.5566
20544,5249.4478
20545,4833.1445
20546,6806.7188
20547,9237.739
20548,5967.205
20549,6500.6787
20550,5792.7476
20551,7420.6245
20552,7439.2197
20553,4818.157
20554,5364.0283
20555,6734.969
20556,7794.7817
20557,6408.327
20558,7616.226
20559,5848.265
20560,4439.2466
20561,5834.069
20562,9441.797
20563,10813.569
20564,9711.449
20565,7534.249
20566,4995.3564
20567,6138.379
20568,4466.047
20569,7967.485
20570,9829.573
20571,9541.231
20572,5715.3286
20573,4988.9136
20574,4626.8467
20575,5657.0137
20576,10188.01
20577,6711.473
20578,5798.939
20579,5417.1636
20580,6994.6284
20581,4124.0005
20582,7500.2207
20583,4386.8003
20584,7071.247
20585,7034.088
20586,6022.102
20587,7007.643
20588,6705.3945
20589,5061.141
20590,6517.628
20591,6417.3003
20592,9810.673
20593,6024.13
20594,7828.19
20595,7081.628
20596,8757.791
20597,7066.9727
20598,9061.423
20599,4953.483
20600,5445.6733
20601,6378.8965
20602,6618.0337
20603,9737.392
20604,7563.662
20605,5581.1636
20606,7500.664
20607,6983.609
20608,8730.485
20609,3940.0764
20610,12827.358
20611,4670.1636
20612,6597.6323
20613,8174.8716
20614,5399.629
20615,5789.665
20616,5651.1133
20617,7359.7305
20618,4878.5225
20619,5172.387
20620,8081.0303
20621,7217.698
20622,7030.902
20623,5078.943
20624,7458.1606
20625,11514.53
20626,6829.708
20627,5302.075
20628,6493.2793
20629,6255.367
20630,7246.0483
20631,6929.4526
20632,4028.5796
20633,8111.579
20634,6374.8154
20635,7012.571
20636,7333.0405
20637,4404.608
20638,5957.332
20639,5390.448
20640,7521.6626
20641,8769.97
20642,5339.9126
20643,5072.9585
20644,6593.5933
20645,5995.211
20646,5566.1343
20647,7893.5845
20648,6429.591
20649,7752.5933
20650,5513.342
20651,4703.4473
20652,6985.7476
20653,7354.3345
20654,7866.662
20655,7707.846
20656,7956.246
20657,5648.2466
20658,8361.408
20659,5647.325
20660,7141.699
20661,8926.77
20662,6911.933
20663,9459.717
20664,7679.821
20665,8326.52
20666,5963.6997
20667,6648.156
20668,7304.044
20669,6184.525
20670,4215.191
20671,5488.282
20672,7654.051
20673,6879.291
20674,4792.228
20675,8761.692
20676,6477.926
20677,5600.4683
20678,6347.155
20679,5551.8125
20680,7026.0146
20681,7178.708
20682,6849.703
20683,5253.004
20684,5568.5024
20685,6641.5386
20686,4159.7485
20687,6406.274
20688,4786.0337
20689,8211.749
20690,6985.787
20691,6702.4214
20692,9430.808
20693,5421.32
20694,5082.6846
20695,10409.005
20696,6477.2954
20697,8114.7905
20698,7173.8345
20699,4682.7876
20700,6177.1553
20701,6284.6953
20702,7043.4736
20703,11851.689
20704,5711.732
20705,2389.9126
20706,5236.985
20707,7749.7466
20708,8798.506
20709,5624.076
20710,7081.3716
20711,5632.6333
20712,5508.08
20713,3342.2588
20714,4941.0435
20715,6027.297
20716,6671.7036
20717,7429.8174
20718,5975.23
20719,7402.6543
20720,8558.599
20721,7643.21
20722,4490.3955
20723,9644.233
20724,12035.15
20725,5898.3315
20726,7527.9136
20727,4907.3423
20728,6256.602
20729,4459.304
20730,6679.1724
20731,5037.589
20732,8576.699
20733,7020.4814
20734,8448.919
20735,8367.336
20736,6092.304
20737,8427.502
20738,7405.211
20739,10572.656
20740,6149.8477
20741,2575.8928
20742,5870.173
20743,9463.037
20744,5779.4907
20745,9574.433
20746,4195.863
20747,3842.0833
20748,5256.884
20749,8703.531
20750,5182.511
20751,9785.702
20752,6233.092
20753,7104.685
20754,3723.5989
20755,7325.421
20756,6450.039
20757,7383.362
20758,9340.77
20759,6124.051
20760,5816.827
20761,6984.362
20762,5391.0293
20763,5327.687
20764,7803.7007
20765,5376.64
20766,6672.3467
20767,7386.6865
20768,6533.718
20769,5157.7593
20770,6925.4746
20771,7183.386
20772,8361.632
20773,6840.9604
20774,6792.049
20775,5852.076
20776,4166.5635
20777,5838.038
20778,7188.376
20779,5646.2266
20780,5063.8115
20781,9081.911
20782,6687.855
20783,8229.657
20784,6920.2583
20785,5745.703
20786,5268.736
20787,5030.607
20788,9962.628
20789,5000.3433
20790,8174.084
20791,6924.953
20792,6982.636
20793,5972.3296
20794,5036.191
20795,4690.1055
20796,6680.2617
20797,3961.15
20798,6251.341
20799,9458.761
20800,5367.0635
20801,12273.514
20802,13697.904
20803,5375.543
20804,6773.52
20805,5626.0664
20806,6641.336
20807,5420.6113
20808,11153.425
20809,6820.3726
20810,8709.303
20811,4972.39
20812,6496.036
20813,4851.7827
20814,8262.431
20815,6547.0303
20816,5960.68
20817,6705.2153
20818,5071.352
20819,8121.8213
20820,9155.044
20821,5436.8813
20822,10738.368
20823,6756.988
20824,9429.611
20825,4922.6025
20826,5125.298
20827,5433.6357
20828,9690.732
20829,6562.7734
20830,7275.356
20831,7033.6855
20832,8746.238
20833,5104.6455
20834,7016.438
20835,6069.7646
20836,4456.727
20837,12339.771
20838,6326.6465
20839,7128.9453
20840,8073.3184
20841,9129.948
20842,10207.462
20843,10410.285
20844,5938.3384
20845,7654.394
20846,5638.245
20847,7542.4746
20848,4220.437
20849,5510.4604
20850,5467.3403
20851,5436.316
20852,7265.689
20853,5271.7773
20854,4544.097
20855,6218.893
20856,3984.3237
20857,4896.144
20858,5606.936
20859,6199.7393
20860,9211.143
20861,8759.286
20862,7227.55
20863,6721.6147
20864,6468.6577
20865,10846.014
20866,7577.9165
20867,5138.422
20868,5314.6323
20869,9049.572
20870,5001.693
20871,6752.5166
20872,3745.7332
20873,5002.4277
20874,7666.172
20875,6468.226
20876,5374.5327
20877,8528.433
20878,9245.435
20879,11014.297
20880,5678.1562
20881,9465.8
20882,3480.8274
20883,5193.7197
20884,5702.7876
20885,4485.601
20886,7520.249
20887,5041.242
20888,5761.19
20889,8608.219
20890,11650.327
20891,8651.217
20892,5320.704
20893,5233.7637
20894,7954.5312
20895,7450.034
20896,6110.998
20897,5293.449
20898,7314.1245
20899,9227.665
20900,4801.6675
20901,6393.717
20902,7586.7393
20903,7858.4126
20904,11771.334
20905,6577.701
20906,11156.574
20907,6627.0225
20908,6368.1606
20909,3582.268
20910,6116.293
20911,6138.9995
20912,5362.371
20913,7682.6123
20914,4932.929
20915,4482.8335
20916,6353.406
20917,3954.1355
20918,8425.598
20919,6840.1714
20920,7311.1465
20921,8126.1294
20922,5279.139
20923,8669.322
20924,6927.4766
20925,5343.1787
20926,5568.327
20927,5572.5513
20928,10928.638
20929,6731.3604
20930,5109.717
20931,7429.9165
20932,8126.1836
20933,6761.391
20934,6119.1523
20935,8062.4067
20936,6058.7627
20937,5137.412
20938,6317.2153
20939,8012.157
20940,5774.983
20941,6216.3604
20942,5618.0283
20943,5500.388
20944,4335.007
20945,4913.661
20946,8508.032
20947,7884.6074
20948,10062.19
20949,10415.311
20950,7755.544
20951,5184.5034
20952,5653.901
20953,10349.056
20954,10041.425
20955,7145.297
20956,8072.279
20957,7881.397
20958,6174.805
20959,4410.2754
20960,11031.213
20961,6773.352
20962,6691.4663
20963,6361.367
20964,3666.8894
20965,10682.063
20966,6368.738
20967,5372.6416
20968,5275.6655
20969,6355.715
20970,6662.0254
20971,8257.326
20972,6777.8823
20973,4828.4263
20974,5247.7456
20975,4521.1953
20976,3796.944
20977,6579.6963
20978,5725.625
20979,5321.364
20980,5265.0938
20981,6735.0786
20982,4961.2046
20983,5456.889
20984,5135.5894
20985,4734.7183
20986,7417.8223
20987,6665.413
20988,4511.0547
20989,9269.513
20990,5748.1313
20991,5158.488
20992,7979.2725
20993,7969.522
20994,10885.124
20995,5389.682
20996,7175.162
20997,4515.519
20998,6558.8374
20999,9580.15
21000,9087.102
21001,6518.8467
21002,5258.684
21003,5199.931
21004,5808.627
21005,4289.4883
21006,9354.526
21007,5045.8174
21008,5829.6855
21009,6580.2803
21010,5075.451
21011,6424.791
21012,6597.934
21013,7755.093
21014,7192.656
21015,4349.1514
21016,6027.636
21017,6780.443
21018,9705.782
21019,8132.5884
21020,6902.1763
21021,5209.289
21022,7879.8335
21023,5626.539
21024,4782.159
21025,6948.209
21026,7185.3735
21027,6198.728
21028,6634.916
21029,7032.1826
21030,7810.5293
21031,5442.0073
21032,6894.353
21033,6881.3584
21034,6354.8237
21035,9143.979
21036,6223.2007
21037,4581.637
21038,11698.005
21039,5962.8066
21040,3028.9377
21041,7848.5923
21042,8600.226
21043,10176.502
21044,5408.882
21045,6319.964
21046,6373.5264
21047,7355.976
21048,5858.6055
21049,7950.6245
21050,3431.9731
21051,6217.7837
21052,6186.525
21053,5457.9614
21054,5200.6504
21055,7506.2036
21056,8325.169
21057,5462.128
21058,7998.52
21059,6752.2397
21060,9439.843
21061,4644.8755
21062,6438.8457
21063,5887.354
21064,7289.0947
21065,8131.937
21066,4071.478
21067,6635.0234
21068,7732.8896
21069,6950.456
21070,5367.3193
21071,4244.637
21072,7643.56
21073,6465.296
21074,7885.1714
21075,6960.5596
21076,5603.8613
21077,7792.7896
21078,6896.379
21079,6428.6772
21080,7674.395
21081,5631.253
21082,7945.106
21083,10110.55
21084,7840.5195
21085,5151.5693
21086,5524.391
21087,4123.163
21088,3493.4116
21089,8194.567
21090,5751.8228
21091,8455.609
21092,5091.9526
21093,6921.6514
21094,6455.548
21095,10152.256
21096,5345.457
21097,5826.3003
21098,5586.3354
21099,7735.7964
21100,5071.9087
21101,6894.432
21102,7585.8784
21103,9615.504
21104,6803.564
21105,6489.6016
21106,5958.662
21107,4861.46
21108,5209.3687
21109,10815.055
21110,9176.654
21111,6733.319
21112,5189.8623
21113,5921.5225
21114,5371.7295
21115,6107.6416
21116,8003.0684
21117,9447.923
21118,7004.3755
21119,8032.495
21120,7939.9395
21121,7254.942
21122,5843.6426
21123,5587.0386
21124,5553.809
21125,4883.798
21126,4457.267
21127,5419.738
21128,8321.819
21129,9629.059
21130,6505.188
21131,5628.933
21132,6700.2544
21133,4307.09
21134,6719.211
21135,4289.6147
21136,8674.864
21137,6527.85
21138,6483.2725
21139,11718.25
21140,8797.079
21141,6474.1577
21142,6857.0767
21143,4036.9082
21144,6097.7925
21145,5845.644
21146,9101.83
21147,4758.879
21148,4878.676
21149,5635.4497
21150,5808.516
21151,7555.68
21152,6448.538
21153,4209.489
21154,7514.255
21155,7677.1406
21156,7309.278
21157,4843.612
21158,4203.0693
21159,7485.5415
21160,4945.6597
21161,9579.374
21162,5275.711
21163,5589.6133
21164,6393.15
21165,5942.6104
21166,5106.1743
21167,6086.589
21168,6620.4834
21169,9873.98
21170,9622.494
21171,6268.555
21172,4625.576
21173,5926.331
21174,9245.849
21175,5021.436
21176,6229.5557
21177,6565.478
21178,11379.535
21179,7449.331
21180,6074.5195
21181,7122.6924
21182,4772.2617
21183,8849.255
21184,6101.318
21185,11335.501
21186,6320.0723
21187,6146.077
21188,5469.9854
21189,4236.9956
21190,7581.799
21191,6693.9497
21192,4215.054
21193,4366.6357
21194,9286.122
21195,6673.944
21196,6497.9136
21197,7894.548
21198,6160.6562
21199,5270.9526
21200,4766.8706
21201,9705.19
21202,5870.688
21203,7047.4316
21204,7106.542
21205,5614.7925
21206,7340.8296
21207,6156.8496
21208,3826.9836
21209,8681.693
21210,7479.0186
21211,4446.341
21212,7072.0024
21213,6503.4136
21214,4857.3765
21215,10446.529
21216,6221.1772
21217,7888.5264
21218,4977.6436
21219,5263.8535
21220,6501.4478
21221,3253.6252
21222,7782.4497
21223,4325.102
21224,6192.8125
21225,4849.127
21226,5769.2627
21227,5313.6694
21228,6527.221
21229,6673.893
21230,8072.972
21231,5627.2793
21232,7623.014
21233,6146.3525
21234,8409.203
21235,9266.057
21236,7136.647
21237,2273.885
21238,5706.4277
21239,7704.5605
21240,4906.0225
21241,11138.765
21242,6129.1816
21243,8306.38
21244,11137.288
21245,5726.701
21246,4324.0913
21247,10607.796
21248,10873.907
21249,5781.834
21250,8437.081
21251,9298.521
21252,6292.511
21253,5113.876
21254,6755.615
21255,5525.445
21256,6094.728
21257,6707.736
21258,4906.94
21259,6410.308
21260,6913.819
21261,6676.389
21262,7839.0835
21263,6108.772
21264,6780.1
21265,4386.315
21266,6993.4673
21267,6575.2734
21268,6355.054
21269,6574.772
21270,7120.3696
21271,9187.076
21272,5814.0146
21273,5516.098
21274,6434.6953
21275,6641.8047
21276,7401.3696
21277,4713.512
21278,4796.82
21279,7593.45
21280,6137.6177
21281,5898.3315
21282,7330.3413
21283,6399.4766
21284,6739.005
21285,4639.1147
21286,4070.8218
21287,6378.1606
21288,6014.02
21289,6596.6255
21290,9498.674
21291,8613.779
21292,4759.0425
21293,8422.367
21294,4059.4211
21295,3821.125
21296,6354.8604
21297,10898.192
21298,7209.676
21299,7123.535
21300,5121.335
21301,6979.7866
21302,10106.443
21303,5558.5312
21304,7801.5205
21305,5884.07
21306,5295.3076
21307,5663.8975
21308,5501.0234
21309,5760.992
21310,4628.467
21311,5201.037
21312,4979.947
21313,6843.108
21314,7669.858
21315,5336.455
21316,6040.114
21317,6773.21
21318,5731.652
21319,5632.193
21320,8266.885
21321,7453.176
21322,6398.317
21323,4271.241
21324,11363.516
21325,6153.744
21326,5544.2554
21327,10169.865
21328,8703.357
21329,7370.851
21330,6433.1675
21331,7207.448
21332,8935.084
21333,12696.103
21334,4841.0254
21335,4981.4575
21336,4667.9453
21337,6726.8354
21338,6212.8394
21339,7296.997
21340,9114.166
21341,5731.9253
21342,4161.4155
21343,6113.219
21344,7813.465
21345,4815.6484
21346,7012.5576
21347,4163.4766
21348,7061.9526
21349,7374.3813
21350,7152.484
21351,9004.844
21352,6359.2563
21353,4375.408
21354,6119.6133
21355,6973.917
21356,8578.041
21357,7194.632
21358,8097.549
21359,5645.2036
21360,5185.463
21361,9013.127
21362,4145.9746
21363,10953.233
21364,5980.7266
21365,5201.5977
21366,7081.0605
21367,5933.933
21368,6877.1196
21369,6975.82
21370,3642.6555
21371,4283.363
21372,7032.545
21373,8652.124
21374,9638.082
21375,5282.0503
21376,6036.583
21377,7844.439
21378,6380.016
21379,5243.6577
21380,9558.556
21381,8690.342
21382,10996.422
21383,5016.9976
21384,5558.489
21385,8307.211
21386,7943.841
21387,5495.239
21388,10692.786
21389,6929.2275
21390,5308.3906
21391,5078.686
21392,4640.0576
21393,5427.0884
21394,6087.5293
21395,5085.3125
21396,5620.37
21397,10817.995
21398,6523.655
21399,5544.345
21400,6653.421
21401,0.0
21402,0.0
21403,0.0
21404,0.0
21405,0.0
21406,0.0
21407,0.0
21408,0.0
21409,0.0
21410,0.0
21411,0.0
21412,0.0
21413,0.0
21414,0.0
21415,0.0
21416,0.0
21417,0.0
21418,0.0
21419,0.0
21420,0.0
21421,0.0
21422,0.0
21423,0.0
21424,0.0
21425,0.0
21426,0.0
21427,0.0
21428,0.0
21429,0.0
21430,0.0
21431,0.0
21432,0.0
21433,0.0
21434,0.0
21435,0.0
21436,0.0
21437,0.0
21438,0.0
21439,0.0
21440,0.0
21441,0.0
21442,0.0
21443,0.0
21444,0.0
21445,0.0
21446,0.0
21447,0.0
21448,0.0
21449,0.0
21450,0.0
21451,0.0
21452,0.0
21453,0.0
21454,0.0
21455,0.0
21456,0.0
21457,0.0
21458,0.0
21459,0.0
21460,0.0
21461,0.0
21462,0.0
21463,0.0
21464,0.0
21465,0.0
21466,0.0
21467,0.0
21468,0.0
21469,0.0
21470,0.0
21471,0.0
21472,0.0
21473,0.0
21474,0.0
21475,0.0
21476,0.0
21477,0.0
21478,0.0
21479,0.0
21480,0.0
21481,0.0
21482,0.0
21483,0.0
21484,0.0
21485,0.0
21486,0.0
21487,0.0
21488,0.0
21489,0.0
21490,0.0
21491,0.0
21492,3628.6787
21493,0.0
21494,0.0
21495,0.0
21496,0.0
21497,0.0
21498,0.0
21499,0.0
21500,0.0
21501,0.0
21502,0.0
21503,0.0
21504,0.0
21505,0.0
21506,0.0
21507,0.0
21508,0.0
21509,0.0
21510,0.0
21511,0.0
21512,0.0
21513,0.0
21514,0.0
21515,0.0
21516,0.0
21517,0.0
21518,0.0
21519,0.0
21520,0.0
21521,0.0
21522,0.0
21523,0.0
21524,0.0
21525,0.0
21526,0.0
21527,0.0
21528,0.0
21529,0.0
21530,0.0
21531,0.0
21532,0.0
21533,0.0
21534,0.0
21535,0.0
21536,0.0
21537,0.0
21538,0.0
21539,0.0
21540,0.0
21541,0.0
21542,0.0
21543,0.0
21544,0.0
21545,0.0
21546,0.0
21547,0.0
21548,0.0
21549,0.0
21550,0.0
21551,0.0
21552,0.0
21553,0.0
21554,0.0
21555,0.0
21556,0.0
21557,0.0
21558,0.0
21559,0.0
21560,2782.9534
21561,0.0
21562,0.0
21563,0.0
21564,0.0
21565,0.0
21566,0.0
21567,0.0
21568,0.0
21569,0.0
21570,0.0
21571,0.0
21572,0.0
21573,0.0
21574,0.0
21575,0.0
21576,0.0
21577,0.0
21578,0.0
21579,0.0
21580,0.0
21581,0.0
21582,0.0
21583,0.0
21584,0.0
21585,0.0
21586,0.0
21587,0.0
21588,0.0
21589,0.0
21590,0.0
21591,0.0
21592,0.0
21593,0.0
21594,0.0
21595,0.0
21596,0.0
21597,0.0
21598,0.0
21599,0.0
21600,0.0
21601,12543.534
21602,4956.0537
21603,0.0
21604,0.0
21605,0.0
21606,0.0
21607,0.0
21608,0.0
21609,0.0
21610,5035.8257
21611,0.0
21612,0.0
21613,0.0
21614,0.0
21615,0.0
21616,0.0
21617,0.0
21618,0.0
21619,0.0
21620,0.0
21621,0.0
21622,0.0
21623,0.0
21624,0.0
21625,0.0
21626,0.0
21627,0.0
21628,0.0
21629,3835.7515
21630,0.0
21631,0.0
21632,0.0
21633,0.0
21634,0.0
21635,0.0
21636,0.0
21637,0.0
21638,0.0
21639,3320.6858
21640,0.0
21641,0.0
21642,0.0
21643,0.0
21644,0.0
21645,0.0
21646,0.0
21647,0.0
21648,0.0
21649,0.0
21650,0.0
21651,0.0
21652,0.0
21653,0.0
21654,0.0
21655,0.0
21656,0.0
21657,8606.831
21658,0.0
21659,0.0
21660,0.0
21661,0.0
21662,0.0
21663,0.0
21664,0.0
21665,0.0
21666,0.0
21667,0.0
21668,0.0
21669,0.0
21670,0.0
21671,0.0
21672,0.0
21673,0.0
21674,6222.7915
21675,0.0
21676,0.0
21677,0.0
21678,0.0
21679,0.0
21680,0.0
21681,0.0
21682,0.0
21683,0.0
21684,0.0
21685,0.0
21686,0.0
21687,0.0
21688,0.0
21689,0.0
21690,0.0
21691,0.0
21692,0.0
21693,0.0
21694,0.0
21695,0.0
21696,0.0
21697,0.0
21698,0.0
21699,0.0
21700,0.0
21701,0.0
21702,0.0
21703,0.0
21704,0.0
21705,0.0
21706,0.0
21707,0.0
21708,0.0
21709,0.0
21710,0.0
21711,0.0
21712,0.0
21713,0.0
21714,0.0
21715,0.0
21716,0.0
21717,0.0
21718,0.0
21719,0.0
21720,0.0
21721,0.0
21722,0.0
21723,0.0
21724,0.0
21725,0.0
21726,0.0
21727,0.0
21728,0.0
21729,0.0
21730,0.0
21731,0.0
21732,0.0
21733,0.0
21734,0.0
21735,0.0
21736,2490.1301
21737,0.0
21738,0.0
21739,0.0
21740,0.0
21741,0.0
21742,0.0
21743,0.0
21744,0.0
21745,0.0
21746,0.0
21747,0.0
21748,0.0
21749,0.0
21750,4536.3276
21751,0.0
21752,0.0
21753,0.0
21754,0.0
21755,0.0
21756,0.0
21757,0.0
21758,0.0
21759,0.0
21760,0.0
21761,0.0
21762,0.0
21763,0.0
21764,0.0
21765,0.0
21766,0.0
21767,0.0
21768,0.0
21769,0.0
21770,0.0
21771,0.0
21772,0.0
21773,0.0
21774,0.0
21775,0.0
21776,0.0
21777,0.0
21778,0.0
21779,0.0
21780,0.0
21781,0.0
21782,0.0
21783,0.0
21784,0.0
21785,0.0
21786,0.0
21787,0.0
21788,0.0
21789,0.0
21790,0.0
21791,0.0
21792,0.0
21793,5644.8105
21794,0.0
21795,0.0
21796,0.0
21797,0.0
21798,0.0
21799,0.0
21800,0.0
21801,0.0
21802,0.0
21803,3288.942
21804,0.0
21805,0.0
21806,0.0
21807,3789.32
21808,0.0
21809,0.0
21810,0.0
21811,0.0
21812,0.0
21813,0.0
21814,0.0
21815,0.0
21816,0.0
21817,0.0
21818,0.0
21819,0.0
21820,0.0
21821,0.0
21822,0.0
21823,0.0
21824,0.0
21825,0.0
21826,0.0
21827,0.0
21828,0.0
21829,0.0
21830,0.0
21831,0.0
21832,0.0
21833,0.0
21834,5088.908
21835,0.0
21836,0.0
21837,0.0
21838,0.0
21839,0.0
21840,0.0
21841,0.0
21842,0.0
21843,0.0
21844,0.0
21845,0.0
21846,0.0
21847,0.0
21848,4938.3057
21849,0.0
21850,0.0
21851,0.0
21852,0.0
21853,0.0
21854,0.0
21855,0.0
21856,0.0
21857,0.0
21858,0.0
21859,0.0
21860,0.0
21861,0.0
21862,0.0
21863,0.0
21864,0.0
21865,0.0
21866,0.0
21867,0.0
21868,0.0
21869,0.0
21870,0.0
21871,0.0
21872,0.0
21873,0.0
21874,0.0
21875,0.0
21876,0.0
21877,0.0
21878,0.0
21879,0.0
21880,0.0
21881,0.0
21882,0.0
21883,0.0
21884,0.0
21885,0.0
21886,0.0
21887,0.0
21888,0.0
21889,0.0
21890,0.0
21891,0.0
21892,0.0
21893,0.0
21894,0.0
21895,0.0
21896,0.0
21897,0.0
21898,0.0
21899,0.0
21900,0.0
21901,0.0
21902,0.0
21903,0.0
21904,0.0
21905,0.0
21906,0.0
21907,0.0
21908,0.0
21909,0.0
21910,0.0
21911,0.0
21912,0.0
21913,0.0
21914,0.0
21915,0.0
21916,0.0
21917,0.0
21918,0.0
21919,0.0
21920,0.0
21921,0.0
21922,0.0
21923,8781.989
21924,0.0
21925,0.0
21926,0.0
21927,0.0
21928,0.0
21929,0.0
21930,0.0
21931,0.0
21932,0.0
21933,0.0
21934,0.0
21935,0.0
21936,0.0
21937,0.0
21938,0.0
21939,0.0
21940,0.0
21941,0.0
21942,0.0
21943,0.0
21944,0.0
21945,0.0
21946,0.0
21947,0.0
21948,0.0
21949,0.0
21950,0.0
21951,0.0
21952,0.0
21953,0.0
21954,0.0
21955,0.0
21956,0.0
21957,0.0
21958,0.0
21959,0.0
21960,0.0
21961,0.0
21962,0.0
21963,0.0
21964,0.0
21965,0.0
21966,0.0
21967,3453.1748
21968,6044.4707
21969,0.0
21970,0.0
21971,0.0
21972,0.0
21973,0.0
21974,0.0
21975,0.0
21976,0.0
21977,0.0
21978,0.0
21979,0.0
21980,0.0
21981,0.0
21982,0.0
21983,0.0
21984,0.0
21985,0.0
21986,0.0
21987,0.0
21988,0.0
21989,0.0
21990,0.0
21991,0.0
21992,0.0
21993,0.0
21994,0.0
21995,0.0
21996,8941.631
21997,0.0
21998,0.0
21999,0.0
22000,0.0
22001,0.0
22002,0.0
22003,0.0
22004,0.0
22005,0.0
22006,0.0
22007,0.0
22008,0.0
22009,0.0
22010,0.0
22011,0.0
22012,0.0
22013,0.0
22014,0.0
22015,0.0
22016,0.0
22017,0.0
22018,0.0
22019,0.0
22020,0.0
22021,0.0
22022,0.0
22023,0.0
22024,0.0
22025,0.0
22026,0.0
22027,0.0
22028,0.0
22029,0.0
22030,0.0
22031,0.0
22032,0.0
22033,0.0
22034,0.0
22035,0.0
22036,0.0
22037,0.0
22038,0.0
22039,0.0
22040,0.0
22041,0.0
22042,0.0
22043,0.0
22044,0.0
22045,0.0
22046,0.0
22047,0.0
22048,0.0
22049,0.0
22050,0.0
22051,0.0
22052,0.0
22053,0.0
22054,0.0
22055,0.0
22056,0.0
22057,0.0
22058,0.0
22059,0.0
22060,0.0
22061,0.0
22062,0.0
22063,0.0
22064,0.0
22065,0.0
22066,3223.254
22067,0.0
22068,0.0
22069,0.0
22070,2688.5447
22071,0.0
22072,0.0
22073,0.0
22074,0.0
22075,0.0
22076,0.0
22077,0.0
22078,0.0
22079,0.0
22080,0.0
22081,0.0
22082,0.0
22083,0.0
22084,0.0
22085,0.0
22086,0.0
22087,0.0
22088,0.0
22089,0.0
22090,0.0
22091,0.0
22092,0.0
22093,0.0
22094,0.0
22095,0.0
22096,0.0
22097,0.0
22098,0.0
22099,0.0
22100,0.0
22101,0.0
22102,0.0
22103,0.0
22104,0.0
22105,0.0
22106,0.0
22107,0.0
22108,0.0
22109,0.0
22110,0.0
22111,0.0
22112,0.0
22113,0.0
22114,0.0
22115,0.0
22116,0.0
22117,0.0
22118,0.0
22119,0.0
22120,0.0
22121,2190.463
22122,0.0
22123,0.0
22124,0.0
22125,0.0
22126,0.0
22127,0.0
22128,0.0
22129,0.0
22130,0.0
22131,0.0
22132,0.0
22133,0.0
22134,0.0
22135,0.0
22136,7884.4497
22137,0.0
22138,0.0
22139,0.0
22140,0.0
22141,0.0
22142,0.0
22143,0.0
22144,0.0
22145,0.0
22146,0.0
22147,0.0
22148,0.0
22149,0.0
22150,0.0
22151,0.0
22152,0.0
22153,0.0
22154,0.0
22155,0.0
22156,0.0
22157,0.0
22158,0.0
22159,0.0
22160,0.0
22161,0.0
22162,0.0
22163,0.0
22164,0.0
22165,0.0
22166,0.0
22167,0.0
22168,0.0
22169,0.0
22170,0.0
22171,0.0
22172,0.0
22173,0.0
22174,0.0
22175,0.0
22176,0.0
22177,0.0
22178,0.0
22179,0.0
22180,0.0
22181,0.0
22182,0.0
22183,0.0
22184,0.0
22185,0.0
22186,0.0
22187,0.0
22188,0.0
22189,0.0
22190,0.0
22191,0.0
22192,0.0
22193,0.0
22194,0.0
22195,0.0
22196,0.0
22197,0.0
22198,0.0
22199,0.0
22200,4315.265
22201,0.0
22202,0.0
22203,0.0
22204,0.0
22205,0.0
22206,0.0
22207,0.0
22208,0.0
22209,0.0
22210,0.0
22211,0.0
22212,0.0
22213,0.0
22214,0.0
22215,0.0
22216,0.0
22217,0.0
22218,0.0
22219,0.0
22220,0.0
22221,0.0
22222,0.0
22223,0.0
22224,0.0
22225,0.0
22226,0.0
22227,0.0
22228,0.0
22229,0.0
22230,0.0
22231,0.0
22232,0.0
22233,0.0
22234,0.0
22235,0.0
22236,0.0
22237,0.0
22238,0.0
22239,0.0
22240,0.0
22241,9878.785
22242,4806.085
22243,0.0
22244,0.0
22245,0.0
22246,0.0
22247,0.0
22248,0.0
22249,0.0
22250,0.0
22251,0.0
22252,0.0
22253,0.0
22254,0.0
22255,0.0
22256,0.0
22257,4288.232
22258,4558.15
22259,6054.696
22260,3381.2646
22261,5609.7334
22262,4500.692
22263,6132.0356
22264,6244.261
22265,4318.3413
22266,3652.2622
22267,5580.7163
22268,5337.56
22269,4481.8286
22270,5633.0312
22271,4860.157
22272,3517.9548
22273,4576.391
22274,7153.7803
22275,8795.679
22276,7056.169
22277,6514.893
22278,4555.6157
22279,5324.1562
22280,2255.4155
22281,7529.5654
22282,7111.356
22283,8562.551
22284,5517.277
22285,3252.2476
22286,5048.4844
22287,5107.105
22288,7659.3677
22289,4795.566
22290,5602.6963
22291,4742.47
22292,5519.8403
22293,3115.9255
22294,6834.5303
22295,3874.3271
22296,6576.9233
22297,6717.564
22298,3845.5408
22299,7194.316
22300,5669.643
22301,4559.015
22302,4199.37
22303,6518.5107
22304,9184.474
22305,5548.3447
22306,5504.267
22307,7337.1265
22308,7257.2188
22309,5724.7183
22310,6713.151
22311,3082.984
22312,3022.446
22313,4945.952
22314,5511.333
22315,7528.905
22316,7052.5825
22317,4115.2295
22318,7459.932
22319,7336.7485
22320,6100.8643
22321,3239.3325
22322,10055.609
22323,3888.059
22324,4608.0
22325,7267.997
22326,4692.6514
22327,5253.836
22328,3685.9573
22329,5443.274
22330,4704.636
22331,4890.044
22332,7831.0127
22333,6260.4346
22334,5581.052
22335,3243.5288
22336,6716.9233
22337,11024.281
22338,5107.7188
22339,3422.4167
22340,6428.867
22341,5671.4443
22342,6941.32
22343,8216.168
22344,2821.5808
22345,6926.3467
22346,4605.021
22347,5869.6636
22348,5694.0527
22349,3175.6287
22350,4917.0933
22351,4918.4863
22352,6977.2173
22353,7306.594
22354,4146.0537
22355,4798.22
22356,6092.246
22357,5766.1763
22358,4567.1113
22359,6612.2417
22360,4570.1445
22361,5929.1807
22362,4472.156
22363,3486.3838
22364,5331.5454
22365,5979.6826
22366,6633.9604
22367,6786.266
22368,7281.9097
22369,4370.753
22370,7040.639
22371,3577.412
22372,4302.926
22373,7364.5474
22374,6839.4272
22375,6999.3335
22376,8317.907
22377,6406.8545
22378,4851.394
22379,6133.761
22380,6855.442
22381,4242.634
22382,2724.401
22383,5387.9346
22384,4949.133
22385,6211.8145
22386,4054.8853
22387,5877.86
22388,6491.9976
22389,5706.0303
22390,5457.2173
22391,3182.835
22392,5781.713
22393,6682.9385
22394,3907.6206
22395,5126.266
22396,3416.382
22397,5310.396
22398,3677.9421
22399,4692.316
22400,4271.6035
22401,6954.3486
22402,5833.2954
22403,6939.678
22404,10069.804
22405,4151.3174
22406,4464.024
22407,9665.644
22408,5543.748
22409,6930.669
22410,6222.4116
22411,4987.848
22412,5722.169
22413,4545.5625
22414,5018.4287
22415,8116.896
22416,4511.4546
22417,1795.0846
22418,3540.7007
22419,6726.399
22420,8688.097
22421,5735.4585
22422,6090.3926
22423,4139.3125
22424,3026.803
22425,2358.2925
22426,3702.6335
22427,5246.6597
22428,6297.3867
22429,5581.1475
22430,4473.278
22431,7288.323
22432,7153.889
22433,6653.116
22434,4752.0293
22435,7514.2334
22436,9145.147
22437,4102.961
22438,5804.8716
22439,4964.168
22440,5853.0923
22441,2758.8818
22442,5397.461
22443,4602.966
22444,7517.7607
22445,5690.209
22446,7067.9834
22447,6618.2485
22448,4427.283
22449,7263.1323
22450,6994.4014
22451,8429.648
22452,4040.9575
22453,2532.4675
22454,5843.754
22455,8276.438
22456,4744.0356
22457,8060.5693
22458,4620.1123
22459,4542.8057
22460,3137.4854
22461,9770.78
22462,3499.2017
22463,6779.3438
22464,3830.7053
22465,5605.476
22466,2991.3313
22467,6927.1924
22468,5253.295
22469,5195.152
22470,8497.1
22471,5789.069
22472,5335.2847
22473,6602.347
22474,5597.7554
22475,5570.686
22476,8088.101
22477,4725.415
22478,6067.773
22479,4756.206
22480,3648.3552
22481,4878.606
22482,4729.04
22483,5147.7085
22484,7429.8315
22485,6016.3433
22486,6750.636
22487,4324.244
22488,3806.6018
22489,4535.4624
22490,5055.0186
22491,5372.011
22492,3275.7905
22493,7317.488
22494,5353.2334
22495,6481.473
22496,5216.733
22497,4303.2417
22498,3607.1807
22499,3114.8022
22500,8213.457
22501,5690.236
22502,5844.919
22503,6809.3423
22504,6504.369
22505,4545.5195
22506,5045.4805
22507,3246.067
22508,4573.319
22509,4131.3164
22510,4330.6714
22511,7725.724
22512,4750.833
22513,8594.764
22514,9937.071
22515,5082.4565
22516,5864.084
22517,4321.4688
22518,5074.9526
22519,4672.641
22520,10492.5625
22521,5826.2334
22522,6394.6743
22523,3542.0115
22524,5248.136
22525,4757.5127
22526,7387.8984
22527,6476.48
22528,5157.42
22529,6259.7183
22530,4217.0083
22531,7896.1367
22532,6728.587
22533,5549.4883
22534,8530.067
22535,6419.29
22536,7551.703
22537,3360.7737
22538,5322.709
22539,4582.3013
22540,7732.816
22541,6800.2163
22542,6677.7773
22543,6332.9556
22544,7159.186
22545,4567.429
22546,5930.4478
22547,5804.5894
22548,3127.2925
22549,11321.487
22550,6150.2407
22551,6865.532
22552,6584.6436
22553,6784.331
22554,7653.744
22555,7306.03
22556,3458.3735
22557,4744.832
22558,5256.3223
22559,7469.936
22560,2945.1472
22561,4461.41
22562,4795.15
22563,4800.2803
22564,5194.329
22565,3202.7974
22566,3346.585
22567,5963.04
22568,3563.988
22569,4700.958
22570,5188.892
22571,5105.707
22572,8324.502
22573,10407.089
22574,5125.4253
22575,6722.1978
22576,5989.4155
22577,9702.876
22578,5579.327
22579,3198.6782
22580,4653.1016
22581,10710.935
22582,4070.3596
22583,6307.0464
22584,2476.6772
22585,3802.7327
22586,6031.317
22587,5898.247
22588,5011.961
22589,7924.2637
22590,8164.765
22591,7690.266
22592,3856.455
22593,10119.908
22594,2728.7085
22595,3932.3564
22596,6098.118
22597,4550.6387
22598,9416.112
22599,3235.9136
22600,4706.162
22601,5955.6904
22602,8326.566
22603,8749.45
22604,4942.25
22605,3431.662
22606,6538.612
22607,7842.0747
22608,4967.3984
22609,4575.335
22610,8123.1304
22611,6140.077
22612,4986.825
22613,4248.076
22614,6945.3994
22615,4820.543
22616,11373.09
22617,7755.3145
22618,10964.333
22619,6200.029
22620,4485.1646
22621,2647.1804
22622,5997.167
22623,5430.786
22624,4322.8623
22625,8313.37
22626,4904.6235
22627,3025.374
22628,6167.7295
22629,3345.1104
22630,8219.711
22631,6463.058
22632,6315.089
22633,6936.806
22634,4516.725
22635,6741.956
22636,6756.9946
22637,4738.0933
22638,5535.996
22639,4266.391
22640,8735.392
22641,5661.613
22642,3442.0913
22643,5340.1113
22644,7434.85
22645,5520.609
22646,4093.442
22647,5422.4575
22648,5256.2017
22649,4259.8887
22650,4645.19
22651,8637.332
22652,4611.865
22653,3969.983
22654,5796.174
22655,5091.914
22656,3463.2134
22657,4690.454
22658,7611.6074
22659,6236.969
22660,9672.403
22661,7687.9707
22662,6432.02
22663,4072.624
22664,4235.9775
22665,9304.447
22666,7023.4956
22667,6536.28
22668,5391.3433
22669,5587.7954
22670,4642.7227
22671,2833.1335
22672,11306.779
22673,5271.3447
22674,5862.5464
22675,4896.602
22676,1529.5474
22677,7585.7554
22678,5357.1104
22679,4159.1377
22680,3992.4426
22681,6193.0723
22682,5064.512
22683,4665.862
22684,8715.743
22685,3722.235
22686,4637.637
22687,3874.087
22688,2950.9211
22689,5144.3657
22690,4409.569
22691,5192.1445
22692,5082.6357
22693,5336.0073
22694,3752.3137
22695,3527.99
22696,5022.5425
22697,3409.7725
22698,8752.639
22699,5847.858
22700,3095.837
22701,7611.5786
22702,3248.3716
22703,3883.8777
22704,7211.2715
22705,7301.5923
22706,8731.344
22707,3039.0564
22708,5359.1445
22709,4263.385
22710,4447.5117
22711,8907.361
22712,9596.465
22713,4790.103
22714,3141.6992
22715,5209.195
22716,4260.1934
22717,2984.0886
22718,7436.829
22719,4393.3413
22720,5622.0435
22721,6104.4907
22722,4625.1963
22723,5053.4614
22724,5551.1084
22725,6722.095
22726,6261.5273
22727,3145.715
22728,5424.3613
22729,6549.56
22730,7988.8677
22731,6029.499
22732,6723.615
22733,2863.472
22734,8068.692
22735,4994.5513
22736,3292.3887
22737,5026.794
22738,4588.2324
22739,4679.202
22740,6031.76
22741,4195.002
22742,6558.0054
22743,4288.257
22744,6880.702
22745,7692.4814
22746,4987.772
22747,6764.494
22748,5773.931
22749,3168.6594
22750,10278.76
22751,4142.9897
22752,2741.3845
22753,6208.29
22754,9414.137
22755,9072.561
22756,4283.4
22757,4469.8613
22758,6345.484
22759,6841.0845
22760,4729.0225
22761,6973.4116
22762,2429.2947
22763,4919.2935
22764,4395.337
22765,3623.8254
22766,3081.5784
22767,6846.496
22768,6385.258
22769,4422.003
22770,5559.8145
22771,7017.335
22772,7264.255
22773,4068.248
22774,5205.4146
22775,5019.367
22776,6084.697
22777,5493.0586
22778,3032.8528
22779,5058.824
22780,6874.096
22781,5680.8813
22782,5424.087
22783,2897.6907
22784,8236.489
22785,3930.3313
22786,7744.1235
22787,5299.34
22788,4636.894
22789,7271.041
22790,4385.0225
22791,4602.382
22792,7854.516
22793,3263.1401
22794,6074.062
22795,8599.536
22796,7142.0264
22797,2923.2295
22798,5051.8613
22799,2739.314
22800,2635.566
22801,5226.8887
22802,5923.0474
22803,5433.9053
22804,4451.548
22805,5734.665
22806,5056.7886
22807,9796.5625
22808,4352.0063
22809,6024.285
22810,4300.6484
22811,5788.809
22812,5274.3574
22813,5774.647
22814,6909.4023
22815,8088.6025
22816,6731.919
22817,5355.2866
22818,4920.4478
22819,3048.4646
22820,5160.2593
22821,8251.814
22822,6694.1094
22823,4820.2944
22824,5376.748
22825,3831.9663
22826,4728.3276
22827,4335.797
22828,7526.054
22829,8414.049
22830,6647.5977
22831,6702.5425
22832,7067.9434
22833,6887.9053
22834,5293.02
22835,5009.5854
22836,3096.3713
22837,4688.1597
22838,3645.645
22839,3526.6877
22840,6757.22
22841,9634.047
22842,4996.815
22843,3424.5295
22844,4684.8203
22845,3726.0327
22846,5375.4043
22847,2555.8806
22848,6153.128
22849,5765.7637
22850,3844.9612
22851,9497.36
22852,8194.0205
22853,4549.4536
22854,5406.514
22855,3458.9016
22856,4400.027
22857,4097.0356
22858,7789.8613
22859,3809.0498
22860,3849.6663
22861,4926.116
22862,4978.8496
22863,5510.8286
22864,6101.283
22865,2934.3975
22866,7720.5825
22867,5857.482
22868,5164.6914
22869,4161.5703
22870,3923.4202
22871,4897.7183
22872,4016.2246
22873,8631.017
22874,4936.4644
22875,3912.8875
22876,5879.963
22877,5048.075
22878,5341.0586
22879,4971.774
22880,5352.9473
22881,9364.73
22882,6670.9976
22883,5560.801
22884,3677.9668
22885,4563.0005
22886,8469.477
22887,3972.1838
22888,4511.696
22889,5050.729
22890,10774.254
22891,6673.562
22892,4406.4067
22893,5314.389
22894,4436.7783
22895,6518.9834
22896,5484.2056
22897,8774.2705
22898,6193.5566
22899,4813.1226
22900,4172.004
22901,2321.9368
22902,4698.1694
22903,7559.234
22904,2329.4255
22905,4711.377
22906,6167.4355
22907,6917.117
22908,5201.6724
22909,7471.7744
22910,5297.49
22911,5694.5093
22912,2836.8657
22913,7077.016
22914,4103.7397
22915,6099.8228
22916,7980.871
22917,3956.3464
22918,7031.861
22919,5678.2646
22920,2749.5303
22921,6434.3027
22922,5742.6406
22923,2689.535
22924,7631.0234
22925,6141.5063
22926,3972.464
22927,9040.256
22928,6812.512
22929,6628.1226
22930,4214.471
22931,3840.3352
22932,5178.5728
22933,2123.0063
22934,5881.5894
22935,2561.092
22936,5585.8823
22937,3298.324
22938,4855.579
22939,4822.6494
22940,4797.0483
22941,5519.64
22942,7553.8066
22943,4998.178
22944,7091.909
22945,5349.2163
22946,5945.2583
22947,7879.593
22948,6317.1914
22949,2770.5637
22950,4991.5034
22951,5265.0483
22952,4619.6543
22953,10795.618
22954,5827.2393
22955,6683.5635
22956,8770.455
22957,5824.272
22958,2744.0613
22959,8217.367
22960,7689.6426
22961,6025.2393
22962,7018.8613
22963,6699.609
22964,7427.38
22965,4880.831
22966,4614.2637
22967,3709.0532
22968,5548.7896
22969,6951.696
22970,3323.741
22971,6866.429
22972,6379.7485
22973,4819.513
22974,6639.3154
22975,4404.8896
22976,6587.854
22977,2976.8352
22978,5358.02
22979,5131.9805
22980,3815.4685
22981,6296.2876
22982,6707.736
22983,7632.7925
22984,5741.5835
22985,3893.1697
22986,5572.6313
22987,6330.8057
22988,7453.6235
22989,3251.8909
22990,3236.466
22991,8172.057
22992,5094.528
22993,4115.732
22994,6835.534
22995,6330.099
22996,6089.8525
22997,4310.5015
22998,2320.4397
22999,5879.66
23000,5631.457
23001,5070.0703
23002,8249.792
23003,6576.647
23004,3740.8662
23005,6112.6187
23006,2829.4006
23007,1259.0029
23008,5228.594
23009,8614.223
23010,5663.1196
23011,4650.1333
23012,3580.7307
23013,5269.6606
23014,8731.56
23015,5722.5674
23016,7966.9604
23017,4868.2817
23018,4225.025
23019,3774.1865
23020,6124.711
23021,3889.8286
23022,2959.2375
23023,4417.0283
23024,3666.5537
23025,6661.3394
23026,5198.0415
23027,4844.735
23028,5099.4185
23029,6990.96
23030,4348.4214
23031,3734.68
23032,8378.828
23033,6829.7534
23034,6190.1846
23035,2394.2966
23036,6208.9
23037,4848.572
23038,3979.2947
23039,7891.213
23040,8577.746
23041,5881.8926
23042,5729.826
23043,6011.502
23044,6770.245
23045,9708.022
23046,3348.4563
23047,3954.0828
23048,4747.526
23049,5846.6367
23050,5437.187
23051,7882.9307
23052,6546.4937
23053,5996.8584
23054,2947.1794
23055,6075.777
23056,5605.5024
23057,3646.3755
23058,5866.3164
23059,3156.3472
23060,6403.9463
23061,5571.9507
23062,5244.828
23063,6182.8496
23064,3942.426
23065,4445.4966
23066,6272.5864
23067,5190.976
23068,7444.4585
23069,5444.5825
23070,7297.0737
23071,4994.37
23072,3452.4766
23073,7747.788
23074,3139.4253
23075,9906.694
23076,5104.149
23077,4258.3896
23078,6630.0005
23079,4687.9854
23080,4415.036
23081,5475.393
23082,2491.1306
23083,3149.8892
23084,5365.9424
23085,6338.945
23086,8922.31
23087,5085.8125
23088,5414.6064
23089,4849.525
23090,5643.5938
23091,3361.8542
23092,9211.969
23093,6470.9844
23094,11328.098
23095,5208.4194
23096,4590.2065
23097,6896.8853
23098,6296.732
23099,3668.6355
23100,7758.5996
23101,6409.2505
23102,4634.6255
23103,5617.369
23104,4242.0103
23105,3249.54
23106,5188.2285
23107,3762.8662
23108,3564.2227
23109,7767.9146
23110,5469.4893
23111,6619.309
23112,6568.2407
23113,4679.863
23114,7089.4
23115,8684.749
23116,5204.7495
23117,6544.1836
23118,5451.177
23119,7674.593
23120,7434.9355
23121,5354.949
23122,5717.6953
23123,7084.0464
23124,7555.615
23125,6591.782
23126,7547.9155
23127,6027.964
23128,5036.042
23129,5730.433
23130,9485.691
23131,10557.682
23132,9117.853
23133,7044.065
23134,4931.857
23135,6195.4062
23136,4354.5605
23137,8471.868
23138,9415.906
23139,9232.437
23140,6111.8896
23141,4826.7085
23142,4947.2217
23143,5697.655
23144,9693.034
23145,7130.5776
23146,5746.558
23147,5780.869
23148,6964.299
23149,4174.1934
23150,7520.694
23151,4288.224
23152,6982.8164
23153,7514.026
23154,5640.058
23155,7479.675
23156,6420.1597
23157,5007.001
23158,6578.159
23159,7028.6826
23160,10191.101
23161,6223.1357
23162,7445.722
23163,7233.1494
23164,9199.019
23165,6684.749
23166,9228.581
23167,4754.088
23168,4667.264
23169,6139.0874
23170,6259.0854
23171,9155.726
23172,7850.9136
23173,5246.8447
23174,7871.7134
23175,6943.7964
23176,9030.871
23177,4231.281
23178,11754.641
23179,5045.8657
23180,6166.1235
23181,8467.264
23182,5473.623
23183,6026.6875
23184,6497.4736
23185,7223.2905
23186,5413.424
23187,5053.341
23188,8121.1704
23189,7582.2974
23190,7097.0586
23191,4719.077
23192,7159.9717
23193,11602.303
23194,6557.805
23195,4564.7373
23196,7166.565
23197,6130.538
23198,7274.1143
23199,7576.796
23200,4372.5166
23201,7672.5874
23202,5810.073
23203,7308.685
23204,6658.582
23205,5214.6133
23206,6484.126
23207,5639.7407
23208,7560.8853
23209,8911.288
23210,5279.1494
23211,5084.2944
23212,6384.74
23213,6140.4463
23214,5491.8276
23215,8506.108
23216,6795.8203
23217,7365.426
23218,5656.3066
23219,4894.58
23220,6637.606
23221,7908.317
23222,7970.7764
23223,8472.668
23224,8166.743
23225,6007.8677
23226,8396.412
23227,5652.391
23228,6958.223
23229,8213.566
23230,7195.38
23231,9441.347
23232,7975.742
23233,7939.523
23234,5995.28
23235,7296.8857
23236,8005.786
23237,6174.2217
23238,4526.74
23239,5788.3896
23240,7544.6333
23241,7341.677
23242,5339.0366
23243,8329.3545
23244,6747.3984
23245,6081.813
23246,5885.417
23247,5173.428
23248,6727.605
23249,7023.6426
23250,6365.2944
23251,5696.557
23252,5019.975
23253,6770.052
23254,4203.9233
23255,6723.5444
23256,4965.546
23257,8846.31
23258,7253.7725
23259,6664.32
23260,9398.419
23261,4905.9243
23262,5099.827
23263,10373.683
23264,7067.471
23265,8198.289
23266,7948.2666
23267,5789.7646
23268,6085.248
23269,6154.9297
23270,7068.5903
23271,10575.439
23272,5877.742
23273,3392.3337
23274,4867.0093
23275,8135.529
23276,9358.882
23277,6317.408
23278,7071.4766
23279,4797.158
23280,5169.6
23281,3587.432
23282,4853.7036
23283,6220.542
23284,6840.628
23285,7295.7373
23286,6379.28
23287,8201.448
23288,8794.043
23289,7645.2515
23290,5185.097
23291,9060.757
23292,10824.126
23293,6212.158
23294,7728.79
23295,5401.2725
23296,6805.4854
23297,4689.1973
23298,6834.732
23299,5548.9004
23300,8612.834
23301,7341.915
23302,8611.355
23303,7882.1787
23304,5509.651
23305,8242.171
23306,7208.6787
23307,10010.662
23308,5562.6045
23309,3749.884
23310,6407.692
23311,9158.975
23312,6198.214
23313,10229.088
23314,4417.884
23315,4029.6904
23316,5022.1353
23317,8834.816
23318,5036.2964
23319,9009.294
23320,6219.4624
23321,6771.4077
23322,3827.5786
23323,7648.869
23324,6797.4927
23325,6927.2188
23326,8670.712
23327,6611.712
23328,6175.706
23329,6927.615
23330,5449.3887
23331,5133.6304
23332,7943.9316
23333,5577.8535
23334,6678.695
23335,7282.7295
23336,5823.722
23337,5298.4404
23338,6884.1943
23339,6991.7666
23340,8645.607
23341,6184.23
23342,7201.3115
23343,5814.8022
23344,4450.274
23345,6224.388
23346,7001.3164
23347,5269.1934
23348,4622.894
23349,8990.5205
23350,6807.05
23351,8357.581
23352,6691.479
23353,5808.117
23354,5211.7593
23355,4683.1357
23356,9712.774
23357,5873.752
23358,8306.276
23359,6217.4873
23360,7398.9766
23361,6254.842
23362,5273.3516
23363,4944.7446
23364,7709.28
23365,4446.684
23366,5830.759
23367,9311.78
23368,5808.045
23369,12211.105
23370,12167.532
23371,5182.2886
23372,7184.332
23373,5300.9883
23374,6528.635
23375,5597.627
23376,11315.842
23377,7721.6724
23378,7983.1626
23379,4705.278
23380,7218.9653
23381,5181.394
23382,8619.129
23383,7282.695
23384,6200.969
23385,6963.5347
23386,5413.6514
23387,8771.593
23388,8721.888
23389,5911.5845
23390,9961.801
23391,6972.261
23392,8697.398
23393,4825.125
23394,5531.0977
23395,5482.396
23396,9303.223
23397,7074.121
23398,8220.134
23399,6956.0664
23400,8934.606
23401,4973.358
23402,7665.9746
23403,6099.2583
23404,4230.6187
23405,12937.865
23406,6167.7354
23407,7628.811
23408,8129.998
23409,8976.041
23410,9685.364
23411,9919.298
23412,6042.476
23413,7390.9995
23414,5973.5376
23415,8566.505
23416,4454.058
23417,5629.9263
23418,5719.7354
23419,5643.6313
23420,7685.243
23421,4701.3613
23422,4727.1143
23423,6218.104
23424,4325.1353
23425,4820.897
23426,5679.494
23427,6376.5483
23428,9358.328
23429,8954.621
23430,7060.0464
23431,6611.447
23432,6687.8486
23433,10486.7295
23434,7235.0537
23435,5672.6616
23436,4967.389
23437,9456.794
23438,4811.773
23439,7142.803
23440,3935.9553
23441,5067.6045
23442,7364.7725
23443,6553.822
23444,5867.318
23445,8682.065
23446,9641.015
23447,10932.589
23448,5591.8745
23449,10211.688
23450,3586.8228
23451,5706.635
23452,6931.224
23453,4831.31
23454,8667.289
23455,5215.1455
23456,5245.7637
23457,8899.566
23458,10668.247
23459,8709.054
23460,5789.196
23461,5293.717
23462,7207.7026
23463,7466.1035
23464,5863.128
23465,5441.665
23466,7508.051
23467,8626.136
23468,4983.544
23469,5904.4106
23470,7866.8345
23471,8395.731
23472,11345.787
23473,6798.3096
23474,11572.806
23475,7216.9
23476,5754.2974
23477,3814.668
23478,6251.949
23479,6412.118
23480,5237.554
23481,8269.345
23482,5222.623
23483,4564.7373
23484,7287.086
23485,3946.6252
23486,7849.611
23487,6957.931
23488,7585.2344
23489,8357.565
23490,5697.557
23491,9069.524
23492,6745.178
23493,5191.971
23494,5454.2144
23495,5650.639
23496,10660.618
23497,6455.468
23498,4798.861
23499,7351.115
23500,8629.855
23501,7008.0977
23502,6173.309
23503,8401.194
23504,5583.9966
23505,5558.075
23506,6228.385
23507,9433.821
23508,5647.961
23509,6001.373
23510,6154.0493
23511,5523.78
23512,4280.3936
23513,5730.165
23514,8577.861
23515,7659.3965
23516,10949.807
23517,10235.48
23518,8148.1167
23519,4397.2363
23520,4938.7534
23521,10743.572
23522,9847.271
23523,7720.5825
23524,7927.008
23525,8538.158
23526,5984.4185
23527,4037.274
23528,11102.078
23529,5806.228
23530,6958.316
23531,6462.7437
23532,3283.7566
23533,10179.899
23534,6096.676
23535,5258.2227
23536,5313.198
23537,6302.176
23538,6467.646
23539,7468.447
23540,7301.272
23541,4538.994
23542,5308.1226
23543,4297.671
23544,3759.985
23545,7419.7896
23546,5472.2656
23547,5250.309
23548,5707.7725
23549,7132.455
23550,5324.1157
23551,5371.9497
23552,5093.891
23553,4623.1016
23554,8077.524
23555,7222.905
23556,4496.002
23557,8777.133
23558,5726.122
23559,5117.345
23560,8085.363
23561,8258.051
23562,10268.295
23563,5315.4233
23564,7051.3516
23565,5173.231
23566,5938.0435
23567,8667.983
23568,9395.909
23569,6406.683
23570,4861.1587
23571,5378.446
23572,6080.2583
23573,4431.4995
23574,8892.507
23575,5155.6196
23576,5873.203
23577,7281.521
23578,5339.2554
23579,6484.2124
23580,6678.134
23581,8096.1514
23582,7440.5967
23583,4350.4336
23584,5827.3228
23585,7236.5103
23586,9176.725
23587,8837.918
23588,7181.112
23589,4688.6606
23590,7858.3228
23591,6084.615
23592,4885.815
23593,7763.5146
23594,7315.269
23595,6286.428
23596,5956.247
23597,6610.489
23598,8118.607
23599,5309.2163
23600,6877.0146
23601,7871.6606
23602,6244.678
23603,9221.999
23604,6536.5044
23605,5057.3237
23606,11923.708
23607,5846.001
23608,3932.8928
23609,8107.7505
23610,9628.526
23611,9689.134
23612,5008.549
23613,6114.6245
23614,6499.4883
23615,7649.847
23616,6393.845
23617,7898.216
23618,3645.534
23619,6215.637
23620,6355.885
23621,5409.4805
23622,4857.0845
23623,7151.8496
23624,8076.253
23625,4920.1523
23626,8130.944
23627,7062.047
23628,8682.265
23629,4875.029
23630,6513.1226
23631,6024.343
23632,7325.1416
23633,8561.1875
23634,4487.762
23635,7143.8115
23636,8044.4404
23637,7299.7607
23638,5177.081
23639,3905.4705
23640,7621.291
23641,6631.1577
23642,8459.095
23643,7420.667
23644,5479.113
23645,8642.45
23646,6611.371
23647,6707.883
23648,7780.342
23649,5677.799
23650,7774.452
23651,10326.674
23652,8158.2417
23653,4853.9443
23654,5868.454
23655,4890.9395
23656,3713.7017
23657,7757.4453
23658,6045.0933
23659,8877.05
23660,5215.638
23661,7216.5693
23662,6661.905
23663,9960.386
23664,4922.56
23665,6274.3096
23666,5819.8184
23667,7943.2344
23668,5559.0933
23669,7016.1167
23670,7882.7954
23671,9156.319
23672,7277.383
23673,6948.096
23674,6070.9517
23675,4886.598
23676,5617.224
23677,10848.465
23678,8994.234
23679,5873.7295
23680,5532.069
23681,6132.1055
23682,5290.562
23683,6151.3145
23684,8864.604
23685,9534.427
23686,7148.276
23687,7434.751
23688,8016.2236
23689,7334.482
23690,6174.9873
23691,6329.882
23692,5540.1904
23693,5454.7817
23694,4175.691
23695,5310.8975
23696,8551.777
23697,10348.739
23698,6258.4824
23699,5059.8525
23700,7180.4683
23701,4277.614
23702,6329.803
23703,4319.952
23704,8376.95
23705,6296.732
23706,6341.739
23707,10991.074
23708,9552.377
23709,6634.087
23710,6876.0767
23711,3861.0562
23712,5787.1196
23713,5462.227
23714,8652.059
23715,5021.747
23716,4670.208
23717,5729.799
23718,5706.047
23719,7954.7056
23720,6629.741
23721,3937.9045
23722,7975.2856
23723,7699.007
23724,7528.617
23725,5121.7646
23726,4827.7446
23727,7288.4414
23728,4458.0537
23729,9641.557
23730,5353.4272
23731,5145.887
23732,6763.5005
23733,6266.122
23734,4995.738
23735,6390.8516
23736,6671.6147
23737,9653.859
23738,9188.11
23739,6195.885
23740,4159.209
23741,5784.581
23742,9577.026
23743,5208.8965
23744,6295.4707
23745,6236.904
23746,11172.056
23747,7504.915
23748,6080.1772
23749,6720.5054
23750,4604.898
23751,9039.669
23752,5962.989
23753,10781.83
23754,6771.5693
23755,6072.683
23756,5691.756
23757,4436.9434
23758,7260.466
23759,6450.0146
23760,4559.098
23761,5269.842
23762,9505.589
23763,7171.31
23764,6592.757
23765,8117.167
23766,6189.0864
23767,5641.0264
23768,4590.57
23769,8964.166
23770,6193.8286
23771,6972.454
23772,7540.813
23773,4826.6533
23774,7594.3774
23775,6259.4375
23776,3805.4
23777,8454.723
23778,8335.482
23779,4513.525
23780,7689.0854
23781,7238.1807
23782,4647.854
23783,9865.848
23784,6373.411
23785,8742.251
23786,4762.58
23787,5298.88
23788,6220.382
23789,3718.53
23790,7543.669
23791,4328.441
23792,6649.7983
23793,5059.447
23794,5625.879
23795,5417.0864
23796,7022.5977
23797,7132.101
23798,8516.476
23799,6007.9307
23800,7585.2993
23801,6504.3257
23802,8785.676
23803,8874.18
23804,6869.2983
23805,3758.0378
23806,5967.8423
23807,7091.449
23808,4700.967
23809,11293.318
23810,6329.731
23811,8312.442
23812,11169.67
23813,6393.022
23814,4666.4097
23815,9857.683
23816,10100.025
23817,5699.8945
23818,8456.537
23819,9089.025
23820,6701.5005
23821,5416.9365
23822,7544.849
23823,5653.3833
23824,6033.014
23825,7551.732
23826,5050.917
23827,6975.886
23828,7755.7217
23829,6545.401
23830,7846.8784
23831,5722.207
23832,6863.6006
23833,4097.7236
23834,7846.2495
23835,7218.69
23836,5840.1377
23837,6990.78
23838,7472.8506
23839,9002.062
23840,6343.5234
23841,4854.6436
23842,6420.2085
23843,7290.9517
23844,7616.4077
23845,4576.33
23846,4474.951
23847,7927.174
23848,6742.811
23849,5876.0103
23850,8041.617
23851,6947.016
23852,6570.509
23853,4976.77
23854,3971.0774
23855,6821.459
23856,6823.737
23857,7013.588
23858,9019.947
23859,8187.544
23860,5034.303
23861,8558.411
23862,3994.1492
23863,3530.589
23864,6509.539
23865,10740.253
23866,7880.555
23867,7119.5205
23868,5203.881
23869,7204.5337
23870,9431.581
23871,5918.942
23872,8520.603
23873,6050.839
23874,4647.211
23875,5546.059
23876,6094.013
23877,6148.393
23878,4813.949
23879,5513.8623
23880,4605.908
23881,7105.4644
23882,7793.436
23883,5609.8833
23884,6243.654
23885,7424.348
23886,5323.486
23887,5135.707
23888,8796.895
23889,7714.841
23890,6549.8286
23891,4058.972
23892,11200.062
23893,6342.4463
23894,5537.026
23895,9406.571
23896,8456.666
23897,7120.0503
23898,6440.1416
23899,7441.3203
23900,9577.373
23901,11736.425
23902,5145.627
23903,4917.9517
23904,5360.356
23905,6804.8037
23906,6171.5547
23907,8049.176
23908,8686.34
23909,6112.333
23910,4293.1724
23911,6403.134
23912,7405.387
23913,5293.419
23914,7146.6465
23915,4269.97
23916,7642.889
23917,7767.2627
23918,7326.1895
23919,8304.978
23920,6016.4985
23921,4491.6597
23922,6475.584
23923,7583.18
23924,8379.068
23925,7415.346
23926,7885.1865
23927,6449.141
23928,4521.9023
23929,9341.848
23930,4650.763
23931,11192.769
23932,6226.5615
23933,4808.5522
23934,6752.2397
23935,6153.9023
23936,7044.038
23937,7211.918
23938,3938.175
23939,4794.377
23940,6816.718
23941,8626.827
23942,9502.888
23943,5139.206
23944,6108.067
23945,7392.748
23946,6602.832
23947,5294.3633
23948,10133.102
23949,8316.359
23950,11085.529
23951,4517.695
23952,5774.267
23953,8731.21
23954,7337.2246
23955,5632.3003
23956,9913.765
23957,6912.962
23958,5281.436
23959,5818.381
23960,4784.5273
23961,5043.3105
23962,6159.9805
23963,5157.2134
23964,5456.2544
23965,9671.26
23966,6359.499
23967,5385.304
23968,6669.4897
23969,4653.359
23970,7279.993
23971,8628.456
23972,6428.757
23973,6435.1743
23974,5445.232
23975,8024.0415
23976,7578.2197
23977,5124.374
23978,5571.7915
23979,6954.5806
23980,7770.5083
23981,6677.599
23982,8335.705
23983,6254.305
23984,4902.154
23985,5973.965
23986,9163.325
23987,10944.754
23988,9179.456
23989,6993.0474
23990,5534.317
23991,6081.221
23992,4529.7207
23993,8147.6816
23994,9382.154
23995,9349.496
23996,5953.702
23997,5024.833
23998,5058.9062
23999,5610.6167
24000,9782.772
24001,6911.564
24002,5645.403
24003,5784.6416
24004,7450.07
24005,4009.3496
24006,7588.657
24007,4336.3306
24008,7037.0273
24009,7472.0737
24010,5682.8647
24011,7380.306
24012,6551.772
24013,4898.4287
24014,6603.323
24015,6940.8696
24016,10122.013
24017,6281.9146
24018,7891.567
24019,7488.6406
24020,9015.147
24021,7031.74
24022,8997.976
24023,4907.08
24024,5214.449
24025,6283.065
24026,6268.1963
24027,9230.007
24028,7787.603
24029,5530.412
24030,7994.4473
24031,6765.7007
24032,9107.831
24033,4027.0159
24034,11948.98
24035,4919.833
24036,6187.6816
24037,8287.806
24038,5800.4326
24039,5874.5645
24040,6239.1235
24041,7263.3193
24042,5344.188
24043,4953.648
24044,8063.599
24045,7514.9434
24046,7130.7817
24047,4912.344
24048,7443.28
24049,11292.22
24050,6650.959
24051,4866.7773
24052,6978.715
24053,6179.318
24054,7208.727
24055,7168.2876
24056,4038.1367
24057,7558.0083
24058,6125.1787
24059,7231.928
24060,6940.7505
24061,4496.452
24062,6372.9126
24063,5425.272
24064,7554.066
24065,8852.563
24066,5598.93
24067,5112.6855
24068,6622.4097
24069,5926.161
24070,5555.1816
24071,8072.0786
24072,6705.9253
24073,7918.665
24074,5714.827
24075,4606.721
24076,6905.2646
24077,7947.812
24078,8217.108
24079,8007.4053
24080,7821.6743
24081,6170.0303
24082,8375.185
24083,5739.349
24084,7185.209
24085,8746.463
24086,6927.794
24087,9455.0625
24088,7869.9414
24089,8066.2295
24090,6376.9805
24091,6872.1494
24092,7794.5063
24093,6099.4385
24094,4483.364
24095,6002.0483
24096,7662.9624
24097,6924.7812
24098,5091.9478
24099,8242.627
24100,6940.34
24101,6021.3613
24102,6166.2944
24103,5261.3184
24104,7096.964
24105,7351.599
24106,6590.11
24107,5647.7295
24108,5002.5947
24109,6537.8447
24110,4005.2825
24111,6446.49
24112,5091.909
24113,8587.233
24114,7110.522
24115,6788.2407
24116,9148.357
24117,5363.5938
24118,5043.6426
24119,10147.474
24120,6797.1685
24121,8068.784
24122,7575.279
24123,5683.922
24124,6144.307
24125,6164.4595
24126,7566.909
24127,11254.834
24128,5910.9136
24129,3488.5195
24130,4978.774
24131,7931.303
24132,8542.541
24133,6196.8657
24134,7142.299
24135,5102.3525
24136,5678.0425
24137,3494.1182
24138,4968.3696
24139,6267.682
24140,6817.179
24141,7360.741
24142,5962.039
24143,7809.531
24144,9014.727
24145,7661.9834
24146,4827.666
24147,9399.8
24148,10506.673
24149,6333.034
24150,7585.2344
24151,5179.9214
24152,6335.1426
24153,4399.5356
24154,7190.152
24155,5317.249
24156,8524.545
24157,7215.7847
24158,8541.01
24159,8150.977
24160,5903.9097
24161,8329.339
24162,7536.9663
24163,9967.428
24164,5563.109
24165,3155.2576
24166,6244.297
24167,9303.685
24168,6133.656
24169,10761.602
24170,4371.991
24171,3692.9824
24172,5361.635
24173,10009.479
24174,4892.288
24175,9112.514
24176,6583.0107
24177,6895.6885
24178,3833.023
24179,7187.704
24180,6357.5703
24181,7053.4907
24182,8621.801
24183,6690.8345
24184,5895.8057
24185,7082.2764
24186,5577.2363
24187,5003.2964
24188,7663.233
24189,5773.6226
24190,6707.6143
24191,6950.847
24192,6588.363
24193,5369.153
24194,7148.46
24195,7067.6465
24196,8300.4795
24197,6367.2134
24198,7197.013
24199,5669.9136
24200,4139.3833
24201,6163.019
24202,7443.152
24203,5487.466
24204,4616.9053
24205,8910.607
24206,7037.537
24207,8115.7734
24208,6808.186
24209,6031.869
24210,5277.724
24211,4656.552
24212,9587.591
24213,5324.791
24214,8051.902
24215,6571.023
24216,7442.4277
24217,7766.2554
24218,5287.3735
24219,4664.825
24220,7262.578
24221,4269.123
24222,6518.486
24223,9889.626
24224,5666.502
24225,12267.814
24226,12982.079
24227,4978.142
24228,7116.8794
24229,5390.1553
24230,6718.442
24231,5498.364
24232,11146.257
24233,7541.108
24234,8619.573
24235,4803.665
24236,6778.917
24237,4983.0356
24238,8290.415
24239,7244.1133
24240,6045.6587
24241,6922.9453
24242,5344.6772
24243,8140.147
24244,9192.914
24245,5887.0
24246,9728.174
24247,6901.0703
24248,9118.1045
24249,4701.9893
24250,5381.15
24251,5424.92
24252,9288.735
24253,6579.803
24254,8108.176
24255,7070.721
24256,8595.879
24257,4994.8467
24258,7752.6006
24259,6445.3096
24260,4126.4365
24261,12831.507
24262,6163.1016
24263,7342.3633
24264,7859.267
24265,8922.216
24266,9799.423
24267,10736.392
24268,5838.1714
24269,7436.2974
24270,5889.2017
24271,8162.5615
24272,4104.1
24273,5556.559
24274,5621.148
24275,5521.5254
24276,7360.699
24277,5142.943
24278,4709.2427
24279,6439.024
24280,4068.5972
24281,4702.447
24282,6024.647
24283,6160.739
24284,9311.745
24285,8779.988
24286,7345.9634
24287,6828.8804
24288,6730.378
24289,11068.541
24290,7759.7393
24291,5310.8877
24292,5018.1514
24293,8978.652
24294,4612.6704
24295,6935.6284
24296,3748.8003
24297,5055.9204
24298,7580.598
24299,6764.8423
24300,5701.1616
24301,8448.209
24302,9847.027
24303,11465.895
24304,5852.813
24305,9548.97
24306,3447.8293
24307,5320.5415
24308,6501.5283
24309,4660.7866
24310,7958.341
24311,4995.676
24312,5396.0093
24313,8455.134
24314,11454.134
24315,9882.526
24316,5663.649
24317,5325.736
24318,7598.3477
24319,7561.6494
24320,6104.595
24321,5327.326
24322,7200.769
24323,9498.312
24324,4794.601
24325,6108.8535
24326,7595.1016
24327,7897.5
24328,11903.005
24329,6543.16
24330,11515.244
24331,7210.0747
24332,5981.1714
24333,3845.361
24334,6115.9136
24335,6410.357
24336,5434.2476
24337,7810.127
24338,4829.9
24339,4664.585
24340,7214.202
24341,3781.008
24342,7984.937
24343,6921.4463
24344,7670.9043
24345,8061.461
24346,5960.1343
24347,8766.374
24348,6800.69
24349,5153.3877
24350,5301.13
24351,5609.4556
24352,11173.676
24353,6846.7837
24354,4963.7183
24355,7188.636
24356,8164.0874
24357,6707.173
24358,6068.005
24359,8054.7593
24360,5615.28
24361,5261.424
24362,6506.069
24363,8688.727
24364,6094.914
24365,6213.9536
24366,5622.049
24367,5515.351
24368,4183.972
24369,5675.752
24370,8460.611
24371,7959.198
24372,10135.557
24373,10128.338
24374,7944.333
24375,4507.2993
24376,5079.7085
24377,10590.1455
24378,9863.27
24379,7317.809
24380,8006.817
24381,8139.0835
24382,6267.8076
24383,4224.0015
24384,10717.239
24385,6217.001
24386,6829.571
24387,6495.9
24388,3375.4412
24389,10689.564
24390,6471.256
24391,5452.035
24392,4757.118
24393,6131.807
24394,6541.812
24395,8061.146
24396,7281.9307
24397,4607.7495
24398,5430.18
24399,4356.3843
24400,3704.3328
24401,7038.269
24402,5877.776
24403,5456.603
24404,5505.2803
24405,6737.0254
24406,5009.6333
24407,5450.21
24408,4989.3374
24409,4667.7227
24410,7783.7637
24411,7050.6455
24412,4519.988
24413,8835.861
24414,5906.647
24415,4992.0605
24416,8161.674
24417,7895.0225
24418,10920.4375
24419,5752.569
24420,7551.6597
24421,4983.4155
24422,6167.0415
24423,8378.828
24424,8978.173
24425,6376.6763
24426,5001.9937
24427,5267.2734
24428,5697.693
24429,4891.2383
24430,10489.841
24431,5168.979
24432,5867.609
24433,7067.35
24434,5029.7866
24435,6610.186
24436,7193.053
24437,7750.242
24438,7507.0054
24439,4224.6665
24440,5784.1562
24441,6961.35
24442,9572.277
24443,8665.693
24444,7054.904
24445,4912.4473
24446,7675.888
24447,5976.062
24448,4840.5034
24449,7301.237
24450,7201.2295
24451,6145.2915
24452,6324.354
24453,6696.159
24454,8251.004
24455,5445.066
24456,6903.888
24457,7726.653
24458,6185.4272
24459,9450.428
24460,6431.719
24461,4917.215
24462,11395.902
24463,6453.836
24464,3784.2087
24465,8195.561
24466,8963.969
24467,10295.8125
24468,5177.244
24469,6395.3945
24470,6516.6646
24471,7241.8267
24472,6289.0728
24473,7821.376
24474,3577.668
24475,6263.7974
24476,6413.2437
24477,5745.6924
24478,4948.014
24479,7185.6475
24480,8028.9717
24481,5066.4014
24482,8358.06
24483,7058.6865
24484,8910.642
24485,4840.748
24486,6518.94
24487,6107.6533
24488,7501.122
24489,7967.531
24490,5377.3174
24491,6921.7173
24492,7804.237
24493,7293.511
24494,5420.441
24495,3985.3499
24496,7514.1406
24497,6610.211
24498,8198.352
24499,7402.9795
24500,5593.3467
24501,8324.352
24502,6937.4414
24503,6987.893
24504,7957.0654
24505,5624.226
24506,8176.9224
24507,10110.599
24508,8158.9653
24509,4963.6045
24510,5818.3584
24511,4840.656
24512,3573.3123
24513,7743.171
24514,6103.2505
24515,8406.22
24516,5120.3726
24517,7295.9253
24518,6649.589
24519,9952.001
24520,5092.769
24521,6010.636
24522,5783.3345
24523,7773.451
24524,5409.057
24525,7126.0835
24526,7879.2773
24527,9472.628
24528,7247.3613
24529,6987.7134
24530,6311.3916
24531,4749.605
24532,5412.758
24533,10188.651
24534,8994.938
24535,6230.239
24536,5377.307
24537,6405.437
24538,5411.911
24539,6248.6523
24540,8506.928
24541,9231.397
24542,6848.73
24543,7818.318
24544,7894.1265
24545,6985.108
24546,6230.429
24547,5967.7856
24548,5308.0615
24549,5252.899
24550,4233.6387
24551,5311.8804
24552,8385.231
24553,9664.62
24554,6118.189
24555,5512.385
24556,6843.545
24557,4379.784
24558,6458.898
24559,4116.1445
24560,9027.288
24561,6309.7183
24562,6256.459
24563,11964.639
24564,9258.203
24565,6703.054
24566,6917.236
24567,3905.9624
24568,5733.4727
24569,5541.834
24570,8936.226
24571,4943.792
24572,4555.103
24573,5974.9053
24574,6169.483
24575,7532.6826
24576,6578.14
24577,3750.789
24578,7512.6855
24579,7626.396
24580,7578.74
24581,4903.8003
24582,4584.527
24583,7523.7217
24584,4639.9824
24585,9270.573
24586,5468.5977
24587,5360.709
24588,6715.36
24589,6483.1055
24590,4992.0796
24591,6486.2476
24592,7099.638
24593,9777.5205
24594,9171.475
24595,6255.6416
24596,4258.422
24597,5950.6934
24598,9045.595
24599,5164.3955
24600,6441.284
24601,6428.72
24602,11082.422
24603,7512.4565
24604,6179.218
24605,7087.48
24606,4716.9395
24607,8920.8125
24608,6337.8384
24609,11436.079
24610,6385.051
24611,6110.083
24612,5328.8203
24613,3914.7693
24614,7554.981
24615,6672.06
24616,4403.041
24617,4884.3286
24618,9156.913
24619,7011.608
24620,7155.9365
24621,7925.949
24622,6215.2935
24623,5401.1177
24624,4738.3643
24625,9419.005
24626,6099.5957
24627,7140.4053
24628,7619.8374
24629,4962.79
24630,7411.6694
24631,6369.5337
24632,3841.614
24633,8687.55
24634,7634.278
24635,4662.3784
24636,7575.192
24637,7066.049
24638,4612.8467
24639,9911.184
24640,5935.8184
24641,8527.392
24642,4602.9834
24643,5477.6445
24644,6459.6313
24645,3442.3901
24646,8004.5034
24647,4326.34
24648,6225.4033
24649,4695.7812
24650,5718.453
24651,5438.7017
24652,6791.971
24653,7190.975
24654,8228.339
24655,5918.044
24656,7346.762
24657,6863.385
24658,7984.7085
24659,8919.349
24660,7271.1245
24661,3904.7812
24662,5875.3657
24663,7564.9536
24664,4690.2173
24665,11130.662
24666,6200.579
24667,8428.121
24668,11251.314
24669,6447.511
24670,4593.7544
24671,9927.238
24672,10323.966
24673,5719.2607
24674,8652.784
24675,9904.484
24676,6448.163
24677,5175.447
24678,7021.111
24679,5828.2397
24680,5971.0938
24681,7269.058
24682,5073.1133
24683,6746.684
24684,7276.869
24685,6527.321
24686,7579.933
24687,5912.0693
24688,6830.3984
24689,4335.077
24690,7436.68
24691,6715.0654
24692,6413.421
24693,6924.319
24694,7225.11
24695,9039.247
24696,5947.9014
24697,5166.721
24698,6464.0874
24699,7205.262
24700,7631.7515
24701,4504.1147
24702,4354.7974
24703,7892.6733
24704,6628.4194
24705,5774.19
24706,7793.9116
24707,6755.815
24708,6549.8726
24709,4986.8633
24710,4285.1284
24711,6720.8643
24712,6572.6274
24713,6775.9043
24714,9359.2295
24715,8611.339
24716,4896.406
24717,9236.981
24718,4034.933
24719,3743.2507
24720,6505.883
24721,10833.111
24722,8086.4966
24723,6879.206
24724,5144.699
24725,6819.7676
24726,9483.331
24727,5938.474
24728,8184.819
24729,6255.3433
24730,4828.3433
24731,5653.7446
24732,5775.986
24733,5954.4575
24734,4575.387
24735,5511.4697
24736,4523.8438
24737,7316.6084
24738,7483.8423
24739,5409.0522
24740,6205.969
24741,7061.892
24742,5520.914
24743,5236.92
24744,8368.302
24745,7747.6406
24746,6826.113
24747,4066.9792
24748,10976.586
24749,6448.3413
24750,5431.1797
24751,9544.937
24752,8263.794
24753,7008.96
24754,6373.089
24755,7505.8525
24756,8690.624
24757,12086.938
24758,4767.2295
24759,4768.453
24760,5224.068
24761,7289.345
24762,6353.872
24763,7930.2896
24764,8771.141
24765,6091.363
24766,4384.483
24767,6571.192
24768,7770.9897
24769,4935.89
24770,7324.296
24771,4318.127
24772,7469.986
24773,8034.089
24774,7361.015
24775,8451.401
24776,6084.743
24777,4224.787
24778,6515.571
24779,7034.517
24780,8742.727
24781,7271.45
24782,8060.638
24783,6705.241
24784,4550.699
24785,8986.26
24786,4572.7954
24787,10887.563
24788,5975.2925
24789,4872.8438
24790,7272.8584
24791,6399.33
24792,7054.1636
24793,7346.412
24794,3876.9521
24795,4661.5693
24796,7056.9497
24797,8696.1875
24798,9142.636
24799,5203.489
24800,6203.3887
24801,7802.1455
24802,6621.336
24803,5355.0005
24804,9606.447
24805,8143.191
24806,11317.202
24807,4518.238
24808,5410.0225
24809,8793.389
24810,7716.968
24811,5416.9263
24812,10363.753
24813,7149.108
24814,5374.5635
24815,5690.676
24816,4619.936
24817,5282.3125
24818,6114.4844
24819,5044.5806
24820,5395.4795
24821,9769.541
24822,6828.5874
24823,5498.636
24824,6919.539
24825,4679.5767
24826,7469.95
24827,8476.831
24828,5695.074
24829,6401.9185
24830,5456.3164
24831,8297.345
24832,7616.299
24833,5258.303
24834,5563.921
24835,6807.881
24836,7831.5356
24837,6594.0522
24838,7941.2803
24839,5817.587
24840,4828.776
24841,5657.8066
24842,9322.622
24843,10177.463
24844,9183.248
24845,7092.0176
24846,5143.0166
24847,5980.527
24848,4683.4663
24849,8007.955
24850,9164.689
24851,9120.723
24852,5959.5146
24853,5189.986
24854,4823.841
24855,5610.9214
24856,10389.842
24857,6923.645
24858,5372.554
24859,5708.453
24860,7692.408
24861,4011.9705
24862,7521.6553
24863,4292.2837
24864,6420.466
24865,7231.301
24866,5656.598
24867,7028.5615
24868,6536.5913
24869,5064.232
24870,6604.8037
24871,6716.5645
24872,9607.61
24873,5993.0615
24874,7978.017
24875,7355.232
24876,8781.319
24877,6681.8677
24878,8965.405
24879,4842.36
24880,4848.7104
24881,6338.594
24882,5791.7363
24883,8752.789
24884,7555.3916
24885,5586.5537
24886,7374.128
24887,6920.628
24888,8701.598
24889,4078.7822
24890,12577.148
24891,4919.828
24892,6161.838
24893,8202.685
24894,5848.4546
24895,5823.2275
24896,6200.36
24897,7181.824
24898,5131.085
24899,5054.43
24900,7782.7764
24901,7515.201
24902,7157.7524
24903,4859.309
24904,7070.357
24905,10066.241
24906,6182.478
24907,4850.2603
24908,6735.4707
24909,6121.0845
24910,7130.5435
24911,7273.3994
24912,4004.2126
24913,7513.6245
24914,6216.728
24915,7157.1313
24916,6859.4775
24917,4553.2134
24918,5994.502
24919,5598.551
24920,7616.27
24921,8704.262
24922,5355.2505
24923,5024.0996
24924,6549.285
24925,5878.488
24926,5766.7373
24927,8174.3647
24928,6793.0854
24929,7447.235
24930,5615.8154
24931,4699.819
24932,6499.2217
24933,7593.291
24934,8359.846
24935,7918.9673
24936,8081.562
24937,6148.8506
24938,8272.753
24939,6173.5386
24940,7435.2617
24941,8177.328
24942,6915.204
24943,9563.937
24944,7882.209
24945,7508.0796
24946,5826.7334
24947,6882.9404
24948,7625.174
24949,6215.987
24950,4390.468
24951,6000.371
24952,7822.443
24953,7018.8145
24954,5161.884
24955,8114.1714
24956,7018.955
24957,6112.0938
24958,5788.163
24959,5275.374
24960,6909.0596
24961,7104.5835
24962,6590.104
24963,5518.5347
24964,5140.275
24965,6549.3164
24966,3897.1492
24967,6261.8203
24968,5083.974
24969,8522.684
24970,7208.7817
24971,6789.827
24972,8686.257
24973,6069.828
24974,5014.596
24975,10343.273
24976,7145.447
24977,7904.901
24978,7417.9707
24979,5199.45
24980,6042.9834
24981,5772.835
24982,7148.603
24983,11104.026
24984,5604.813
24985,3216.3982
24986,5310.209
24987,8120.156
24988,8612.769
24989,6252.2295
24990,6995.829
24991,4677.765
24992,5280.242
24993,3503.5671
24994,4947.514
24995,6187.038
24996,6827.7666
24997,7355.4287
24998,6144.4653
24999,7847.185
25000,8417.132
25001,7601.972
25002,4856.751
25003,9104.974
25004,10868.702
25005,6133.34
25006,7456.3257
25007,5020.7417
25008,6446.4966
25009,4199.863
25010,7274.024
25011,5447.362
25012,8394.395
25013,7128.0684
25014,8387.607
25015,8079.951
25016,5423.073
25017,8277.607
25018,6559.382
25019,9963.303
25020,5720.772
25021,3115.7114
25022,6282.0825
25023,9148.262
25024,5921.3135
25025,9727.014
25026,3470.5125
25027,3767.2769
25028,5341.339
25029,8392.665
25030,5421.17
25031,9150.993
25032,6410.0083
25033,6905.4688
25034,3500.841
25035,7605.6567
25036,6532.7144
25037,6925.455
25038,8477.429
25039,6499.823
25040,5740.6963
25041,7056.182
25042,5968.491
25043,5038.6753
25044,7633.4766
25045,5648.99
25046,6645.537
25047,7198.6196
25048,6154.8594
25049,5789.7256
25050,7053.168
25051,7102.544
25052,7819.7646
25053,6232.8423
25054,6873.29
25055,5697.443
25056,4080.37
25057,6342.0474
25058,6942.22
25059,5394.6714
25060,4494.4497
25061,9029.742
25062,6968.498
25063,8300.305
25064,6991.9736
25065,5830.5195
25066,5157.0903
25067,4553.422
25068,9301.759
25069,5379.6514
25070,7462.2876
25071,4313.5205
25072,7338.47
25073,6280.375
25074,4922.213
25075,4670.9966
25076,7153.248
25077,4263.3765
25078,6305.591
25079,9701.488
25080,5521.5356
25081,13331.362
25082,11897.33
25083,4789.9385
25084,7111.926
25085,5293.328
25086,6519.052
25087,5546.0854
25088,11136.97
25089,7325.2812
25090,8250.831
25091,4748.513
25092,6801.559
25093,4833.767
25094,8290.201
25095,6940.5254
25096,6022.073
25097,6660.189
25098,5200.417
25099,8139.883
25100,8776.731
25101,5840.5386
25102,9944.173
25103,6678.7773
25104,8860.268
25105,4601.012
25106,5530.4805
25107,5374.389
25108,9608.308
25109,6365.094
25110,7631.6714
25111,7226.812
25112,8568.621
25113,4805.4937
25114,7302.024
25115,6145.7607
25116,4069.3542
25117,12805.845
25118,5954.9175
25119,7433.007
25120,8007.4814
25121,8824.013
25122,9569.949
25123,10398.407
25124,5713.334
25125,7312.653
25126,5878.4937
25127,8047.2183
25128,4044.868
25129,5691.479
25130,5691.539
25131,5510.5864
25132,7390.3647
25133,5291.1675
25134,4668.2305
25135,6162.096
25136,3897.9707
25137,4821.5225
25138,5701.254
25139,6675.8286
25140,8912.775
25141,8461.232
25142,7219.709
25143,6363.5645
25144,6705.951
25145,10318.719
25146,7722.77
25147,5339.994
25148,4664.5806
25149,8725.166
25150,4638.5396
25151,7003.6406
25152,3501.566
25153,5453.5693
25154,7524.432
25155,6677.1147
25156,5689.943
25157,8355.972
25158,9217.058
25159,11214.566
25160,5663.206
25161,9347.48
25162,3505.767
25163,5400.582
25164,6248.855
25165,4570.6455
25166,7945.3257
25167,5070.283
25168,5415.8306
25169,8521.578
25170,11500.24
25171,8323.835
25172,5486.8535
25173,5053.1387
25174,8064.4526
25175,7566.5986
25176,5985.8574
25177,5149.1426
25178,6967.9927
25179,8917.69
25180,4976.884
25181,6296.666
25182,7622.803
25183,8061.9453
25184,11136.014
25185,6248.2114
25186,10758.902
25187,6991.46
25188,5445.0864
25189,3612.2979
25190,6234.5723
25191,5949.9497
25192,5204.119
25193,7098.3516
25194,4921.1987
25195,4429.4585
25196,7007.924
25197,3828.4844
25198,7746.2437
25199,6986.407
25200,7692.005
25201,8010.1094
25202,5433.366
25203,8618.258
25204,6819.8135
25205,5214.454
25206,5260.997
25207,6407.2456
25208,10373.949
25209,6514.7256
25210,4927.592
25211,7597.2466
25212,7991.535
25213,6564.6016
25214,6138.59
25215,8266.451
25216,5570.713
25217,5116.5156
25218,6058.0576
25219,8448.186
25220,5802.6626
25221,6039.601
25222,5616.153
25223,5412.278
25224,4122.687
25225,5348.7417
25226,8036.4033
25227,7722.158
25228,10384.492
25229,9934.664
25230,7647.7607
25231,4452.495
25232,4864.7954
25233,10536.97
25234,9421.341
25235,7351.7744
25236,7925.828
25237,7900.122
25238,5841.937
25239,3959.412
25240,10688.565
25241,5900.588
25242,6761.2686
25243,6487.912
25244,3406.7976
25245,10569.409
25246,6093.67
25247,5279.305
25248,4752.483
25249,6176.4014
25250,6407.062
25251,8201.2295
25252,6708.625
25253,4661.4355
25254,5403.261
25255,4775.7725
25256,3385.9258
25257,6990.1396
25258,4733.481
25259,5381.458
25260,5430.496
25261,6915.27
25262,4816.829
25263,5416.735
25264,4863.269
25265,4736.638
25266,7496.0728
25267,6811.9404
25268,4359.34
25269,8460.119
25270,5907.306
25271,4934.8027
25272,7789.5347
25273,7892.169
25274,10014.921
25275,5826.067
25276,7062.9766
25277,4880.761
25278,5763.614
25279,6666.475
25280,8948.115
25281,5925.8955
25282,4973.8325
25283,5042.358
25284,5719.9917
25285,4402.172
25286,9125.621
25287,5170.6406
25288,5852.9697
25289,6848.2075
25290,4942.962
25291,6469.034
25292,7071.1865
25293,7571.0747
25294,6983.4956
25295,4237.2866
25296,5960.4014
25297,6463.3354
25298,9298.397
25299,8264.078
25300,6936.7993
25301,4805.6953
25302,7763.115
25303,5970.7974
25304,4684.7266
25305,7085.8984
25306,6877.5
25307,6168.624
25308,6054.9785
25309,6371.697
25310,7701.5337
25311,5394.939
25312,6632.676
25313,7198.915
25314,6228.486
25315,8450.828
25316,6238.159
25317,5046.6743
25318,11231.822
25319,6020.046
25320,4082.4958
25321,7639.391
25322,8889.369
25323,10310.405
25324,5137.569
25325,5932.3315
25326,6439.46
25327,7380.348
25328,6151.5376
25329,7696.9146
25330,3436.4907
25331,6122.3047
25332,6226.8467
25333,5846.843
25334,4830.5864
25335,6943.5317
25336,8289.031
25337,4892.6943
25338,8303.868
25339,7049.6772
25340,8497.691
25341,4767.1567
25342,6653.681
25343,6087.5586
25344,7332.607
25345,8298.943
25346,4307.866
25347,6945.4326
25348,7717.284
25349,6895.037
25350,5231.807
25351,3880.8928
25352,7484.6987
25353,6731.7197
25354,8171.613
25355,7156.032
25356,5511.1963
25357,7919.4355
25358,6732.6763
25359,6864.157
25360,7935.049
25361,5445.0864
25362,7929.004
25363,10148.364
25364,7913.561
25365,4799.6987
25366,5891.438
25367,4802.0615
25368,3534.697
25369,7716.283
25370,5899.057
25371,8272.351
25372,4709.4136
25373,7147.5464
25374,6672.0347
25375,10603.193
25376,4808.4834
25377,6076.6406
25378,5883.6714
25379,7474.7964
25380,5250.109
25381,7244.8525
25382,7505.473
25383,9370.386
25384,7097.4106
25385,6671.328
25386,5706.4062
25387,4754.1333
25388,5171.238
25389,10316.642
25390,9073.089
25391,5967.865
25392,5657.0137
25393,6224.1626
25394,5204.4067
25395,6190.704
25396,8280.806
25397,9191.739
25398,6750.0117
25399,7616.546
25400,7807.2373
25401,7127.871
25402,6121.417
25403,5739.6177
25404,5289.3154
25405,5229.053
25406,4308.3184
25407,5353.1416
25408,8274.663
25409,7207.6406
25410,6109.238
25411,5283.8745
25412,7145.7876
25413,4249.041
25414,6229.68
25415,3977.826
25416,8379.995
25417,6269.9062
25418,6007.266
25419,9997.99
25420,9228.792
25421,6463.798
25422,6571.2734
25423,3838.0464
25424,5792.99
25425,5473.8003
25426,8376.176
25427,4979.7427
25428,4425.915
25429,6250.643
25430,5661.5854
25431,7606.179
25432,6448.9995
25433,3554.2031
25434,7363.9785
25435,7429.7744
25436,7623.0503
25437,4976.357
25438,4757.136
25439,7223.304
25440,4423.1714
25441,9351.726
25442,5331.027
25443,5194.7505
25444,6561.3276
25445,6512.9546
25446,4821.895
25447,6504.878
25448,7105.756
25449,9546.32
25450,9565.231
25451,5919.3765
25452,4063.582
25453,5851.362
25454,8601.98
25455,4995.909
25456,6316.7876
25457,6182.2837
25458,11044.751
25459,7471.7886
25460,5957.7754
25461,7071.5034
25462,4827.178
25463,8821.984
25464,5985.589
25465,11523.275
25466,6309.6157
25467,5879.2505
25468,5336.445
25469,3822.6526
25470,7442.4136
25471,5425.0444
25472,4737.37
25473,4886.0527
25474,8715.784
25475,7007.1484
25476,6817.2314
25477,7711.192
25478,6199.6387
25479,5583.1924
25480,4522.8
25481,9084.883
25482,5926.8794
25483,7023.187
25484,7520.4214
25485,4958.1626
25486,7462.373
25487,5848.0757
25488,3883.737
25489,8365.748
25490,7451.1855
25491,4625.951
25492,7281.3057
25493,6733.723
25494,4565.635
25495,9246.881
25496,5767.7383
25497,8171.7456
25498,4325.457
25499,5447.9697
25500,7001.1763
25501,3071.7107
25502,7450.8657
25503,4556.194
25504,6199.7153
25505,4648.967
25506,5726.701
25507,5455.2188
25508,6617.9707
25509,7011.2065
25510,7885.472
25511,5877.406
25512,7468.7534
25513,6989.0464
25514,8609.27
25515,8881.92
25516,6669.7314
25517,3497.3762
25518,5952.8506
25519,7240.425
25520,4884.3613
25521,10472.797
25522,6043.733
25523,8149.718
25524,10819.419
25525,6033.9927
25526,4573.9473
25527,10122.321
25528,9893.098
25529,5703.718
25530,8561.032
25531,9083.271
25532,6029.028
25533,5282.015
25534,6775.2065
25535,5968.309
25536,6021.878
25537,7220.053
25538,5038.0024
25539,6490.2144
25540,7102.151
25541,6357.3096
25542,7767.4033
25543,5754.912
25544,6841.9526
25545,4025.2263
25546,7357.807
25547,6753.4507
25548,5772.6426
25549,7077.57
25550,7275.1064
25551,8673.591
25552,5928.129
25553,5226.081
25554,5973.013
25555,7142.483
25556,7598.3916
25557,4555.642
25558,4345.3735
25559,8548.426
25560,6285.589
25561,5852.8804
25562,7500.4497
25563,6694.5947
25564,7286.203
25565,4878.313
25566,4074.8777
25567,6757.7935
25568,6607.5005
25569,6481.4854
25570,9278.871
25571,8888.589
25572,4975.5356
25573,8412.998
25574,4055.6782
25575,3642.4956
25576,6370.8096
25577,11081.28
25578,7472.131
25579,6940.1416
25580,5109.346
25581,6848.593
25582,9439.69
25583,6110.485
25584,7858.1577
25585,6421.489
25586,4765.2476
25587,5548.948
25588,5507.7173
25589,6172.7793
25590,4635.006
25591,5281.552
25592,4490.8667
25593,7517.0366
25594,7351.4307
25595,5497.5874
25596,6077.4927
25597,6965.5806
25598,5491.1045
25599,4996.8433
25600,8225.562
25601,7595.9424
25602,6336.9556
25603,4086.4348
25604,10561.298
25605,6184.265
25606,5446.6914
25607,8463.081
25608,8540.032
25609,6961.5625
25610,6170.948
25611,7375.2393
25612,8741.576
25613,11585.649
25614,4819.026
25615,4789.0977
25616,4956.6826
25617,6769.1543
25618,6022.6133
25619,8365.27
25620,8421.772
25621,6276.165
25622,4246.6665
25623,6444.9287
25624,7258.534
25625,4900.1016
25626,7191.5444
25627,4196.191
25628,7288.372
25629,7919.307
25630,7241.6953
25631,8959.507
25632,6069.313
25633,4060.4204
25634,6111.4004
25635,7114.0356
25636,8142.896
25637,7149.544
25638,7466.588
25639,6457.8877
25640,4216.9644
25641,8934.819
25642,4571.614
25643,10766.971
25644,5904.5684
25645,4644.2773
25646,6929.8423
25647,6299.1406
25648,7226.309
25649,7351.2905
25650,3841.867
25651,4596.358
25652,7257.2324
25653,8663.008
25654,9491.004
25655,5318.502
25656,5954.8496
25657,7703.047
25658,6504.4497
25659,5262.548
25660,9400.373
25661,8076.6074
25662,10594.035
25663,4547.9136
25664,5477.8745
25665,8438.996
25666,7235.7925
25667,5437.509
25668,9829.687
25669,7046.3765
25670,5419.593
25671,5432.4077
25672,4671.482
25673,5173.7686
25674,6249.171
25675,5206.736
25676,5453.179
25677,9786.748
25678,6464.402
25679,4297.5933
25680,6532.6274
25681,5080.9053
25682,7829.9673
25683,9629.757
25684,6444.9473
25685,6645.911
25686,6149.83
25687,8123.363
25688,7923.1147
25689,5480.7754
25690,6152.2827
25691,7237.58
25692,8188.6606
25693,6855.285
25694,8097.9272
25695,6363.1577
25696,5260.8013
25697,5858.6777
25698,9296.411
25699,10321.701
25700,9956.168
25701,7289.227
25702,6001.098
25703,6259.097
25704,4982.807
25705,8226.408
25706,9501.257
25707,8976.375
25708,6167.247
25709,5545.456
25710,5217.534
25711,5964.047
25712,10072.301
25713,7215.7983
25714,5802.5796
25715,6043.3984
25716,7788.799
25717,4380.1104
25718,7536.9375
25719,4580.1074
25720,6909.6
25721,7396.9375
25722,6115.4004
25723,7271.346
25724,7140.4736
25725,5342.776
25726,7127.205
25727,6699.839
25728,9604.816
25729,6485.9194
25730,8409.091
25731,7120.288
25732,9116.234
25733,6822.507
25734,9268.09
25735,5622.1504
25736,5617.3584
25737,6688.8184
25738,6117.419
25739,9319.493
25740,7688.6304
25741,5984.196
25742,7700.4097
25743,7254.284
25744,9122.219
25745,4383.9893
25746,12634.9795
25747,5466.3965
25748,6582.509
25749,8579.947
25750,6110.736
25751,5896.5537
25752,6440.0063
25753,7219.227
25754,5333.336
25755,5385.787
25756,7880.7656
25757,7668.3584
25758,7534.3496
25759,5192.016
25760,7670.6553
25761,10384.502
25762,6653.897
25763,5354.3467
25764,6857.8877
25765,6394.382
25766,7291.0767
25767,7511.697
25768,4506.6416
25769,7722.6226
25770,6564.5015
25771,7446.4893
25772,7173.431
25773,5012.573
25774,6246.221
25775,5963.455
25776,7787.573
25777,9089.771
25778,5416.032
25779,5321.8564
25780,6977.51
25781,6200.863
25782,6086.978
25783,8251.618
25784,6971.982
25785,7741.657
25786,6264.305
25787,4919.5938
25788,7017.3013
25789,7893.7197
25790,8669.372
25791,8280.624
25792,7855.9697
25793,6417.576
25794,8139.1455
25795,6394.595
25796,7491.6553
25797,8339.061
25798,7149.8647
25799,9965.45
25800,7905.142
25801,7780.2383
25802,6110.782
25803,7220.246
25804,7935.374
25805,6637.935
25806,4843.15
25807,6149.261
25808,7904.682
25809,7121.8433
25810,5385.453
25811,8565.998
25812,7315.339
25813,6066.8066
25814,6275.1953
25815,5736.0874
25816,7435.2476
25817,7374.6626
25818,7141.938
25819,5756.4277
25820,5799.481
25821,6741.7695
25822,4577.653
25823,7283.7437
25824,5196.247
25825,8512.658
25826,7436.34
25827,7011.8286
25828,8987.632
25829,6001.138
25830,5356.773
25831,10591.126
25832,7034.343
25833,8144.465
25834,7734.793
25835,5214.713
25836,6365.258
25837,6175.088
25838,7682.964
25839,11406.102
25840,6304.8936
25841,3855.1824
25842,5165.785
25843,8163.192
25844,8738.858
25845,6195.2466
25846,7274.94
25847,5378.553
25848,5482.72
25849,3758.988
25850,5547.8633
25851,6509.297
25852,6943.3394
25853,7933.8833
25854,6367.201
25855,7720.6855
25856,8502.013
25857,8086.628
25858,4979.766
25859,9658.243
25860,11309.52
25861,6796.527
25862,7809.68
25863,5366.659
25864,6520.2456
25865,4716.575
25866,7609.9233
25867,5431.6924
25868,8657.44
25869,7570.757
25870,8527.578
25871,8557.954
25872,5958.622
25873,8427.768
25874,7477.9487
25875,10168.07
25876,6272.048
25877,3421.5125
25878,6173.551
25879,9665.689
25880,6397.371
25881,9969.909
25882,3863.2334
25883,4190.095
25884,5955.179
25885,8398.759
25886,5550.1978
25887,9610.81
25888,6811.817
25889,7119.147
25890,3611.8774
25891,7589.54
25892,6902.8877
25893,7351.543
25894,8606.453
25895,6572.7466
25896,5972.016
25897,7388.173
25898,6120.378
25899,5491.9272
25900,7708.3535
25901,5922.6636
25902,6927.9326
25903,7775.32
25904,6988.753
25905,6002.409
25906,7501.9805
25907,7537.3257
25908,7896.7017
25909,6867.3003
25910,7752.0312
25911,5909.7856
25912,4516.751
25913,6453.3623
25914,7528.3086
25915,6044.096
25916,4909.4775
25917,9577.702
25918,7093.0728
25919,8208.304
25920,7518.987
25921,6329.0786
25922,5543.4307
25923,5286.8896
25924,9639.01
25925,5534.7603
25926,7733.458
25927,4990.0703
25928,7353.4365
25929,6631.7964
25930,5241.3423
25931,5107.212
25932,7509.5405
25933,4592.5103
25934,6560.558
25935,10186.571
25936,5575.0713
25937,13946.034
25938,13018.793
25939,5277.518
25940,7430.2563
25941,6094.548
25942,6830.0337
25943,5761.393
25944,11394.707
25945,7408.4043
25946,8951.444
25947,5315.322
25948,6793.3447
25949,5222.9365
25950,8486.036
25951,7243.1943
25952,6331.5967
25953,6972.946
25954,5240.3823
25955,8217.233
25956,9481.9375
25957,6004.568
25958,10382.689
25959,6751.5376
25960,9250.691
25961,5337.7686
25962,5544.3296
25963,5792.648
25964,9555.047
25965,6703.3545
25966,7665.463
25967,7417.0156
25968,8702.594
25969,5256.237
25970,7949.1235
25971,6738.915
25972,4725.6313
25973,13797.594
25974,6241.8374
25975,7429.9023
25976,8053.3916
25977,9417.586
25978,10067.499
25979,10725.717
25980,6359.2075
25981,7667.3345
25982,6067.4146
25983,8166.6655
25984,4572.852
25985,6079.023
25986,5954.52
25987,5896.745
25988,7660.544
25989,5635.6216
25990,5291.243
25991,6235.7144
25992,4367.6104
25993,5064.232
25994,6479.3965
25995,6499.197
25996,8950.488
25997,8768.447
25998,7609.0596
25999,6846.8423
26000,6998.9863
26001,10595.713
26002,8005.6333
26003,5659.9873
26004,5109.6826
26005,9159.848
26006,5063.8115
26007,6907.5176
26008,4105.8623
26009,5790.891
26010,7980.384
26011,6935.3506
26012,5819.6353
26013,8586.832
26014,9289.116
26015,11304.709
26016,6140.6685
26017,9574.916
26018,3802.878
26019,5693.412
26020,6398.823
26021,4536.094
26022,8028.474
26023,5491.288
26024,5920.2236
26025,8664.363
26026,11923.446
26027,8340.93
26028,5875.158
26029,5475.7485
26030,8062.184
26031,7481.059
26032,6488.4688
26033,5745.128
26034,7325.1416
26035,9782.314
26036,5083.5425
26037,6551.9717
26038,7750.405
26039,8155.394
26040,12581.443
26041,6683.589
26042,11779.656
26043,7010.9927
26044,6180.7153
26045,4040.6953
26046,6452.451
26047,6230.6665
26048,5647.3145
26049,7479.147
26050,5214.539
26051,5058.0767
26052,7094.703
26053,4229.2188
26054,8131.6963
26055,7338.6733
26056,8043.6885
26057,8113.3433
26058,5795.3945
26059,9402.005
26060,6881.2925
26061,5555.791
26062,5748.1094
26063,6054.02
26064,11215.508
26065,6921.4863
26066,5529.7314
26067,7674.973
26068,8193.474
26069,6901.1626
26070,6845.4316
26071,8303.361
26072,6058.8667
26073,5113.261
26074,6493.3164
26075,8176.119
26076,6401.5464
26077,6406.39
26078,5834.642
26079,5761.399
26080,4517.785
26081,5655.2817
26082,8437.901
26083,8158.4595
26084,10409.322
26085,10345.434
26086,7948.585
26087,4963.884
26088,5412.5723
26089,10712.304
26090,9777.734
26091,7347.288
26092,8329.093
26093,8730.86
26094,6300.1562
26095,4646.9717
26096,10980.617
26097,6426.844
26098,7156.312
26099,6876.365
26100,3938.2275
26101,10787.868
26102,6296.6177
26103,5781.663
26104,5530.8813
26105,6287.5073
26106,7359.541
26107,8596.371
26108,6934.8213
26109,4920.9595
26110,5821.2505
26111,4836.027
26112,4067.7358
26113,7217.8086
26114,5475.216
26115,5748.691
26116,5531.43
26117,7183.1396
26118,5661.0293
26119,5602.851
26120,5289.4116
26121,5109.8335
26122,7709.331
26123,6783.121
26124,4817.794
26125,8599.914
26126,6608.2256
26127,5465.354
26128,7893.494
26129,8076.022
26130,10394.946
26131,6367.341
26132,7502.6245
26133,5264.0493
26134,6360.779
26135,7460.5654
26136,8994.114
26137,6221.2603
26138,5701.5747
26139,5485.367
26140,6102.0337
26141,4802.996
26142,9615.944
26143,5601.0454
26144,6227.5654
26145,6893.209
26146,5355.5674
26147,7018.58
26148,7633.819
26149,7821.197
26150,7327.9927
26151,4914.5234
26152,6223.729
26153,6728.2534
26154,9608.536
26155,8628.226
26156,7175.6616
26157,5169.068
26158,8290.558
26159,6170.26
26160,5018.2563
26161,7719.6104
26162,7032.3906
26163,6536.1177
26164,6587.59
26165,6850.311
26166,7713.3325
26167,5835.5215
26168,7209.5176
26169,7126.335
26170,6933.816
26171,8791.535
26172,6398.1094
26173,5347.451
26174,11499.122
26175,6714.636
26176,4174.0024
26177,8116.9346
26178,8816.247
26179,10773.062
26180,5462.5864
26181,6409.183
26182,6637.0806
26183,7669.3096
26184,6431.48
26185,7512.5996
26186,4038.8457
26187,6497.9136
26188,6310.934
26189,6189.1455
26190,5551.1294
26191,7454.9746
26192,8489.355
26193,5523.016
26194,8848.5625
26195,6991.2334
26196,8812.465
26197,5058.337
26198,6837.1514
26199,6480.62
26200,7635.443
26201,8121.2715
26202,4541.7056
26203,6747.617
26204,7894.375
26205,7122.312
26206,5371.3755
26207,4344.611
26208,7889.023
26209,7201.497
26210,8180.542
26211,7479.2896
26212,5804.5396
26213,7827.04
26214,7410.1284
26215,7287.1553
26216,8017.6
26217,6168.624
26218,8247.872
26219,10224.357
26220,8437.395
26221,5545.911
26222,6475.2505
26223,5002.8003
26224,3994.675
26225,8129.703
26226,5971.6006
26227,9044.688
26228,5309.5605
26229,7552.942
26230,7079.3184
26231,10392.002
26232,5338.003
26233,6175.158
26234,6168.73
26235,8061.9146
26236,5359.528
26237,7254.803
26238,7700.079
26239,9556.568
26240,7371.6523
26241,6822.676
26242,6113.866
26243,5325.4614
26244,5550.5312
26245,11049.661
26246,9334.865
26247,6694.569
26248,5717.515
26249,6769.451
26250,5665.7725
26251,6735.13
26252,8490.765
26253,9274.164
26254,7014.257
26255,8175.534
26256,7803.522
26257,7415.997
26258,6238.058
26259,5907.819
26260,6092.694
26261,5572.1265
26262,4667.353
26263,5812.0405
26264,8462.79
26265,8948.2
26266,6568.015
26267,5565.338
26268,7119.948
26269,4901.56
26270,6580.155
26271,4580.125
26272,8691.71
26273,6545.376
26274,6445.703
26275,10847.007
26276,8977.848
26277,6722.4546
26278,6876.6147
26279,4170.572
26280,6292.5293
26281,5788.732
26282,8643.876
26283,5372.0933
26284,4992.9985
26285,6481.127
26286,6003.285
26287,8272.453
26288,6391.4673
26289,4419.574
26290,7890.694
26291,7820.421
26292,7754.93
26293,5552.8027
26294,5191.263
26295,7693.707
26296,4886.929
26297,9428.164
26298,5644.638
26299,5680.312
26300,6823.926
26301,6765.365
26302,5186.4526
26303,6610.747
26304,7034.6113
26305,9996.865
26306,9671.887
26307,6167.459
26308,4639.7476
26309,6173.933
26310,9160.232
26311,5406.504
26312,6670.889
26313,6834.25
26314,11361.89
26315,7446.475
26316,6422.5547
26317,7542.3022
26318,5406.963
26319,9038.522
26320,6461.221
26321,12186.394
26322,6571.662
26323,6408.0767
26324,5704.6104
26325,4353.4185
26326,7777.248
26327,6299.4653
26328,5171.82
26329,4946.367
26330,9608.665
26331,7204.005
26332,6964.3716
26333,7746.7095
26334,6404.6914
26335,5523.6953
26336,5229.3276
26337,9812.713
26338,6383.675
26339,7436.964
26340,7561.3896
26341,5523.9746
26342,7635.1807
26343,6505.076
26344,4330.828
26345,8991.198
26346,8067.0835
26347,4813.6733
26348,7352.5317
26349,6807.991
26350,4910.625
26351,9579.136
26352,6125.05
26353,8213.958
26354,4964.1064
26355,5863.6367
26356,6969.229
26357,3480.6248
26358,7800.8877
26359,4749.818
26360,6486.7983
26361,5293.0254
26362,6127.6855
26363,5601.104
26364,6932.322
26365,7449.942
26366,8198.977
26367,6206.7563
26368,7620.4624
26369,7009.816
26370,8610.255
26371,9040.549
26372,7120.1387
26373,3452.068
26374,6281.603
26375,7621.633
26376,5090.671
26377,10614.972
26378,6404.3677
26379,8572.986
26380,11165.303
26381,6458.097
26382,5302.161
26383,10827.967
26384,10337.178
26385,5908.3374
26386,9136.046
26387,9869.179
26388,6136.904
26389,5647.385
26390,7348.998
26391,6364.0073
26392,6359.3716
26393,7096.145
26394,5557.158
26395,6874.5684
26396,7260.1475
26397,6742.2646
26398,7750.501
26399,6229.365
26400,7154.524
26401,4612.279
26402,7771.442
26403,6900.044
26404,6176.6426
26405,7401.793
26406,7807.5054
26407,9346.269
26408,5933.0674
26409,5931.8335
26410,6527.993
26411,6845.321
26412,7963.3066
26413,4892.503
26414,5284.1772
26415,8302.276
26416,6142.473
26417,6444.369
26418,7733.8784
26419,6710.4556
26420,7085.0127
26421,4919.134
26422,4266.9897
26423,6943.101
26424,6747.8037
26425,7485.256
26426,9291.961
26427,8704.237
26428,5209.751
26429,8712.958
26430,4399.926
26431,4397.417
26432,6766.314
26433,11158.446
26434,7560.409
26435,7201.772
26436,5862.803
26437,7338.827
26438,9712.395
26439,6460.229
26440,8150.5884
26441,6504.493
26442,5440.9746
26443,5899.5356
26444,5674.231
26445,6361.1914
26446,5274.307
26447,5711.781
26448,5247.7207
26449,7725.135
26450,8271.807
26451,5856.443
26452,6726.072
26453,7124.9077
26454,5913.874
26455,5543.256
26456,7990.5444
26457,7749.643
26458,6551.6284
26459,4483.1157
26460,11506.198
26461,6549.879
26462,6001.9854
26463,9127.527
26464,8650.655
26465,7214.092
26466,6439.558
26467,7790.1143
26468,9499.698
26469,12029.436
26470,5524.2065
26471,5297.652
26472,5060.2915
26473,6956.916
26474,6263.0566
26475,8025.251
26476,8903.454
26477,6486.297
26478,4561.2686
26479,6888.6807
26480,7998.2837
26481,5320.8105
26482,7291.668
26483,4523.417
26484,7205.496
26485,8262.124
26486,7426.0903
26487,9218.007
26488,6542.249
26489,4928.386
26490,6243.9336
26491,7715.017
26492,8345.562
26493,7202.328
26494,7736.6895
26495,6646.139
26496,4819.7705
26497,9268.293
26498,5138.892
26499,11513.136
26500,6174.01
26501,5165.1787
26502,7126.2603
26503,6738.6963
26504,7201.9917
26505,7722.011
26506,4221.061
26507,4990.8223
26508,7559.6377
26509,9199.404
26510,9611.964
26511,5571.446
26512,6658.69
26513,8103.6914
26514,6934.775
26515,5908.732
26516,9748.403
26517,8269.55
26518,11119.372
26519,5043.344
26520,5748.8115
26521,8420.536
26522,7637.8613
26523,6192.2925
26524,10264.613
26525,7243.2427
26526,5952.1123
26527,5717.073
26528,5089.5977
26529,5772.257
26530,6607.86
26531,5761.3
26532,5942.582
26533,9966.904
26534,6753.7983
26535,5000.0903
26536,6677.7773
26537,6434.855
26538,9436.503
26539,11586.787
26540,8231.023
26541,8884.852
26542,7569.9624
26543,9890.909
26544,10649.389
26545,7163.3804
26546,7485.0845
26547,9067.535
26548,10088.106
26549,8949.566
26550,9900.441
26551,8615.759
26552,6719.8643
26553,8299.545
26554,12088.379
26555,12421.08
26556,12406.695
26557,10236.584
26558,6937.3354
26559,8158.3896
26560,5998.592
26561,10395.67
26562,12636.811
26563,11469.133
26564,8480.842
26565,7504.328
26566,6150.4404
26567,7817.8853
26568,12533.919
26569,9229.32
26570,7503.2686
26571,7851.9097
26572,9391.967
26573,5542.664
26574,9561.839
26575,6247.5615
26576,9288.195
26577,9687.988
26578,7852.419
26579,9436.684
26580,9348.141
26581,6934.418
26582,8673.872
26583,8614.23
26584,12353.797
26585,8042.676
26586,10645.55
26587,9224.902
26588,11038.706
26589,9455.261
26590,11894.448
26591,7448.606
26592,7412.1216
26593,8500.537
26594,8178.1704
26595,11867.514
26596,10241.613
26597,8089.729
26598,9893.343
26599,9040.972
26600,11586.202
26601,5313.806
26602,15152.721
26603,6609.2905
26604,8379.795
26605,10757.147
26606,7951.0947
26607,8116.563
26608,8135.3657
26609,9755.305
26610,6972.5737
26611,7192.484
26612,10055.906
26613,9462.839
26614,9757.816
26615,7251.3994
26616,9662.279
26617,13431.752
26618,8846.486
26619,6762.2686
26620,9115.956
26621,7949.2676
26622,9592.64
26623,8994.063
26624,5528.635
26625,10567.575
26626,8541.474
26627,9641.658
26628,9278.5
26629,5841.976
26630,8295.699
26631,7905.353
26632,10378.413
26633,11198.107
26634,7313.281
26635,7032.9204
26636,8985.626
26637,7721.2744
26638,8122.317
26639,10388.078
26640,9139.366
26641,9928.839
26642,8014.022
26643,6345.1147
26644,9348.257
26645,9522.249
26646,10558.538
26647,10713.183
26648,10467.943
26649,8266.829
26650,10774.336
26651,8105.8403
26652,9687.434
26653,11472.48
26654,9210.309
26655,12137.154
26656,9590.984
26657,10693.623
26658,8287.767
26659,8762.562
26660,10102.771
26661,9020.463
26662,6178.8936
26663,7879.443
26664,10274.78
26665,9089.875
26666,6962.286
26667,11100.701
26668,8864.765
26669,7716.349
26670,8168.566
26671,7661.3403
26672,9480.536
26673,9567.093
26674,9151.237
26675,7606.8027
26676,7238.374
26677,9053.414
26678,5879.116
26679,8714.654
26680,7056.041
26681,10617.979
26682,9482.137
26683,8791.091
26684,11577.74
26685,7802.8745
26686,6764.1587
26687,12877.85
26688,9132.1
26689,10845.517
26690,9107.813
26691,6826.8877
26692,8326.114
26693,8444.367
26694,9715.211
26695,13834.317
26696,7779.8374
26697,4497.649
26698,7084.9453
26699,10481.61
26700,11218.204
26701,8260.524
26702,9359.436
26703,6964.332
26704,7434.616
26705,4452.461
26706,6816.796
26707,8315.027
26708,9281.199
26709,9708.291
26710,8008.8716
26711,9617.641
26712,10870.807
26713,9939.232
26714,6589.1294
26715,11497.137
26716,14390.929
26717,8845.508
26718,9554.536
26719,6974.908
26720,8533.192
26721,6467.658
26722,9257.196
26723,7837.02
26724,10764.671
26725,8935.032
26726,11190.953
26727,10395.165
26728,7906.68
26729,11246.723
26730,8212.094
26731,12972.252
26732,8517.45
26733,4846.653
26734,8057.8633
26735,12038.687
26736,7944.1587
26737,11521.286
26738,4381.9697
26739,5277.996
26740,8089.2275
26741,11087.603
26742,6954.176
26743,12293.371
26744,8993.128
26745,9799.077
26746,4345.2036
26747,9890.834
26748,8679.284
26749,9543.435
26750,12104.393
26751,8518.767
26752,7479.518
26753,9140.691
26754,7965.3877
26755,7206.211
26756,9923.888
26757,7842.7705
26758,9070.32
26759,9796.5625
26760,8551.019
26761,7479.8887
26762,9159.411
26763,9799.843
26764,10216.959
26765,8820.503
26766,9296.544
26767,7649.679
26768,5853.2544
26769,7887.729
26770,9704.875
26771,8171.496
26772,6500.6973
26773,11794.529
26774,9328.297
26775,10832.677
26776,9201.15
26777,8113.7456
26778,7154.5513
26779,6390.577
26780,12561.181
26781,7245.0254
26782,10033.556
26783,8974.046
26784,9382.728
26785,8255.412
26786,6849.5005
26787,6234.0254
26788,9293.76
26789,5981.6396
26790,8651.571
26791,11981.139
26792,7431.008
26793,14915.166
26794,16268.186
26795,6779.195
26796,9514.995
26797,7407.867
26798,9137.754
26799,7180.071
26800,13574.665
26801,9678.106
26802,11387.775
26803,6960.5796
26804,8370.434
26805,6579.2695
26806,10593.894
26807,9241.212
26808,8243.036
26809,8953.972
26810,5954.191
26811,10631.852
26812,11584.169
26813,7593.132
26814,13483.041
26815,8843.289
26816,11864.48
26817,6445.6543
26818,7296.308
26819,7757.6597
26820,12670.409
26821,8622.204
26822,9882.178
26823,9658.667
26824,11245.478
26825,6897.3
26826,9312.988
26827,8436.083
26828,5695.172
26829,15758.54
26830,6734.584
26831,9961.431
26832,10659.215
26833,11697.859
26834,12540.663
26835,12959.947
26836,7767.8555
26837,10032.521
26838,8199.273
26839,10283.35
26840,5362.151
26841,7823.0024
26842,7858.952
26843,7593.3125
26844,9421.79
26845,7044.891
26846,6987.7534
26847,8513.016
26848,5337.168
26849,6401.772
26850,8001.511
26851,8831.531
26852,11596.406
26853,10846.965
26854,9941.28
26855,9065.183
26856,8676.462
26857,12569.953
26858,10125.721
26859,7465.399
26860,7028.85
26861,11010.169
26862,6324.885
26863,9212.795
26864,4979.714
26865,7141.8286
26866,10804.302
26867,8861.231
26868,7657.001
26869,10715.349
26870,11669.088
26871,13056.968
26872,7774.0146
26873,11440.127
26874,4742.7324
26875,6883.9316
26876,8032.5796
26877,6077.9565
26878,9695.068
26879,6949.309
26880,7543.525
26881,11020.57
26882,13831.099
26883,10791.665
26884,7656.884
26885,7142.197
26886,10037.26
26887,9404.678
26888,8341.018
26889,7197.6587
26890,9281.509
26891,11695.628
26892,6556.873
26893,8546.665
26894,10307.092
26895,10290.236
26896,14111.514
26897,8668.066
26898,14025.801
26899,8886.114
26900,8222.949
26901,5303.1426
26902,8199.798
26903,8314.313
26904,7505.5234
26905,9775.208
26906,6748.705
26907,6456.12
26908,8941.461
26909,5771.4478
26910,10248.59
26911,9341.652
26912,10041.194
26913,10635.381
26914,7981.7695
26915,11047.774
26916,8907.404
26917,7172.1035
26918,7641.5557
26919,7848.4277
26920,13209.757
26921,8958.123
26922,6706.437
26923,9907.46
26924,10863.157
26925,9276.093
26926,8740.876
26927,10709.668
26928,7632.676
26929,5994.616
26930,8761.392
26931,10257.87
26932,8289.562
26933,8637.975
26934,8165.598
26935,7582.37
26936,5813.937
26937,7080.493
26938,10591.085
26939,10059.187
26940,12355.352
26941,12991.529
26942,10184.318
26943,6501.299
26944,6943.366
26945,12524.694
26946,12341.137
26947,10059.397
26948,10286.057
26949,10398.546
26950,8293.024
26951,5947.2095
26952,13020.01
26953,8999.529
26954,9408.473
26955,8474.9795
26956,4816.5303
26957,13282.589
26958,8419.171
26959,7596.145
26960,6572.853
26961,8342.434
26962,8769.937
26963,11467.842
26964,9059.962
26965,6428.0703
26966,7490.0264
26967,6392.9976
26968,4746.4526
26969,9003.315
26970,5920.986
26971,7214.1333
26972,7309.508
26973,9269.866
26974,6912.3223
26975,7397.65
26976,6866.9927
26977,6742.7856
26978,9785.674
26979,9307.767
26980,6623.6606
26981,11413.48
26982,8859.828
26983,7114.3413
26984,10193.725
26985,10414.903
26986,13187.526
26987,8118.654
26988,9750.719
26989,6557.6113
26990,8615.965
26991,11899.759
26992,11344.587
26993,8281.903
26994,7456.994
26995,7125.9067
26996,7720.6045
26997,6026.6187
26998,11679.565
26999,6949.0703
27000,7723.5728
27001,8906.088
27002,7026.6177
27003,8738.592
27004,9099.2
27005,9835.988
27006,9630.399
27007,6597.236
27008,7971.5137
27009,9261.206
27010,12156.107
27011,10618.263
27012,9334.518
27013,6721.653
27014,10198.101
27015,7507.034
27016,6544.989
27017,9085.42
27018,9280.358
27019,8622.599
27020,8892.863
27021,8938.834
27022,10357.567
27023,7457.7197
27024,8817.458
27025,9278.021
27026,9389.854
27027,11376.833
27028,8095.4487
27029,6801.1895
27030,13600.882
27031,8735.958
27032,5202.372
27033,10103.706
27034,10766.406
27035,12830.785
27036,6940.585
27037,8702.859
27038,8544.211
27039,9494.698
27040,8216.371
27041,10634.499
27042,4684.4985
27043,8882.944
27044,8522.317
27045,7840.938
27046,7149.019
27047,9460.728
27048,11252.173
27049,7265.426
27050,10859.967
27051,9272.077
27052,11723.593
27053,6290.1826
27054,8667.107
27055,8271.238
27056,9395.658
27057,10545.143
27058,6139.585
27059,7844.6855
27060,10141.185
27061,9455.116
27062,7260.452
27063,5448.37
27064,10298.582
27065,9380.49
27066,10238.84
27067,9282.288
27068,7500.664
27069,10351.06
27070,9502.961
27071,10313.878
27072,10068.094
27073,8324.486
27074,10335.364
27075,12743.002
27076,10249.431
27077,7003.4004
27078,8431.048
27079,6299.5312
27080,4939.5215
27081,10693.276
27082,8063.6143
27083,11178.238
27084,7226.0054
27085,9375.07
27086,8906.9795
27087,12873.221
27088,7140.2554
27089,8074.882
27090,8510.158
27091,9752.941
27092,6875.631
27093,9131.829
27094,9741.246
27095,11546.004
27096,9370.672
27097,8671.175
27098,7847.043
27099,6395.986
27100,7171.748
27101,13617.859
27102,11748.375
27103,8706.952
27104,5509.0625
27105,8522.618
27106,7546.6123
27107,8747.164
27108,10450.825
27109,12216.918
27110,8988.026
27111,10226.874
27112,10590.277
27113,9332.15
27114,8485.713
27115,7807.6094
27116,8081.9087
27117,6999.934
27118,6127.2646
27119,7966.467
27120,10892.622
27121,11871.917
27122,8526.391
27123,7513.438
27124,9286.981
27125,6143.4985
27126,8603.942
27127,5317.5024
27128,10946.319
27129,8631.798
27130,8909.172
27131,15416.935
27132,9645.963
27133,9011.82
27134,8958.362
27135,5419.789
27136,7678.8394
27137,7718.3735
27138,11194.797
27139,6935.4497
27140,6160.674
27141,8175.6904
27142,8246.11
27143,10155.364
27144,8933.005
27145,4835.7964
27146,9715.544
27147,10017.52
27148,10034.292
27149,7827.921
27150,6595.5117
27151,9895.202
27152,6682.7407
27153,11773.568
27154,7496.23
27155,7470.278
27156,8815.701
27157,8666.165
27158,6723.4614
27159,8636.838
27160,9208.64
27161,11942.247
27162,12164.237
27163,8171.005
27164,6031.4375
27165,7981.0156
27166,10612.714
27167,6835.9707
27168,9030.061
27169,8609.877
27170,13029.849
27171,10164.212
27172,8263.511
27173,9120.479
27174,6836.8774
27175,11287.32
27176,8191.7695
27177,13398.256
27178,8110.8057
27179,8429.745
27180,7636.215
27181,5376.63
27182,9816.663
27183,7349.3413
27184,6416.254
27185,6138.385
27186,11913.341
27187,8984.949
27188,9021.332
27189,10026.266
27190,8833.856
27191,7647.863
27192,6375.3687
27193,11921.559
27194,7754.2793
27195,9140.369
27196,9541.359
27197,7307.2354
27198,9309.88
27199,8239.082
27200,5281.637
27201,11071.213
27202,9459.555
27203,6042.574
27204,9324.116
27205,9056.93
27206,6363.9893
27207,12303.705
27208,7802.235
27209,10535.271
27210,6634.65
27211,7427.7764
27212,8369.818
27213,5610.7397
27214,10155.5
27215,6380.661
27216,8221.153
27217,6571.8564
27218,8465.002
27219,6957.334
27220,8726.506
27221,9699.471
27222,10018.58
27223,8094.105
27224,9718.695
27225,8388.632
27226,10950.872
27227,11521.638
27228,9152.635
27229,4762.748
27230,8218.974
27231,10028.179
27232,6674.2812
27233,12608.664
27234,8550.546
27235,10724.673
27236,13203.736
27237,7536.391
27238,6840.419
27239,12975.803
27240,12940.6045
27241,7693.428
27242,10889.35
27243,11560.571
27244,8518.263
27245,6699.9155
27246,8957.841
27247,7731.3853
27248,8003.969
27249,9196.141
27250,6760.424
27251,8558.28
27252,9475.754
27253,9027.649
27254,10555.749
27255,8071.9097
27256,9079.772
27257,5346.803
27258,9449.4
27259,9047.7
27260,8386.872
27261,9046.319
27262,9561.848
27263,11740.69
27264,8128.6797
27265,7289.9155
27266,8690.798
27267,8962.37
27268,9626.441
27269,6324.619
27270,6432.0015
27271,9855.652
27272,7475.966
27273,8297.883
27274,9953.007
27275,8668.463
27276,9400.714
27277,6848.815
27278,5688.098
27279,8933.346
27280,8586.03
27281,9284.803
27282,11920.979
27283,11139.52
27284,6403.3906
27285,10912.535
27286,5386.1978
27287,5235.831
27288,8979.595
27289,12745.178
27290,9684.173
27291,9384.034
27292,8022.312
27293,9431.465
27294,12461.104
27295,8402.854
27296,10338.4
27297,8208.719
27298,6979.4604
27299,7753.5396
27300,7475.781
27301,8095.9814
27302,6976.7114
27303,8052.693
27304,6295.807
27305,9260.102
27306,10438.462
27307,7631.2637
27308,8298.643
27309,9372.334
27310,7751.085
27311,7219.5435
27312,10802.066
27313,9971.24
27314,8841.273
27315,6035.2188
27316,13307.81
27317,8500.019
27318,8365.429
27319,12746.175
27320,10889.974
27321,9989.621
27322,8601.538
27323,9307.962
27324,11542.261
27325,14873.232
27326,7278.466
27327,7329.195
27328,6710.961
27329,8952.546
27330,8262.061
27331,9893.041
27332,11599.725
27333,7999.0083
27334,5871.136
27335,8646.943
27336,9635.756
27337,6824.29
27338,9757.677
27339,5856.538
27340,9682.187
27341,9863.477
27342,9637.751
27343,11470.675
27344,8533.542
27345,6041.5483
27346,8206.612
27347,9410.556
27348,10970.149
27349,9485.112
27350,10027.107
27351,8544.04
27352,6926.0693
27353,11251.164
27354,6224.8037
27355,13193.464
27356,8096.9697
27357,6894.8203
27358,9566.271
27359,8234.683
27360,9070.908
27361,9387.266
27362,5347.0176
27363,6388.6147
27364,9718.14
27365,11250.091
27366,11876.017
27367,7058.7134
27368,7945.803
27369,10386.572
27370,8773.676
27371,7257.267
27372,11982.647
27373,11114.071
27374,12861.856
27375,6645.6514
27376,7802.785
27377,9395.246
27378,10150.958
27379,7860.564
27380,13030.184
27381,9213.208
27382,7394.2783
27383,7442.052
27384,6881.3647
27385,7317.7114
27386,8904.27
27387,7245.1636
27388,8114.628
27389,13881.886
27390,8451.997
27391,6303.294
27392,9194.316
27393,0.0
27394,0.0
27395,0.0
27396,0.0
27397,0.0
27398,0.0
27399,0.0
27400,0.0
27401,0.0
27402,0.0
27403,0.0
27404,0.0
27405,0.0
27406,0.0
27407,0.0
27408,0.0
27409,0.0
27410,0.0
27411,0.0
27412,0.0
27413,0.0
27414,0.0
27415,0.0
27416,0.0
27417,0.0
27418,0.0
27419,0.0
27420,0.0
27421,0.0
27422,0.0
27423,0.0
27424,0.0
27425,0.0
27426,0.0
27427,0.0
27428,0.0
27429,0.0
27430,0.0
27431,0.0
27432,0.0
27433,0.0
27434,0.0
27435,0.0
27436,0.0
27437,0.0
27438,0.0
27439,0.0
27440,0.0
27441,0.0
27442,0.0
27443,0.0
27444,0.0
27445,0.0
27446,0.0
27447,0.0
27448,0.0
27449,0.0
27450,0.0
27451,0.0
27452,0.0
27453,0.0
27454,0.0
27455,0.0
27456,0.0
27457,0.0
27458,0.0
27459,0.0
27460,0.0
27461,0.0
27462,0.0
27463,0.0
27464,0.0
27465,0.0
27466,0.0
27467,0.0
27468,0.0
27469,0.0
27470,0.0
27471,0.0
27472,0.0
27473,0.0
27474,0.0
27475,0.0
27476,0.0
27477,0.0
27478,0.0
27479,0.0
27480,0.0
27481,0.0
27482,0.0
27483,0.0
27484,3491.1963
27485,0.0
27486,0.0
27487,0.0
27488,0.0
27489,0.0
27490,0.0
27491,0.0
27492,0.0
27493,0.0
27494,0.0
27495,0.0
27496,0.0
27497,0.0
27498,0.0
27499,0.0
27500,0.0
27501,0.0
27502,0.0
27503,0.0
27504,0.0
27505,0.0
27506,0.0
27507,0.0
27508,0.0
27509,0.0
27510,0.0
27511,0.0
27512,0.0
27513,0.0
27514,0.0
27515,0.0
27516,0.0
27517,0.0
27518,0.0
27519,0.0
27520,0.0
27521,0.0
27522,0.0
27523,0.0
27524,0.0
27525,0.0
27526,0.0
27527,0.0
27528,0.0
27529,0.0
27530,0.0
27531,0.0
27532,0.0
27533,0.0
27534,0.0
27535,0.0
27536,0.0
27537,0.0
27538,0.0
27539,0.0
27540,0.0
27541,0.0
27542,0.0
27543,0.0
27544,0.0
27545,0.0
27546,0.0
27547,0.0
27548,0.0
27549,0.0
27550,0.0
27551,0.0
27552,2791.521
27553,0.0
27554,0.0
27555,0.0
27556,0.0
27557,0.0
27558,0.0
27559,0.0
27560,0.0
27561,0.0
27562,0.0
27563,0.0
27564,0.0
27565,0.0
27566,0.0
27567,0.0
27568,0.0
27569,0.0
27570,0.0
27571,0.0
27572,0.0
27573,0.0
27574,0.0
27575,0.0
27576,0.0
27577,0.0
27578,0.0
27579,0.0
27580,0.0
27581,0.0
27582,0.0
27583,0.0
27584,0.0
27585,0.0
27586,0.0
27587,0.0
27588,0.0
27589,0.0
27590,0.0
27591,0.0
27592,0.0
27593,11641.675
27594,4597.5464
27595,0.0
27596,0.0
27597,0.0
27598,0.0
27599,0.0
27600,0.0
27601,0.0
27602,5109.9653
27603,0.0
27604,0.0
27605,0.0
27606,0.0
27607,0.0
27608,0.0
27609,0.0
27610,0.0
27611,0.0
27612,0.0
27613,0.0
27614,0.0
27615,0.0
27616,0.0
27617,0.0
27618,0.0
27619,0.0
27620,0.0
27621,3735.4387
27622,0.0
27623,0.0
27624,0.0
27625,0.0
27626,0.0
27627,0.0
27628,0.0
27629,0.0
27630,0.0
27631,3197.9277
27632,0.0
27633,0.0
27634,0.0
27635,0.0
27636,0.0
27637,0.0
27638,0.0
27639,0.0
27640,0.0
27641,0.0
27642,0.0
27643,0.0
27644,0.0
27645,0.0
27646,0.0
27647,0.0
27648,0.0
27649,8529.051
27650,0.0
27651,0.0
27652,0.0
27653,0.0
27654,0.0
27655,0.0
27656,0.0
27657,0.0
27658,0.0
27659,0.0
27660,0.0
27661,0.0
27662,0.0
27663,0.0
27664,0.0
27665,0.0
27666,6280.5903
27667,0.0
27668,0.0
27669,0.0
27670,0.0
27671,0.0
27672,0.0
27673,0.0
27674,0.0
27675,0.0
27676,0.0
27677,0.0
27678,0.0
27679,0.0
27680,0.0
27681,0.0
27682,0.0
27683,0.0
27684,0.0
27685,0.0
27686,0.0
27687,0.0
27688,0.0
27689,0.0
27690,0.0
27691,0.0
27692,0.0
27693,0.0
27694,0.0
27695,0.0
27696,0.0
27697,0.0
27698,0.0
27699,0.0
27700,0.0
27701,0.0
27702,0.0
27703,0.0
27704,0.0
27705,0.0
27706,0.0
27707,0.0
27708,0.0
27709,0.0
27710,0.0
27711,0.0
27712,0.0
27713,0.0
27714,0.0
27715,0.0
27716,0.0
27717,0.0
27718,0.0
27719,0.0
27720,0.0
27721,0.0
27722,0.0
27723,0.0
27724,0.0
27725,0.0
27726,0.0
27727,0.0
27728,2475.867
27729,0.0
27730,0.0
27731,0.0
27732,0.0
27733,0.0
27734,0.0
27735,0.0
27736,0.0
27737,0.0
27738,0.0
27739,0.0
27740,0.0
27741,0.0
27742,4413.0234
27743,0.0
27744,0.0
27745,0.0
27746,0.0
27747,0.0
27748,0.0
27749,0.0
27750,0.0
27751,0.0
27752,0.0
27753,0.0
27754,0.0
27755,0.0
27756,0.0
27757,0.0
27758,0.0
27759,0.0
27760,0.0
27761,0.0
27762,0.0
27763,0.0
27764,0.0
27765,0.0
27766,0.0
27767,0.0
27768,0.0
27769,0.0
27770,0.0
27771,0.0
27772,0.0
27773,0.0
27774,0.0
27775,0.0
27776,0.0
27777,0.0
27778,0.0
27779,0.0
27780,0.0
27781,0.0
27782,0.0
27783,0.0
27784,0.0
27785,5729.2144
27786,0.0
27787,0.0
27788,0.0
27789,0.0
27790,0.0
27791,0.0
27792,0.0
27793,0.0
27794,0.0
27795,2987.1648
27796,0.0
27797,0.0
27798,0.0
27799,3782.5774
27800,0.0
27801,0.0
27802,0.0
27803,0.0
27804,0.0
27805,0.0
27806,0.0
27807,0.0
27808,0.0
27809,0.0
27810,0.0
27811,0.0
27812,0.0
27813,0.0
27814,0.0
27815,0.0
27816,0.0
27817,0.0
27818,0.0
27819,0.0
27820,0.0
27821,0.0
27822,0.0
27823,0.0
27824,0.0
27825,0.0
27826,4768.5303
27827,0.0
27828,0.0
27829,0.0
27830,0.0
27831,0.0
27832,0.0
27833,0.0
27834,0.0
27835,0.0
27836,0.0
27837,0.0
27838,0.0
27839,0.0
27840,4793.4487
27841,0.0
27842,0.0
27843,0.0
27844,0.0
27845,0.0
27846,0.0
27847,0.0
27848,0.0
27849,0.0
27850,0.0
27851,0.0
27852,0.0
27853,0.0
27854,0.0
27855,0.0
27856,0.0
27857,0.0
27858,0.0
27859,0.0
27860,0.0
27861,0.0
27862,0.0
27863,0.0
27864,0.0
27865,0.0
27866,0.0
27867,0.0
27868,0.0
27869,0.0
27870,0.0
27871,0.0
27872,0.0
27873,0.0
27874,0.0
27875,0.0
27876,0.0
27877,0.0
27878,0.0
27879,0.0
27880,0.0
27881,0.0
27882,0.0
27883,0.0
27884,0.0
27885,0.0
27886,0.0
27887,0.0
27888,0.0
27889,0.0
27890,0.0
27891,0.0
27892,0.0
27893,0.0
27894,0.0
27895,0.0
27896,0.0
27897,0.0
27898,0.0
27899,0.0
27900,0.0
27901,0.0
27902,0.0
27903,0.0
27904,0.0
27905,0.0
27906,0.0
27907,0.0
27908,0.0
27909,0.0
27910,0.0
27911,0.0
27912,0.0
27913,0.0
27914,0.0
27915,9031.594
27916,0.0
27917,0.0
27918,0.0
27919,0.0
27920,0.0
27921,0.0
27922,0.0
27923,0.0
27924,0.0
27925,0.0
27926,0.0
27927,0.0
27928,0.0
27929,0.0
27930,0.0
27931,0.0
27932,0.0
27933,0.0
27934,0.0
27935,0.0
27936,0.0
27937,0.0
27938,0.0
27939,0.0
27940,0.0
27941,0.0
27942,0.0
27943,0.0
27944,0.0
27945,0.0
27946,0.0
27947,0.0
27948,0.0
27949,0.0
27950,0.0
27951,0.0
27952,0.0
27953,0.0
27954,0.0
27955,0.0
27956,0.0
27957,0.0
27958,0.0
27959,3316.2507
27960,6096.769
27961,0.0
27962,0.0
27963,0.0
27964,0.0
27965,0.0
27966,0.0
27967,0.0
27968,0.0
27969,0.0
27970,0.0
27971,0.0
27972,0.0
27973,0.0
27974,0.0
27975,0.0
27976,0.0
27977,0.0
27978,0.0
27979,0.0
27980,0.0
27981,0.0
27982,0.0
27983,0.0
27984,0.0
27985,0.0
27986,0.0
27987,0.0
27988,9250.886
27989,0.0
27990,0.0
27991,0.0
27992,0.0
27993,0.0
27994,0.0
27995,0.0
27996,0.0
27997,0.0
27998,0.0
27999,0.0
28000,0.0
28001,0.0
28002,0.0
28003,0.0
28004,0.0
28005,0.0
28006,0.0
28007,0.0
28008,0.0
28009,0.0
28010,0.0
28011,0.0
28012,0.0
28013,0.0
28014,0.0
28015,0.0
28016,0.0
28017,0.0
28018,0.0
28019,0.0
28020,0.0
28021,0.0
28022,0.0
28023,0.0
28024,0.0
28025,0.0
28026,0.0
28027,0.0
28028,0.0
28029,0.0
28030,0.0
28031,0.0
28032,0.0
28033,0.0
28034,0.0
28035,0.0
28036,0.0
28037,0.0
28038,0.0
28039,0.0
28040,0.0
28041,0.0
28042,0.0
28043,0.0
28044,0.0
28045,0.0
28046,0.0
28047,0.0
28048,0.0
28049,0.0
28050,0.0
28051,0.0
28052,0.0
28053,0.0
28054,0.0
28055,0.0
28056,0.0
28057,0.0
28058,3038.3145
28059,0.0
28060,0.0
28061,0.0
28062,2696.9297
28063,0.0
28064,0.0
28065,0.0
28066,0.0
28067,0.0
28068,0.0
28069,0.0
28070,0.0
28071,0.0
28072,0.0
28073,0.0
28074,0.0
28075,0.0
28076,0.0
28077,0.0
28078,0.0
28079,0.0
28080,0.0
28081,0.0
28082,0.0
28083,0.0
28084,0.0
28085,0.0
28086,0.0
28087,0.0
28088,0.0
28089,0.0
28090,0.0
28091,0.0
28092,0.0
28093,0.0
28094,0.0
28095,0.0
28096,0.0
28097,0.0
28098,0.0
28099,0.0
28100,0.0
28101,0.0
28102,0.0
28103,0.0
28104,0.0
28105,0.0
28106,0.0
28107,0.0
28108,0.0
28109,0.0
28110,0.0
28111,0.0
28112,0.0
28113,2129.9614
28114,0.0
28115,0.0
28116,0.0
28117,0.0
28118,0.0
28119,0.0
28120,0.0
28121,0.0
28122,0.0
28123,0.0
28124,0.0
28125,0.0
28126,0.0
28127,0.0
28128,7968.0776
28129,0.0
28130,0.0
28131,0.0
28132,0.0
28133,0.0
28134,0.0
28135,0.0
28136,0.0
28137,0.0
28138,0.0
28139,0.0
28140,0.0
28141,0.0
28142,0.0
28143,0.0
28144,0.0
28145,0.0
28146,0.0
28147,0.0
28148,0.0
28149,0.0
28150,0.0
28151,0.0
28152,0.0
28153,0.0
28154,0.0
28155,0.0
28156,0.0
28157,0.0
28158,0.0
28159,0.0
28160,0.0
28161,0.0
28162,0.0
28163,0.0
28164,0.0
28165,0.0
28166,0.0
28167,0.0
28168,0.0
28169,0.0
28170,0.0
28171,0.0
28172,0.0
28173,0.0
28174,0.0
28175,0.0
28176,0.0
28177,0.0
28178,0.0
28179,0.0
28180,0.0
28181,0.0
28182,0.0
28183,0.0
28184,0.0
28185,0.0
28186,0.0
28187,0.0
28188,0.0
28189,0.0
28190,0.0
28191,0.0
28192,3984.795
28193,0.0
28194,0.0
28195,0.0
28196,0.0
28197,0.0
28198,0.0
28199,0.0
28200,0.0
28201,0.0
28202,0.0
28203,0.0
28204,0.0
28205,0.0
28206,0.0
28207,0.0
28208,0.0
28209,0.0
28210,0.0
28211,0.0
28212,0.0
28213,0.0
28214,0.0
28215,0.0
28216,0.0
28217,0.0
28218,0.0
28219,0.0
28220,0.0
28221,0.0
28222,0.0
28223,0.0
28224,0.0
28225,0.0
28226,0.0
28227,0.0
28228,0.0
28229,0.0
28230,0.0
28231,0.0
28232,0.0
28233,10098.041
28234,4680.644
28235,0.0
28236,0.0
28237,0.0
28238,0.0
28239,0.0
28240,0.0
28241,0.0
28242,0.0
28243,0.0
28244,0.0
28245,0.0
28246,0.0
28247,0.0
28248,0.0
28249,4287.3975
28250,4508.5166
28251,5999.6216
28252,3356.2915
28253,5568.487
28254,4493.2065
28255,6097.205
28256,6212.425
28257,0.0
28258,3678.1914
28259,5471.8584
28260,5291.839
28261,4400.291
28262,0.0
28263,4875.401
28264,0.0
28265,4613.2646
28266,7066.932
28267,8858.595
28268,6976.9243
28269,6463.946
28270,4595.0166
28271,5317.3706
28272,0.0
28273,7529.795
28274,7078.0693
28275,0.0
28276,5546.419
28277,3276.5032
28278,5143.222
28279,0.0
28280,7687.443
28281,4713.7773
28282,5535.4414
28283,0.0
28284,5455.552
28285,3104.5022
28286,6806.647
28287,3906.9536
28288,0.0
28289,0.0
28290,3761.384
28291,7253.793
28292,4984.048
28293,4603.8086
28294,4186.515
28295,6476.381
28296,9135.819
28297,5583.2085
28298,5465.2915
28299,7302.0938
28300,7154.872
28301,5685.4185
28302,6687.5166
28303,2023.4963
28304,3000.6946
28305,4932.595
28306,5528.134
28307,7134.02
28308,7126.097
28309,4096.9497
28310,7388.8564
28311,0.0
28312,6083.391
28313,3243.5627
28314,10044.863
28315,3825.611
28316,0.0
28317,7184.332
28318,4689.13
28319,5245.2437
28320,3659.4988
28321,5410.3423
28322,4733.924
28323,0.0
28324,0.0
28325,6209.5454
28326,5572.1367
28327,3247.4268
28328,6698.2925
28329,0.0
28330,5069.234
28331,3395.8726
28332,6372.4507
28333,5654.0195
28334,0.0
28335,0.0
28336,2750.821
28337,6850.1475
28338,4587.974
28339,5811.42
28340,5640.155
28341,3178.417
28342,4904.923
28343,4579.588
28344,6929.201
28345,0.0
28346,4108.6045
28347,4795.2046
28348,0.0
28349,5752.245
28350,0.0
28351,0.0
28352,0.0
28353,5857.812
28354,4417.2603
28355,3482.2024
28356,5265.872
28357,0.0
28358,0.0
28359,6794.8936
28360,7267.131
28361,0.0
28362,6995.1284
28363,3553.4946
28364,4265.785
28365,7299.712
28366,6051.734
28367,6970.446
28368,8242.399
28369,5442.2515
28370,4832.066
28371,6235.3037
28372,6814.696
28373,3859.5022
28374,0.0
28375,5389.734
28376,4905.26
28377,6220.1685
28378,4057.9885
28379,5849.8105
28380,0.0
28381,0.0
28382,5375.1685
28383,3188.6
28384,5777.9746
28385,6682.282
28386,3204.4048
28387,5095.733
28388,0.0
28389,5253.7856
28390,0.0
28391,4653.945
28392,4286.8457
28393,6914.8745
28394,0.0
28395,0.0
28396,0.0
28397,4214.821
28398,4466.997
28399,9698.167
28400,5492.299
28401,6947.5396
28402,6183.351
28403,5028.683
28404,5690.654
28405,0.0
28406,4929.7827
28407,8074.4966
28408,4464.999
28409,1744.0984
28410,3506.446
28411,6741.3066
28412,8598.536
28413,0.0
28414,6040.108
28415,4081.748
28416,0.0
28417,2290.6648
28418,3654.8833
28419,5279.275
28420,6247.8896
28421,5537.142
28422,4437.1255
28423,7322.522
28424,7125.2812
28425,6540.8447
28426,0.0
28427,7478.291
28428,9046.362
28429,4066.5486
28430,5715.9556
28431,5036.7627
28432,5850.6084
28433,2521.794
28434,4723.9546
28435,4626.5776
28436,7395.7734
28437,5675.9146
28438,7041.902
28439,6512.9297
28440,4399.372
28441,7156.2505
28442,6600.37
28443,8323.2
28444,4070.713
28445,2523.0356
28446,5818.769
28447,8234.416
28448,0.0
28449,8000.809
28450,4262.2544
28451,0.0
28452,3105.616
28453,9696.169
28454,3469.45
28455,6699.481
28456,3799.049
28457,5583.911
28458,2937.9297
28459,0.0
28460,0.0
28461,5161.0767
28462,7624.934
28463,5779.182
28464,5394.898
28465,0.0
28466,0.0
28467,5599.5654
28468,0.0
28469,0.0
28470,5946.137
28471,4715.8193
28472,3636.6316
28473,4888.2812
28474,4734.47
28475,5089.2144
28476,0.0
28477,5914.709
28478,6734.436
28479,4348.7905
28480,3722.0967
28481,4503.294
28482,5068.2427
28483,5383.2705
28484,0.0
28485,7290.0615
28486,5330.345
28487,6390.9185
28488,5241.742
28489,4260.7544
28490,3626.2046
28491,3120.325
28492,8232.358
28493,0.0
28494,5815.0464
28495,5793.6924
28496,6575.813
28497,4538.3535
28498,5062.116
28499,3145.601
28500,4583.696
28501,4199.366
28502,4297.015
28503,7649.672
28504,4716.8945
28505,8672.275
28506,9384.535
28507,5186.012
28508,5786.253
28509,4302.0435
28510,5019.209
28511,4696.019
28512,0.0
28513,5752.8047
28514,6228.3555
28515,0.0
28516,5145.7837
28517,4820.7544
28518,0.0
28519,6417.637
28520,5179.4766
28521,6200.443
28522,4226.569
28523,7915.75
28524,6697.219
28525,5615.8477
28526,8455.045
28527,6468.454
28528,7425.6445
28529,3345.2922
28530,0.0
28531,4610.8228
28532,7690.9336
28533,6811.986
28534,6656.69
28535,6260.584
28536,7162.205
28537,4514.1753
28538,5883.2617
28539,5774.0083
28540,3131.0627
28541,10451.054
28542,6004.883
28543,0.0
28544,6464.2295
28545,6726.8994
28546,7605.294
28547,7303.006
28548,3467.1538
28549,4696.8433
28550,5231.4927
28551,7364.92
28552,2929.5083
28553,4460.4443
28554,4919.6406
28555,0.0
28556,5171.499
28557,3193.7478
28558,3368.3357
28559,5974.945
28560,0.0
28561,4757.8804
28562,5153.058
28563,5118.058
28564,8186.4194
28565,0.0
28566,0.0
28567,6750.9004
28568,5992.3354
28569,9502.924
28570,5559.91
28571,3193.093
28572,0.0
28573,10611.823
28574,4094.8086
28575,6207.106
28576,2400.944
28577,3830.3508
28578,5435.8027
28579,0.0
28580,0.0
28581,0.0
28582,8042.093
28583,7629.8228
28584,3846.7478
28585,0.0
28586,2709.1917
28587,3879.9673
28588,6046.7197
28589,4371.733
28590,9295.799
28591,3195.6162
28592,4748.939
28593,5822.189
28594,8201.425
28595,8628.539
28596,4896.7373
28597,3406.843
28598,6489.75
28599,7814.0312
28600,4980.892
28601,0.0
28602,8165.217
28603,6042.3438
28604,5059.582
28605,4225.182
28606,6938.7715
28607,4756.3286
28608,11366.398
28609,7629.4297
28610,10605.965
28611,0.0
28612,4415.7017
28613,2635.4653
28614,6066.315
28615,0.0
28616,4352.858
28617,8326.686
28618,0.0
28619,2976.344
28620,6182.938
28621,3328.583
28622,0.0
28623,6429.511
28624,5949.632
28625,6878.261
28626,4467.866
28627,6673.384
28628,0.0
28629,4797.712
28630,0.0
28631,0.0
28632,8765.546
28633,5646.006
28634,3467.0447
28635,5294.1665
28636,7360.1445
28637,5482.2603
28638,4060.916
28639,5364.5605
28640,5242.5576
28641,4352.0854
28642,0.0
28643,8581.102
28644,4592.0283
28645,3948.7642
28646,5037.2144
28647,5000.5103
28648,3470.3271
28649,4713.2153
28650,7263.7354
28651,6234.602
28652,9725.112
28653,7649.8105
28654,6414.6567
28655,4074.427
28656,4228.065
28657,9226.231
28658,6889.3047
28659,5942.4688
28660,5330.5894
28661,5582.8994
28662,4640.1016
28663,2807.2913
28664,0.0
28665,0.0
28666,5767.595
28667,0.0
28668,1503.0691
28669,7548.952
28670,0.0
28671,4143.666
28672,3976.574
28673,6233.5083
28674,5073.8877
28675,4630.905
28676,8668.735
28677,3729.0232
28678,0.0
28679,3899.146
28680,2922.3818
28681,5111.2134
28682,4095.996
28683,5204.0396
28684,5103.2046
28685,5230.1504
28686,3719.6616
28687,3515.214
28688,5072.102
28689,3345.5508
28690,0.0
28691,5788.5107
28692,0.0
28693,7524.7407
28694,2746.4001
28695,3892.7278
28696,7186.1
28697,7286.301
28698,8586.145
28699,3027.6868
28700,5327.2095
28701,4259.515
28702,4349.844
28703,7398.2217
28704,0.0
28705,4753.9697
28706,3153.801
28707,5293.727
28708,4252.244
28709,2985.0767
28710,7349.1523
28711,4414.4717
28712,0.0
28713,6111.686
28714,4602.4565
28715,5054.4883
28716,5480.8013
28717,0.0
28718,6300.3364
28719,3176.4893
28720,0.0
28721,5939.3125
28722,8020.7666
28723,5893.7983
28724,6732.1562
28725,0.0
28726,0.0
28727,4966.9956
28728,3162.2124
28729,4918.463
28730,4569.133
28731,4723.3237
28732,6008.1313
28733,4193.998
28734,0.0
28735,4320.863
28736,6864.3013
28737,0.0
28738,4324.277
28739,0.0
28740,0.0
28741,3160.6863
28742,10221.988
28743,4083.4773
28744,2581.0735
28745,6150.863
28746,0.0
28747,9082.016
28748,0.0
28749,4449.438
28750,0.0
28751,6816.6265
28752,4683.739
28753,6906.6875
28754,2511.2612
28755,4780.2666
28756,4262.2993
28757,3621.966
28758,0.0
28759,6912.7905
28760,6382.6455
28761,4336.3467
28762,5488.6123
28763,7038.1685
28764,7197.061
28765,0.0
28766,0.0
28767,0.0
28768,6017.7954
28769,5488.5596
28770,3026.8723
28771,5125.0
28772,0.0
28773,5625.3315
28774,5374.553
28775,2871.1611
28776,0.0
28777,3843.916
28778,7606.5273
28779,5264.2397
28780,4611.575
28781,7256.9697
28782,4320.3066
28783,4531.5923
28784,0.0
28785,3213.1873
28786,5943.1943
28787,8622.336
28788,7104.3325
28789,2809.8635
28790,0.0
28791,0.0
28792,2596.272
28793,5173.038
28794,0.0
28795,5285.876
28796,0.0
28797,4907.8945
28798,0.0
28799,9749.473
28800,4367.3105
28801,0.0
28802,4241.9053
28803,5728.0884
28804,0.0
28805,5792.0234
28806,6869.4033
28807,8078.4023
28808,6764.649
28809,5334.084
28810,4931.5605
28811,2934.0784
28812,5218.1113
28813,8213.543
28814,6683.5312
28815,4796.1655
28816,5360.934
28817,3818.5562
28818,0.0
28819,4355.0757
28820,7533.8037
28821,0.0
28822,6662.4067
28823,6660.672
28824,7039.1084
28825,0.0
28826,5246.3945
28827,4997.6157
28828,3087.661
28829,0.0
28830,3665.6165
28831,3516.8342
28832,6721.6147
28833,8129.9517
28834,4921.804
28835,3406.2126
28836,4688.1997
28837,3736.7183
28838,5351.125
28839,2345.5068
28840,6110.9165
28841,0.0
28842,3826.2427
28843,9154.337
28844,8506.774
28845,4459.2954
28846,0.0
28847,3455.3364
28848,4384.667
28849,4121.523
28850,0.0
28851,3811.2524
28852,3967.2117
28853,0.0
28854,4954.981
28855,5439.5527
28856,6107.0063
28857,2969.4749
28858,7665.8135
28859,5807.7017
28860,5108.518
28861,4268.7197
28862,3949.2803
28863,4803.546
28864,0.0
28865,8559.799
28866,4966.958
28867,3881.2705
28868,5953.969
28869,5015.3804
28870,0.0
28871,0.0
28872,0.0
28873,9279.367
28874,6659.573
28875,5556.342
28876,3659.792
28877,4534.5713
28878,0.0
28879,3962.9414
28880,4440.9873
28881,5045.668
28882,0.0
28883,6647.2554
28884,4305.0483
28885,5149.059
28886,0.0
28887,6444.91
28888,5370.7456
28889,8354.075
28890,6127.6387
28891,4834.8
28892,4063.462
28893,2256.606
28894,4648.4966
28895,0.0
28896,2447.2346
28897,4712.806
28898,6089.6143
28899,6864.6484
28900,5187.615
28901,7420.193
28902,5247.7905
28903,0.0
28904,2788.3828
28905,7012.6245
28906,3993.3225
28907,6120.9443
28908,7981.777
28909,0.0
28910,0.0
28911,5591.554
28912,2874.8997
28913,6350.6187
28914,5745.511
28915,2702.377
28916,7606.433
28917,6104.776
28918,3968.756
28919,8847.263
28920,6880.689
28921,6641.1777
28922,4184.056
28923,3876.4011
28924,5168.4463
28925,0.0
28926,5824.1055
28927,2558.2544
28928,5559.3745
28929,3234.145
28930,0.0
28931,4687.6724
28932,4653.541
28933,5466.751
28934,7429.7603
28935,0.0
28936,7113.147
28937,0.0
28938,5951.448
28939,7760.013
28940,6227.387
28941,2826.1472
28942,0.0
28943,5217.076
28944,0.0
28945,0.0
28946,0.0
28947,6626.5356
28948,8752.973
28949,5804.1797
28950,2702.6038
28951,0.0
28952,7507.192
28953,6071.0327
28954,6898.254
28955,6581.837
28956,0.0
28957,4866.7075
28958,4482.641
28959,0.0
28960,0.0
28961,7001.864
28962,3273.0073
28963,6843.845
28964,6220.1685
28965,4804.2197
28966,6682.072
28967,4397.5005
28968,6644.3774
28969,2975.0269
28970,4653.3193
28971,5047.059
28972,3806.5728
28973,6335.7227
28974,6601.132
28975,7598.413
28976,5719.457
28977,0.0
28978,5525.392
28979,6257.635
28980,7411.1323
28981,3269.537
28982,3204.735
28983,8182.6177
28984,5106.827
28985,4136.9556
28986,6832.581
28987,0.0
28988,6106.7793
28989,4317.1426
28990,2210.0808
28991,5859.1753
28992,5589.9863
28993,4977.525
28994,8184.21
28995,6549.9536
28996,3729.571
28997,6030.2524
28998,2885.3352
28999,1133.6576
29000,5150.3755
29001,0.0
29002,5622.998
29003,4631.7485
29004,2426.964
29005,5242.4272
29006,8733.934
29007,5777.5396
29008,7863.916
29009,4911.276
29010,4239.9795
29011,0.0
29012,6053.344
29013,3913.3765
29014,2934.0952
29015,4381.184
29016,3742.6973
29017,0.0
29018,5116.8765
29019,0.0
29020,5097.216
29021,6947.374
29022,4304.8594
29023,0.0
29024,8331.127
29025,6753.412
29026,0.0
29027,2410.2693
29028,6107.6006
29029,4822.861
29030,3936.451
29031,7374.789
29032,8541.01
29033,5846.7144
29034,5749.486
29035,5944.2715
29036,6762.565
29037,10095.98
29038,3351.9207
29039,3943.167
29040,4775.909
29041,5750.7915
29042,0.0
29043,7865.3115
29044,6523.319
29045,0.0
29046,2902.466
29047,6077.5215
29048,5556.7075
29049,3639.356
29050,5823.555
29051,0.0
29052,6405.803
29053,5437.986
29054,5221.4473
29055,6120.0103
29056,3933.0166
29057,3145.742
29058,6319.397
29059,5059.814
29060,7341.215
29061,5426.6436
29062,7332.4253
29063,4991.0127
29064,3405.9429
29065,7655.387
29066,0.0
29067,9919.279
29068,0.0
29069,4207.1084
29070,6671.43
29071,4661.6714
29072,4338.49
29073,5391.374
29074,2470.6167
29075,3147.429
29076,5292.894
29077,6302.272
29078,0.0
29079,5127.655
29080,5395.1035
29081,4806.0986
29082,5620.778
29083,3375.0
29084,9095.113
29085,6338.328
29086,0.0
29087,0.0
29088,4623.9263
29089,7050.41
29090,6243.1416
29091,3649.5945
29092,7605.78
29093,0.0
29094,4694.2007
29095,0.0
29096,4311.291
29097,3244.4695
29098,4621.8403
29099,0.0
29100,3535.5435
29101,7660.0615
29102,5429.0767
29103,6123.3267
29104,6594.0083
29105,4084.4238
29106,5978.0117
29107,7481.0376
29108,4508.405
29109,5612.827
29110,4821.3843
29111,6522.821
29112,6127.06
29113,4206.5947
29114,4827.8364
29115,5833.3457
29116,6499.1533
29117,5681.8296
29118,6402.7188
29119,4463.1597
29120,4141.939
29121,4875.1963
29122,8218.064
29123,9131.777
29124,7896.4155
29125,6020.2124
29126,4258.4546
29127,5328.297
29128,3553.3489
29129,7309.3057
29130,8066.845
29131,8060.1616
29132,5041.132
29133,4132.0376
29134,4299.2905
29135,4955.619
29136,8367.041
29137,6050.4814
29138,4809.061
29139,4543.911
29140,5995.0566
29141,3639.519
29142,6367.2617
29143,3694.0745
29144,5968.0474
29145,6188.089
29146,4897.6484
29147,6281.603
29148,5350.4106
29149,4097.114
29150,5669.5186
29151,5827.2505
29152,8961.319
29153,5373.354
29154,6187.5986
29155,6290.087
29156,7838.3657
29157,5661.2725
29158,8142.197
29159,3790.6614
29160,4110.5767
29161,5283.0483
29162,5469.5522
29163,7844.102
29164,6567.395
29165,4583.8096
29166,6538.749
29167,6101.7896
29168,7961.5674
29169,3717.2922
29170,10555.175
29171,4016.167
29172,5356.395
29173,7160.129
29174,4645.9434
29175,4997.682
29176,5569.1826
29177,6176.0244
29178,4668.2173
29179,4339.3843
29180,6999.1797
29181,6264.903
29182,5861.1875
29183,4040.63
29184,6181.1514
29185,9797.282
29186,5525.4873
29187,4110.992
29188,5952.3965
29189,5422.0073
29190,6282.61
29191,6495.181
29192,3651.9417
29193,6294.8945
29194,5034.2075
29195,6122.188
29196,5743.506
29197,4568.1743
29198,5487.8687
29199,4386.3945
29200,6287.573
29201,7761.353
29202,4345.2656
29203,4510.0435
29204,5386.4756
29205,5239.6978
29206,4591.161
29207,7325.854
29208,5590.557
29209,6099.997
29210,4622.929
29211,4356.6377
29212,5399.8247
29213,6859.399
29214,6801.1567
29215,7124.228
29216,6999.807
29217,4941.1045
29218,7161.966
29219,4888.8594
29220,5823.961
29221,7137.2935
29222,5949.2915
29223,8259.76
29224,6956.0996
29225,6460.8022
29226,5127.0635
29227,6324.2754
29228,6437.2305
29229,5182.5356
29230,3359.7383
29231,4973.3486
29232,6273.2505
29233,6318.1016
29234,4475.523
29235,7139.0435
29236,5767.689
29237,5218.8877
29238,4872.453
29239,4551.277
29240,5808.3164
29241,5876.156
29242,5444.271
29243,4773.113
29244,4344.499
29245,5752.47
29246,3536.5588
29247,5807.369
29248,3968.0708
29249,7577.873
29250,6082.834
29251,5732.155
29252,7524.052
29253,4233.9575
29254,4484.6514
29255,9282.8545
29256,5964.2344
29257,6762.5137
29258,6875.1587
29259,5072.189
29260,5241.8374
29261,5075.7563
29262,6090.3115
29263,9172.673
29264,4885.61
29265,2352.901
29266,4262.8604
29267,6945.7573
29268,8079.951
29269,5207.0884
29270,5996.08
29271,4267.421
29272,4291.608
29273,3169.394
29274,4274.6323
29275,5407.097
29276,5693.309
29277,6098.31
29278,5528.9194
29279,7089.8804
29280,7586.3994
29281,6438.9194
29282,4260.4375
29283,7772.925
29284,9431.591
29285,5020.43
29286,6618.469
29287,4627.0674
29288,5983.4653
29289,3677.795
29290,5590.189
29291,4575.4834
29292,7352.749
29293,6146.939
29294,7178.9956
29295,6638.714
29296,4831.8726
29297,6917.7173
29298,6209.6523
29299,9009.853
29300,4779.9155
29301,1980.0211
29302,5398.419
29303,7918.0156
29304,5088.1704
29305,9603.378
29306,3698.3198
29307,3376.169
29308,4256.0747
29309,7272.3867
29310,4293.6597
29311,7518.327
29312,5219.012
29313,5837.019
29314,3333.006
29315,6277.434
29316,5668.194
29317,6083.9595
29318,7065.045
29319,5619.5127
29320,5307.358
29321,6099.0835
29322,4436.5835
29323,4531.216
29324,6777.876
29325,4725.938
29326,5579.375
29327,6183.7046
29328,4880.761
29329,4407.365
29330,5912.74
29331,5847.1772
29332,7556.0044
29333,5343.78
29334,6073.3667
29335,5115.354
29336,3501.9133
29337,5335.422
29338,5882.3696
29339,4400.1567
29340,4184.6465
29341,7923.591
29342,5677.8257
29343,7124.3774
29344,5751.68
29345,4908.775
29346,4481.5596
29347,4155.521
29348,8568.098
29349,4873.5083
29350,7032.9473
29351,4546.842
29352,6316.631
29353,5316.62
29354,4428.2417
29355,4222.3296
29356,6469.2627
29357,3870.8472
29358,5114.7734
29359,7899.9336
29360,5032.172
29361,11059.593
29362,9369.51
29363,4669.179
29364,5927.3374
29365,4584.3955
29366,5571.786
29367,4864.0483
29368,9706.431
29369,6452.2173
29370,6570.9536
29371,4043.9421
29372,6172.585
29373,4424.1465
29374,7510.013
29375,5986.2686
29376,5322.978
29377,5929.893
29378,4897.4565
29379,7557.5107
29380,7643.7935
29381,5004.165
29382,8789.28
29383,6084.598
29384,7320.434
29385,4249.373
29386,4475.2197
29387,4549.7573
29388,7719.7207
29389,6046.2466
29390,6918.7075
29391,5677.268
29392,7559.767
29393,4076.3745
29394,6490.5674
29395,5307.52
29396,3651.332
29397,9880.028
29398,5780.8193
29399,5948.3267
29400,6742.7983
29401,7555.1973
29402,8691.561
29403,8510.71
29404,5161.869
29405,6384.375
29406,5211.312
29407,7153.323
29408,3914.7432
29409,4830.7524
29410,4848.729
29411,4684.32
29412,6557.1484
29413,4146.1133
29414,3868.3335
29415,5232.835
29416,3562.1187
29417,4001.2842
29418,4655.4326
29419,5387.1074
29420,7811.244
29421,7747.5664
29422,5929.13
29423,5696.595
29424,5674.772
29425,8804.735
29426,6189.7476
29427,4847.0596
29428,4139.095
29429,7968.2524
29430,4254.147
29431,6058.156
29432,3315.3462
29433,4416.624
29434,6087.692
29435,5564.08
29436,4836.1006
29437,7463.562
29438,8255.31
29439,9552.979
29440,4916.7744
29441,8798.204
29442,3184.73
29443,4682.8364
29444,5885.5967
29445,3845.915
29446,7553.576
29447,4374.6987
29448,4668.2173
29449,7789.4453
29450,9324.952
29451,6901.2944
29452,4863.9556
29453,4512.5435
29454,6326.4595
29455,6224.6436
29456,5144.405
29457,4429.868
29458,6237.404
29459,7235.537
29460,4357.3984
29461,5120.5825
29462,6443.0723
29463,7134.115
29464,10322.518
29465,5593.363
29466,9917.8125
29467,6140.458
29468,4756.5825
29469,3328.491
29470,5307.6665
29471,5430.7344
29472,4349.7324
29473,6927.3047
29474,4460.8057
29475,3851.639
29476,6103.9023
29477,3404.1628
29478,6785.9556
29479,5674.648
29480,6227.292
29481,7079.001
29482,4370.999
29483,7548.707
29484,5888.0337
29485,4373.789
29486,4691.2017
29487,4779.1494
29488,9148.829
29489,5557.3228
29490,3997.2097
29491,6244.738
29492,7143.348
29493,5895.98
29494,5136.5693
29495,7209.937
29496,5026.3813
29497,4976.7085
29498,5023.8076
29499,8269.093
29500,4827.855
29501,5196.852
29502,5018.917
29503,4635.996
29504,3808.3196
29505,4662.4673
29506,7369.473
29507,6758.264
29508,9800.161
29509,9059.694
29510,6999.921
29511,4093.805
29512,4495.3843
29513,9330.485
29514,8289.15
29515,6277.4404
29516,6759.9854
29517,7347.8975
29518,4843.4316
29519,3405.683
29520,9720.012
29521,4758.602
29522,5672.088
29523,5467.0483
29524,2792.0908
29525,8908.355
29526,5136.035
29527,4526.3906
29528,4511.2397
29529,5300.134
29530,5664.0864
29531,5995.354
29532,6111.1963
29533,4030.3901
29534,4428.0054
29535,3811.245
29536,2995.1377
29537,6308.8936
29538,4966.9673
29539,4669.054
29540,4921.701
29541,5836.2676
29542,4369.744
29543,4563.266
29544,4327.8013
29545,3922.215
29546,6725.597
29547,6075.0757
29548,3547.4219
29549,7429.2007
29550,4354.195
29551,4385.1772
29552,6904.152
29553,6975.2344
29554,8616.959
29555,4455.1885
29556,5756.658
29557,4113.0083
29558,5084.629
29559,6171.6196
29560,8117.848
29561,5532.0527
29562,4020.0652
29563,4569.2334
29564,5159.8853
29565,3943.246
29566,7638.6846
29567,4379.0576
29568,4965.6455
29569,6116.999
29570,4325.073
29571,5285.296
29572,5522.5103
29573,6903.1836
29574,6049.3213
29575,3777.54
29576,5044.321
29577,5893.0454
29578,7881.7876
29579,7625.5884
29580,5995.3027
29581,3929.218
29582,6675.7456
29583,5180.435
29584,4179.4565
29585,6564.038
29586,6425.0483
29587,5358.322
29588,5026.645
29589,5486.157
29590,6734.327
29591,4604.9375
29592,5782.3413
29593,6496.829
29594,4722.396
29595,7546.533
29596,5454.974
29597,4347.2974
29598,10480.95
29599,4814.5645
29600,2862.4421
29601,6794.9453
29602,8078.549
29603,8481.829
29604,4549.076
29605,5191.313
29606,5498.416
29607,6371.94
29608,5521.9253
29609,6559.9385
29610,2919.6594
29611,5231.702
29612,5538.3833
29613,4662.552
29614,4174.8545
29615,6186.0234
29616,6678.6816
29617,4390.652
29618,6829.3037
29619,5735.9507
29620,7143.566
29621,4181.5464
29622,5548.784
29623,5071.338
29624,6111.849
29625,7502.31
29626,3924.8613
29627,6435.395
29628,6727.1367
29629,6192.3105
29630,4449.404
29631,3563.5664
29632,6162.5254
29633,5550.3457
29634,7125.737
29635,6115.6567
29636,4887.3394
29637,7421.0776
29638,5472.5474
29639,5197.298
29640,6568.905
29641,4654.438
29642,6592.2603
29643,9196.29
29644,6818.226
29645,4190.8345
29646,4718.348
29647,3218.605
29648,3190.5017
29649,6708.587
29650,5138.662
29651,7762.6855
29652,4001.0588
29653,5887.786
29654,5523.7324
29655,8866.473
29656,4114.1543
29657,5088.287
29658,4837.5957
29659,6732.2207
29660,4765.2563
29661,6022.6133
29662,6787.03
29663,7819.422
29664,6060.566
29665,6153.832
29666,5318.213
29667,4045.4507
29668,4737.714
29669,9531.509
29670,7718.462
29671,5148.5728
29672,5888.9717
29673,5223.2954
29674,4565.325
29675,5128.2026
29676,7678.3706
29677,8094.831
29678,5869.602
29679,6341.5815
29680,6949.435
29681,6342.6035
29682,5139.157
29683,5210.8
29684,4647.202
29685,4372.1914
29686,3728.9734
29687,4479.952
29688,7474.098
29689,7307.4585
29690,5359.426
29691,4400.606
29692,6064.3477
29693,3510.479
29694,5497.362
29695,3769.218
29696,7073.9995
29697,5510.991
29698,5492.3354
29699,8703.1
29700,9111.645
29701,5532.9023
29702,5873.4717
29703,3391.3596
29704,5137.667
29705,4862.3364
29706,7411.7544
29707,4220.8115
29708,3869.6475
29709,4972.912
29710,4833.6562
29711,6709.003
29712,5517.992
29713,3631.4075
29714,6618.646
29715,6570.6216
29716,6385.9155
29717,4157.6504
29718,3798.491
29719,6245.3335
29720,3723.5242
29721,8451.586
29722,4715.2886
29723,4414.6147
29724,5751.9434
29725,5219.3906
29726,4287.488
29727,5283.028
29728,5511.6694
29729,8352.194
29730,7897.169
29731,5205.7026
29732,3733.971
29733,5038.632
29734,7638.6187
29735,4554.829
29736,5148.735
29737,5441.229
29738,9813.415
29739,6078.78
29740,5392.8296
29741,5673.603
29742,4044.679
29743,7740.0625
29744,4878.583
29745,9228.722
29746,5615.7295
29747,4881.711
29748,4801.8555
29749,4062.8728
29750,6233.603
29751,5737.751
29752,3792.991
29753,4480.328
29754,8122.8516
29755,6115.9253
29756,5480.6133
29757,6727.618
29758,5204.263
29759,4908.939
29760,4053.9958
29761,7657.1763
29762,4961.2803
29763,5879.879
29764,6211.9565
29765,4282.55
29766,6539.8657
29767,5041.276
29768,3089.815
29769,7096.883
29770,7221.0864
29771,3744.147
29772,6644.707
29773,5929.984
29774,4048.3306
29775,8081.539
29776,5545.8315
29777,7563.9
29778,4156.8335
29779,4555.433
29780,5454.8594
29781,2615.1128
29782,6415.881
29783,3644.2092
29784,5713.1484
29785,4324.8135
29786,4875.0054
29787,4818.75
29788,5924.3696
29789,5953.0664
29790,7030.345
29791,4989.047
29792,6632.113
29793,5427.5854
29794,7441.888
29795,7645.6235
29796,5929.1694
29797,2536.312
29798,5164.3857
29799,6017.187
29800,4255.5635
29801,10067.672
29802,5210.6704
29803,7068.597
29804,9741.219
29805,5532.158
29806,3794.4456
29807,8532.086
29808,8359.279
29809,4967.299
29810,6968.724
29811,7712.6484
29812,5809.053
29813,4765.5566
29814,6303.516
29815,4738.7534
29816,5189.793
29817,6506.007
29818,4192.6177
29819,5895.6147
29820,6527.2397
29821,5570.394
29822,6552.4346
29823,5023.817
29824,5893.073
29825,3581.4924
29826,6607.299
29827,6129.328
29828,5087.3555
29829,5940.287
29830,6060.352
29831,7703.2744
29832,5359.625
29833,4203.875
29834,5282.2217
29835,6363.176
29836,6280.1294
29837,4138.9175
29838,3884.4187
29839,6713.0933
29840,6069.6777
29841,5117.848
29842,6963.6943
29843,5963.131
29844,5500.21
29845,4325.424
29846,3556.7402
29847,5641.882
29848,5949.5864
29849,5920.952
29850,7802.0786
29851,6801.8706
29852,4467.0015
29853,7470.62
29854,3224.3057
29855,2894.0688
29856,5671.6987
29857,9215.15
29858,6852.807
29859,5954.094
29860,3929.7651
29861,5985.1836
29862,8185.92
29863,4949.5107
29864,7210.955
29865,5193.373
29866,4205.824
29867,4479.051
29868,5284.651
29869,5192.011
29870,3942.708
29871,4433.8633
29872,3878.3428
29873,6082.2363
29874,6545.732
29875,4442.042
29876,5360.479
29877,6012.523
29878,4509.8457
29879,4235.093
29880,7558.9814
29881,6480.4097
29882,5439.9106
29883,3625.876
29884,9597.234
29885,5353.984
29886,4607.5386
29887,7733.9814
29888,7241.7095
29889,6055.0366
29890,5523.4688
29891,6345.7866
29892,8228.15
29893,9707.931
29894,4255.872
29895,4214.664
29896,4666.5967
29897,5769.1416
29898,5320.3843
29899,6779.932
29900,7467.856
29901,5288.085
29902,3765.168
29903,5396.3184
29904,6489.4717
29905,4468.655
29906,5816.766
29907,3405.735
29908,6388.2188
29909,6249.719
29910,6286.272
29911,7020.3477
29912,5197.1294
29913,3467.554
29914,5521.309
29915,6484.3237
29916,7038.7324
29917,6300.1143
29918,6406.17
29919,5239.6577
29920,3855.0205
29921,8211.827
29922,3792.9512
29923,10024.86
29924,5476.8037
29925,3873.0117
29926,5644.374
29927,5149.5107
29928,6078.623
29929,6268.0767
29930,3168.9014
29931,4069.098
29932,5510.0977
29933,7084.9116
29934,8471.222
29935,4507.7896
29936,5232.845
29937,5875.8535
29938,5539.8574
29939,4488.88
29940,9043.645
29941,6915.026
29942,9608.078
29943,3958.3774
29944,4847.8086
29945,7957.5664
29946,6322.593
29947,4759.3013
29948,8230.349
29949,5801.1743
29950,4322.619
29951,4799.113
29952,4049.5125
29953,4308.2607
29954,5072.4746
29955,4221.641
29956,4623.9834
29957,8426.73
29958,5564.563
29959,4676.1587
29960,5446.603
29961,3965.6416
29962,5769.532
29963,7065.7056
29964,4987.9385
29965,5329.883
29966,4716.962
29967,6414.9136
29968,6047.464
29969,3949.431
29970,4637.4424
29971,5466.2036
29972,6359.365
29973,5480.702
29974,6964.2056
29975,4313.9688
29976,3927.618
29977,4630.4585
29978,7649.862
29979,9296.145
29980,7572.837
29981,5654.095
29982,4581.6675
29983,4944.952
29984,3516.9011
29985,6929.287
29986,7719.3306
29987,7775.0454
29988,4671.6025
29989,4143.231
29990,4406.945
29991,4688.3833
29992,8214.036
29993,5681.537
29994,4592.3525
29995,4259.783
29996,5961.6978
29997,3552.122
29998,5900.7905
29999,3507.8545
30000,5539.931
30001,5853.3994
30002,4705.8076
30003,5840.728
30004,5150.562
30005,4008.7607
30006,5568.354
30007,5427.451
30008,8612.998
30009,5126.7256
30010,6255.6353
30011,6026.4575
30012,7332.761
30013,5438.6084
30014,7698.0522
30015,3848.1536
30016,4201.8105
30017,5221.158
30018,5288.781
30019,7429.576
30020,6119.543
30021,4429.5557
30022,6088.238
30023,5637.1055
30024,7869.641
30025,3477.9
30026,10480.041
30027,3968.3813
30028,5150.3604
30029,6831.0303
30030,4584.5527
30031,4707.9536
30032,5030.199
30033,5978.109
30034,4424.231
30035,4162.3447
30036,6515.3345
30037,5935.0425
30038,5536.165
30039,3855.3552
30040,5957.8267
30041,9311.728
30042,5430.61
30043,4142.559
30044,5524.07
30045,5272.6875
30046,5753.145
30047,5772.1743
30048,3494.0315
30049,5944.8955
30050,4954.0356
30051,5736.6294
30052,5592.5464
30053,3969.1233
30054,5328.343
30055,4110.9805
30056,5916.4355
30057,7406.864
30058,4369.598
30059,4441.83
30060,5180.015
30061,4909.1543
30062,4404.7046
30063,6705.7847
30064,5211.416
30065,6166.6943
30066,4550.43
30067,4135.1685
30068,5149.8643
30069,6560.2075
30070,6778.9556
30071,6622.8774
30072,6439.509
30073,4672.097
30074,6854.2324
30075,4695.0156
30076,5691.1206
30077,7057.926
30078,5443.1133
30079,7952.301
30080,6452.9434
30081,6147.7773
30082,4935.052
30083,5903.183
30084,5915.826
30085,4987.039
30086,3092.28
30087,4928.306
30088,6123.058
30089,5857.9736
30090,4172.4697
30091,6902.6636
30092,5654.661
30093,4889.3955
30094,4766.434
30095,4459.453
30096,5809.8457
30097,5845.884
30098,5287.399
30099,4446.939
30100,4185.541
30101,5363.6245
30102,3362.682
30103,5371.4116
30104,3766.666
30105,7053.2954
30106,5724.5547
30107,5538.5415
30108,6856.547
30109,4269.7705
30110,4200.404
30111,8660.893
30112,5410.9307
30113,6340.9766
30114,6437.6543
30115,4816.723
30116,5054.5415
30117,5004.37
30118,6237.9453
30119,9321.786
30120,4904.259
30121,1712.3734
30122,4075.4958
30123,6478.7163
30124,7160.388
30125,4836.8574
30126,5752.618
30127,4186.0083
30128,4483.8384
30129,3019.5928
30130,4274.881
30131,5091.224
30132,5387.7446
30133,5939.8677
30134,5078.885
30135,6614.746
30136,7101.406
30137,6180.0728
30138,4000.5361
30139,7645.616
30140,8811.557
30141,4824.8213
30142,6403.5493
30143,4350.844
30144,5410.311
30145,3401.5334
30146,5635.4873
30147,4135.4956
30148,7228.5977
30149,5910.6934
30150,6761.153
30151,6496.228
30152,4670.3994
30153,6506.9814
30154,6428.708
30155,8664.595
30156,4702.6753
30157,1585.6967
30158,5059.0947
30159,7779.3774
30160,4801.379
30161,9913.141
30162,3540.2854
30163,3085.744
30164,4189.5234
30165,7865.3413
30166,4059.1462
30167,7233.315
30168,5171.7705
30169,5700.5522
30170,3159.5225
30171,5713.841
30172,5172.8457
30173,5975.4863
30174,6471.4224
30175,5306.4214
30176,5017.1987
30177,5938.027
30178,4182.679
30179,4251.871
30180,6427.255
30181,4480.897
30182,5199.8022
30183,5761.778
30184,4928.5977
30185,4298.122
30186,5852.523
30187,5618.06
30188,6827.4023
30189,5074.8022
30190,5813.377
30191,4843.76
30192,2960.8416
30193,5181.6953
30194,5817.204
30195,4266.448
30196,4015.5388
30197,7575.38
30198,5661.7583
30199,6565.798
30200,5606.6685
30201,4682.43
30202,4496.6494
30203,4060.9045
30204,8092.631
30205,4233.7637
30206,6645.011
30207,4657.0493
30208,5955.605
30209,6125.032
30210,4205.8804
30211,4084.0032
30212,5918.597
30213,3676.809
30214,5241.4824
30215,8101.002
30216,4739.7793
30217,11229.059
30218,9949.429
30219,4339.6655
30220,5621.512
30221,4536.566
30222,5391.0347
30223,4677.872
30224,9227.93
30225,6007.02
30226,6665.788
30227,3975.6675
30228,5825.0166
30229,4109.9023
30230,7045.207
30231,5556.8296
30232,5056.8755
30233,5603.8774
30234,4772.271
30235,6761.2173
30236,7803.708
30237,4681.7646
30238,8220.965
30239,5729.0503
30240,7232.901
30241,4109.702
30242,4357.203
30243,4313.9194
30244,7344.7026
30245,5546.8525
30246,6477.357
30247,5361.609
30248,6990.6196
30249,3809.8674
30250,6265.9067
30251,5419.7065
30252,3517.8306
30253,9782.437
30254,5714.7397
30255,5360.0903
30256,6238.6235
30257,7308.95
30258,8474.422
30259,8699.821
30260,4864.3594
30261,6236.446
30262,4835.4224
30263,6519.2817
30264,3679.1213
30265,4698.4966
30266,4439.225
30267,4497.3486
30268,6231.487
30269,4208.048
30270,3814.908
30271,4900.6343
30272,3353.9966
30273,3847.7278
30274,4592.129
30275,5073.941
30276,7239.9897
30277,7009.2744
30278,5972.78
30279,5357.6265
30280,5333.6206
30281,9113.748
30282,6189.2397
30283,4365.011
30284,4126.141
30285,7191.9214
30286,4079.5684
30287,5650.4126
30288,3130.7192
30289,4354.9175
30290,5925.958
30291,5287.3784
30292,4356.268
30293,6939.87
30294,8047.587
30295,9801.909
30296,4825.857
30297,7905.8657
30298,3064.9753
30299,4438.6323
30300,5320.212
30301,3374.6685
30302,6719.8003
30303,4264.003
30304,4552.484
30305,7160.8936
30306,9611.516
30307,7713.737
30308,4623.304
30309,4428.3516
30310,6229.5615
30311,5837.069
30312,5243.8926
30313,4084.8252
30314,5762.2397
30315,7620.586
30316,4015.1519
30317,5254.3623
30318,5925.427
30319,6439.7915
30320,10568.23
30321,5169.403
30322,9662.989
30323,5771.5356
30324,4792.077
30325,3273.7664
30326,5075.3013
30327,5093.954
30328,4164.4175
30329,6154.6655
30330,4095.4844
30331,3828.751
30332,5718.644
30333,3124.3135
30334,6580.481
30335,5275.535
30336,6013.8247
30337,6630.0635
30338,4210.035
30339,7079.2104
30340,5696.595
30341,4209.465
30342,4326.208
30343,4589.2827
30344,9039.299
30345,5486.916
30346,4001.788
30347,6009.209
30348,6620.4707
30349,5557.704
30350,4882.5864
30351,6750.4043
30352,4901.719
30353,4637.429
30354,5028.971
30355,7379.7075
30356,4944.4473
30357,5073.6313
30358,4459.823
30359,4318.8687
30360,3681.3435
30361,4372.175
30362,6811.421
30363,6620.2056
30364,8933.133
30365,8576.479
30366,6573.217
30367,3998.781
30368,4515.773
30369,9035.437
30370,7804.929
30371,5704.795
30372,6752.845
30373,6706.066
30374,4818.525
30375,3431.2659
30376,9172.314
30377,4813.4165
30378,5474.61
30379,5282.806
30380,2864.745
30381,8885.979
30382,4962.951
30383,4322.512
30384,4150.4224
30385,4910.086
30386,5482.4956
30387,5967.2676
30388,5607.492
30389,4069.517
30390,4174.8945
30391,3722.1392
30392,2836.7358
30393,5878.331
30394,5260.5957
30395,4723.171
30396,4628.4316
30397,5516.8345
30398,4151.242
30399,4534.329
30400,3975.2883
30401,3844.5688
30402,6048.352
30403,5723.4297
30404,3463.1177
30405,6941.0884
30406,4217.0205
30407,4200.42
30408,6486.198
30409,6552.6406
30410,9068.192
30411,4386.5493
30412,5743.194
30413,3985.3577
30414,4793.595
30415,5830.5864
30416,7477.2637
30417,5234.847
30418,3978.1372
30419,4263.649
30420,4693.032
30421,4326.464
30422,8451.28
30423,4267.5107
30424,4851.468
30425,5656.048
30426,3935.7
30427,5246.5444
30428,5579.2847
30429,6470.8794
30430,5714.56
30431,3581.9126
30432,4910.2734
30433,5409.573
30434,7651.613
30435,7231.632
30436,5517.7188
30437,3528.0034
30438,6246.382
30439,4968.5024
30440,4006.0237
30441,6043.1045
30442,6215.7085
30443,5215.3545
30444,4811.4653
30445,5327.5903
30446,6332.3213
30447,4561.242
30448,5647.4224
30449,5989.6953
30450,4423.5684
30451,7539.094
30452,5015.428
30453,4081.5496
30454,9852.738
30455,5029.6763
30456,2224.757
30457,6478.7104
30458,7368.63
30459,8575.767
30460,4529.9326
30461,4893.063
30462,5187.0757
30463,6069.9673
30464,5186.67
30465,6193.734
30466,2474.9316
30467,4985.893
30468,5327.189
30469,4609.763
30470,4073.9023
30471,5812.5176
30472,6355.8906
30473,4172.3184
30474,6693.477
30475,5339.3677
30476,6812.1353
30477,3867.448
30478,5329.3286
30479,4903.8047
30480,5852.2715
30481,6607.324
30482,4440.1187
30483,6195.294
30484,6311.807
30485,5958.48
30486,4245.7227
30487,3419.0557
30488,5661.942
30489,5370.2383
30490,6723.9355
30491,5835.978
30492,4875.475
30493,6879.521
30494,5556.31
30495,4912.527
30496,6265.399
30497,4604.261
30498,6548.0483
30499,8736.741
30500,6415.5073
30501,4045.2268
30502,4454.02
30503,2491.6465
30504,3019.181
30505,6518.5483
30506,4745.1353
30507,7084.553
30508,3775.0076
30509,5674.15
30510,5196.8813
30511,8656.425
30512,3920.285
30513,4539.3926
30514,4483.693
30515,6541.868
30516,4591.288
30517,5828.4014
30518,6294.8403
30519,7728.7607
30520,5628.7773
30521,5969.334
30522,5077.475
30523,3917.1748
30524,4421.552
30525,8545.263
30526,7512.048
30527,5100.275
30528,5658.001
30529,5061.943
30530,4485.8833
30531,5048.4316
30532,7047.8687
30533,7388.42
30534,5381.473
30535,6329.592
30536,6549.9663
30537,6019.4775
30538,4855.806
30539,4840.5083
30540,4407.47
30541,4108.969
30542,3700.7373
30543,4374.0645
30544,7085.128
30545,7038.1147
30546,5149.2847
30547,4411.121
30548,5665.81
30549,3306.518
30550,5215.1807
30551,3509.6821
30552,7084.81
30553,5102.411
30554,5106.2085
30555,8885.682
30556,8410.952
30557,5522.6997
30558,5643.0767
30559,3304.0554
30560,4977.1973
30561,4786.499
30562,7154.674
30563,3967.1096
30564,3621.655
30565,4855.037
30566,4717.547
30567,6112.881
30568,5234.213
30569,3559.347
30570,6002.9414
30571,6292.097
30572,6177.3496
30573,3859.6716
30574,3583.1294
30575,6219.9253
30576,3642.8535
30577,7900.559
30578,4489.222
30579,4236.5957
30580,5458.638
30581,4986.373
30582,4023.5833
30583,5008.1475
30584,5280.287
30585,7778.4575
30586,7538.181
30587,4928.593
30588,3627.637
30589,4939.163
30590,7329.4326
30591,4398.281
30592,4937.241
30593,5269.822
30594,9345.189
30595,5792.195
30596,5118.8296
30597,5719.457
30598,3888.2039
30599,7328.8384
30600,4783.2266
30601,9644.399
30602,5182.0415
30603,4632.517
30604,4427.249
30605,3693.1125
30606,6280.926
30607,5754.3467
30608,3466.9421
30609,4077.339
30610,7489.4976
30611,5756.131
30612,5396.9155
30613,6296.4976
30614,4930.577
30615,4514.718
30616,4163.572
30617,7389.9
30618,4755.376
30619,5881.1577
30620,5811.536
30621,4202.608
30622,6195.908
30623,4719.743
30624,2891.1382
30625,6952.5376
30626,6474.5405
30627,3747.606
30628,6244.934
30629,5528.0386
30630,3835.982
30631,7597.1597
30632,5122.1357
30633,7113.5747
30634,3944.4124
30635,4237.707
30636,5478.716
30637,2280.0244
30638,6214.9556
30639,3467.3489
30640,5343.092
30641,4130.1343
30642,4623.948
30643,4795.392
30644,5714.0693
30645,5684.9575
30646,6316.7695
30647,4671.148
30648,6279.153
30649,5476.955
30650,6514.2593
30651,7404.2856
30652,5789.0024
30653,1930.2003
30654,4925.9985
30655,5998.374
30656,4175.675
30657,9356.758
30658,4868.142
30659,6911.953
30660,9531.936
30661,5437.063
30662,3706.319
30663,8224.486
30664,8202.739
30665,4763.4116
30666,6709.1562
30667,7970.5024
30668,5094.003
30669,4483.424
30670,5738.523
30671,4660.3022
30672,4881.32
30673,5975.0874
30674,4138.7515
30675,5314.876
30676,5845.287
30677,5466.892
30678,6154.7183
30679,4941.8164
30680,5718.028
30681,3809.0498
30682,6297.717
30683,5643.992
30684,5055.1294
30685,5783.996
30686,5512.3374
30687,7513.058
30688,4750.8647
30689,4168.77
30690,4980.5884
30691,5976.347
30692,6085.3813
30693,4009.0742
30694,3747.2986
30695,6445.728
30696,5735.7207
30697,4830.2227
30698,6564.138
30699,5391.4307
30700,5367.56
30701,4082.6204
30702,3713.918
30703,5368.6763
30704,5363.0156
30705,5432.0347
30706,7644.8945
30707,6682.473
30708,4307.0693
30709,7640.513
30710,3220.3372
30711,3143.732
30712,5387.724
30713,9006.304
30714,6786.4536
30715,5716.5225
30716,3943.6372
30717,5613.2285
30718,8120.373
30719,4717.565
30720,6584.38
30721,5050.84
30722,4234.66
30723,4349.8774
30724,4808.997
30725,4942.731
30726,3761.0217
30727,4112.5728
30728,3836.9556
30729,5847.3115
30730,5932.948
30731,4145.8403
30732,5213.405
30733,5449.664
30734,4412.0425
30735,4301.116
30736,6904.218
30737,6225.5933
30738,5146.7363
30739,3520.9329
30740,9252.412
30741,5037.277
30742,4331.531
30743,7527.9497
30744,6741.4287
30745,5905.1934
30746,5080.8325
30747,6128.1006
30748,7127.2456
30749,9665.505
30750,3963.259
30751,4068.2402
30752,4444.1274
30753,5892.6914
30754,4941.2036
30755,6516.5093
30756,7152.395
30757,5053.929
30758,3776.596
30759,5265.194
30760,6538.1875
30761,4193.8257
30762,5581.3125
30763,3258.1104
30764,5933.107
30765,6187.0854
30766,6047.5215
30767,6970.2266
30768,5069.1904
30769,3153.5842
30770,5321.572
30771,5790.582
30772,6887.097
30773,6013.039
30774,6186.035
30775,5073.757
30776,3811.0925
30777,7704.715
30778,3703.0432
30779,9490.307
30780,5037.7666
30781,3710.1963
30782,5458.0293
30783,5173.4575
30784,5817.715
30785,6080.937
30786,2927.6921
30787,3912.7122
30788,5312.4277
30789,6748.692
30790,7981.465
30791,4199.554
30792,5220.561
30793,5880.3667
30794,5195.0625
30795,4498.005
30796,8153.31
30797,6506.9316
30798,9811.945
30799,3747.4272
30800,4534.7446
30801,7737.8774
30802,6246.4473
30803,4441.7666
30804,8044.563
30805,5657.7095
30806,4159.11
30807,4469.529
30808,3865.0212
30809,4294.1714
30810,4756.6777
30811,4097.071
30812,4439.145
30813,8041.9854
30814,5773.303
30815,4653.883
30816,5043.609
30817,3964.817
30818,5884.401
30819,6942.9287
30820,4481.7944
30821,5312.0376
30822,4686.443
30823,6643.566
30824,6054.996
30825,3952.2727
30826,4601.236
30827,5400.6387
30828,6447.2773
30829,5389.672
30830,6661.682
30831,4145.413
30832,3822.4812
30833,4481.247
30834,7617.4175
30835,8507.805
30836,7422.3657
30837,5776.217
30838,4265.8013
30839,4792.804
30840,3661.2551
30841,6845.4775
30842,7459.292
30843,7752.0903
30844,4636.496
30845,4239.207
30846,4185.948
30847,4662.712
30848,8571.008
30849,5629.631
30850,4347.94
30851,4189.212
30852,6140.1006
30853,3492.462
30854,6047.6714
30855,3423.5662
30856,5264.4155
30857,5679.944
30858,4658.7817
30859,5719.108
30860,5120.3823
30861,4148.534
30862,5581.286
30863,5295.762
30864,8121.4727
30865,4842.66
30866,6314.7876
30867,6148.1997
30868,7210.3496
30869,5404.555
30870,7542.0
30871,3738.9753
30872,3998.8
30873,5246.349
30874,5028.482
30875,7261.879
30876,6032.5767
30877,4363.6333
30878,5651.205
30879,5789.201
30880,7461.747
30881,3477.054
30882,10895.137
30883,3943.6748
30884,5282.8115
30885,6743.905
30886,4567.817
30887,4692.6606
30888,4901.013
30889,5948.0205
30890,4227.694
30891,4196.2427
30892,6443.546
30893,5892.191
30894,5562.987
30895,3840.9067
30896,5903.673
30897,8434.441
30898,5263.989
30899,4104.707
30900,5332.995
30901,5267.2285
30902,5823.5996
30903,5836.479
30904,3486.1243
30905,5900.2163
30906,5084.231
30907,5594.6167
30908,5757.8774
30909,4040.0093
30910,5015.036
30911,4168.1377
30912,5959.6963
30913,7266.3755
30914,4299.172
30915,4371.4614
30916,5125.4985
30917,4836.6357
30918,4518.535
30919,6769.8384
30920,5230.699
30921,6047.054
30922,4493.0137
30923,4213.514
30924,5079.2627
30925,6275.375
30926,6792.2495
30927,6525.3535
30928,6632.233
30929,4673.5728
30930,6716.084
30931,4902.032
30932,5871.03
30933,6809.855
30934,5353.351
30935,7883.562
30936,6544.9824
30937,5958.6904
30938,4704.2954
30939,5919.2466
30940,5787.7437
30941,5004.7617
30942,3266.7969
30943,4879.29
30944,6263.642
30945,5878.617
30946,4171.6377
30947,6808.4976
30948,5709.1445
30949,4915.766
30950,4652.245
30951,4422.9478
30952,5699.4434
30953,5742.7666
30954,5224.252
30955,4348.7905
30956,4283.5264
30957,5440.0303
30958,3334.9812
30959,5182.249
30960,3747.4202
30961,7009.2607
30962,5911.105
30963,5543.5894
30964,6684.354
30965,4630.3657
30966,4219.2134
30967,8774.388
30968,5660.495
30969,6234.0967
30970,6355.903
30971,4374.636
30972,4976.015
30973,4756.7144
30974,5871.304
30975,9129.164
30976,4629.469
30977,1872.3978
30978,4337.861
30979,6626.8267
30980,7174.2383
30981,4823.8457
30982,5732.9097
30983,4047.732
30984,4382.923
30985,3019.927
30986,4195.6743
30987,4931.2783
30988,5408.165
30989,5887.8086
30990,5152.532
30991,6532.634
30992,6777.8115
30993,6127.5103
30994,3893.3516
30995,7658.2207
30996,8900.279
30997,4653.914
30998,6269.799
30999,4192.402
31000,5513.552
31001,2993.3096
31002,5667.1074
31003,4136.036
31004,7141.8223
31005,5811.8965
31006,6613.7114
31007,6446.601
31008,4461.7466
31009,6584.3423
31010,5501.637
31011,8592.42
31012,4818.6763
31013,1561.568
31014,5094.1343
31015,7504.693
31016,4668.809
31017,8670.116
31018,2952.3628
31019,3077.3186
31020,4127.267
31021,6668.7773
31022,4304.6377
31023,7352.3423
31024,4971.9917
31025,5718.682
31026,3096.1882
31027,5887.073
31028,5287.8525
31029,5932.241
31030,6565.7163
31031,5148.897
31032,4842.6
31033,5878.8247
31034,4355.84
31035,4285.01
31036,6447.302
31037,4358.2217
31038,5127.2783
31039,5915.352
31040,4722.621
31041,4479.119
31042,5786.3965
31043,5642.054
31044,6676.3125
31045,5029.734
31046,5599.2344
31047,4820.138
31048,2944.7512
31049,5236.8496
31050,5690.8115
31051,4210.714
31052,3911.5889
31053,7592.494
31054,5562.987
31055,6749.9214
31056,5707.9575
31057,4465.9194
31058,4398.3145
31059,3893.1697
31060,7707.883
31061,4264.3164
31062,6361.131
31063,3702.3474
31064,5944.1753
31065,5230.679
31066,3947.3105
31067,4082.3323
31068,5706.9995
31069,3624.8455
31070,5212.6143
31071,7825.3604
31072,4626.4365
31073,11743.154
31074,8824.542
31075,4260.803
31076,5560.674
31077,4448.8525
31078,5298.107
31079,4637.305
31080,9232.305
31081,5820.1733
31082,6433.922
31083,3910.5032
31084,5860.936
31085,3988.8718
31086,7012.5444
31087,5272.8535
31088,5032.037
31089,5386.9893
31090,4621.8315
31091,6832.653
31092,7443.067
31093,4694.496
31094,8302.554
31095,5607.3853
31096,7196.313
31097,3996.0852
31098,4371.6826
31099,4204.252
31100,7570.3237
31101,5423.006
31102,6046.166
31103,5474.986
31104,6933.836
31105,3755.3252
31106,6006.8765
31107,5173.8623
31108,3417.5554
31109,9630.868
31110,5435.839
31111,5446.437
31112,6313.752
31113,7189.4316
31114,8156.2812
31115,8486.798
31116,4698.322
31117,6231.7246
31118,4848.9556
31119,6358.401
31120,3572.9543
31121,4731.188
31122,4484.5273
31123,4469.2856
31124,6283.4307
31125,4283.326
31126,3729.2153
31127,4850.4175
31128,3156.5881
31129,3959.839
31130,4381.6523
31131,5450.0176
31132,7103.1807
31133,6980.5522
31134,5880.013
31135,5110.716
31136,5285.664
31137,8800.159
31138,6252.796
31139,4267.8647
31140,3825.6697
31141,7051.5806
31142,4050.9922
31143,5646.0757
31144,2951.5266
31145,4520.7295
31146,5894.3213
31147,5174.5684
31148,4319.474
31149,6923.5923
31150,7447.008
31151,9355.259
31152,4650.5947
31153,7684.041
31154,3115.0667
31155,4435.217
31156,5083.635
31157,3305.02
31158,6732.176
31159,4304.712
31160,4627.416
31161,7170.339
31162,9516.166
31163,6626.978
31164,4557.328
31165,4197.2837
31166,6632.2456
31167,6049.7944
31168,5162.204
31169,3989.8423
31170,5779.695
31171,7136.6606
31172,4178.6475
31173,5373.8
31174,6046.414
31175,6562.3916
31176,9906.449
31177,5000.9727
31178,9212.742
31179,5644.5195
31180,4501.095
31181,3090.4692
31182,5201.573
31183,4858.1455
31184,4033.7556
31185,5850.8706
31186,4102.382
31187,3601.171
31188,5533.0557
31189,3123.3538
31190,6535.351
31191,5350.625
31192,6004.883
31193,6605.585
31194,4020.648
31195,7022.437
31196,5790.6147
31197,4225.291
31198,4399.1787
31199,5038.978
31200,8574.72
31201,5312.864
31202,3906.074
31203,6351.0728
31204,6509.247
31205,5472.0933
31206,4926.967
31207,6927.569
31208,4877.415
31209,4546.456
31210,4848.1787
31211,7181.42
31212,4727.971
31213,4903.454
31214,4443.551
31215,4252.9014
31216,3702.1248
31217,4060.9006
31218,6590.9775
31219,6531.967
31220,8994.175
31221,8363.115
31222,6356.7153
31223,3907.5276
31224,4336.119
31225,8789.355
31226,7622.4907
31227,5658.055
31228,6735.117
31229,6523.866
31230,4621.0425
31231,3311.1833
31232,8890.454
31233,4686.6123
31234,5448.7856
31235,5223.5146
31236,2797.9597
31237,8629.608
31238,4847.6333
31239,4259.535
31240,4121.3735
31241,4960.6367
31242,5382.8237
31243,6068.3
31244,5358.4087
31245,4050.034
31246,4082.7217
31247,4037.7632
31248,2630.4966
31249,5807.142
31250,4245.3135
31251,4585.3228
31252,4500.138
31253,5666.021
31254,3974.3933
31255,4461.802
31256,3912.1821
31257,3901.2368
31258,5916.2773
31259,5553.4756
31260,3429.4597
31261,6902.2227
31262,4204.962
31263,4099.741
31264,6460.2476
31265,6623.6226
31266,8391.561
31267,4361.2197
31268,5560.0
31269,3832.394
31270,4642.86
31271,4995.066
31272,7414.8936
31273,5032.522
31274,3947.83
31275,4082.7761
31276,4669.709
31277,3834.0542
31278,7510.916
31279,4253.6396
31280,4812.9663
31281,5471.7124
31282,3919.1372
31283,5164.3315
31284,5468.227
31285,6336.962
31286,5445.897
31287,3537.5408
31288,5013.649
31289,5131.6426
31290,7744.656
31291,6919.255
31292,5424.6978
31293,3982.4958
31294,6222.6787
31295,5013.989
31296,3891.087
31297,5898.5283
31298,6020.379
31299,5200.1743
31300,4771.615
31301,5289.6787
31302,6112.117
31303,4456.1914
31304,5609.0757
31305,5731.1875
31306,4380.273
31307,6938.6787
31308,4976.599
31309,4147.862
31310,9365.918
31311,4790.473
31312,2841.972
31313,6261.438
31314,7249.989
31315,8598.445
31316,4478.5767
31317,4726.4336
31318,5250.254
31319,6254.359
31320,5026.5396
31321,6122.0713
31322,2288.557
31323,4932.953
31324,5170.2266
31325,4608.3955
31326,3972.6802
31327,5847.579
31328,6531.6494
31329,4113.887
31330,6585.5103
31331,5331.6626
31332,6691.2046
31333,3772.412
31334,5419.1533
31335,4941.9297
31336,5739.0757
31337,6877.2837
31338,3535.4963
31339,6011.915
31340,6238.183
31341,5723.856
31342,4267.649
31343,3348.862
31344,5718.306
31345,5393.236
31346,6793.014
31347,5576.002
31348,4788.4263
31349,6518.8774
31350,5376.804
31351,4694.9395
31352,6329.3926
31353,4398.776
31354,6421.5317
31355,8652.743
31356,6419.486
31357,3955.8145
31358,4448.784
31359,2582.8743
31360,2992.493
31361,6511.6875
31362,4672.989
31363,6808.1343
31364,3602.803
31365,5547.429
31366,5113.442
31367,8940.855
31368,3852.9102
31369,4637.765
31370,4519.828
31371,6446.3486
31372,4470.4414
31373,5899.316
31374,6170.5127
31375,7886.2544
31376,5604.273
31377,5752.1904
31378,4803.1885
31379,3884.0112
31380,4197.572
31381,8671.142
31382,7495.694
31383,4980.3936
31384,5527.274
31385,4954.749
31386,4308.52
31387,4971.7974
31388,6918.0737
31389,7351.564
31390,5414.493
31391,6158.2124
31392,6500.2754
31393,6120.0513
31394,4762.348
31395,4626.7407
31396,4375.287
31397,4026.7778
31398,3734.5908
31399,4352.0107
31400,6885.8623
31401,5133.1704
31402,5140.7114
31403,4376.3433
31404,5820.568
31405,3207.3562
31406,5133.5767
31407,3313.9075
31408,6824.518
31409,5104.723
31410,4973.6
31411,7653.051
31412,8766.792
31413,5376.999
31414,5545.202
31415,3271.2532
31416,4993.4653
31417,4786.0337
31418,6890.856
31419,3981.7666
31420,3689.785
31421,4969.493
31422,4586.0312
31423,6134.6035
31424,5086.535
31425,3324.9841
31426,5920.9634
31427,6166.4414
31428,6155.6987
31429,3809.635
31430,3722.0361
31431,6110.077
31432,3532.0107
31433,7885.6226
31434,4298.7495
31435,4057.0095
31436,5287.3633
31437,4919.589
31438,3988.347
31439,4955.586
31440,5350.099
31441,7923.168
31442,7720.023
31443,4878.2666
31444,3492.452
31445,4918.6836
31446,6139.673
31447,4222.632
31448,4776.9937
31449,5237.0596
31450,9479.044
31451,5777.9746
31452,4972.2197
31453,5737.3843
31454,3863.1636
31455,7237.428
31456,4635.7485
31457,9845.618
31458,5137.03
31459,4485.849
31460,4383.8975
31461,3550.892
31462,6331.035
31463,4756.1333
31464,3886.691
31465,3979.549
31466,7081.0474
31467,5760.7666
31468,5323.907
31469,6321.7964
31470,4896.4014
31471,4581.1343
31472,3976.0466
31473,7352.6367
31474,4557.0195
31475,5843.275
31476,5906.1567
31477,4245.504
31478,6216.8765
31479,4538.0156
31480,2948.7908
31481,6828.7437
31482,6354.321
31483,3782.3645
31484,6084.598
31485,5303.436
31486,3766.612
31487,7322.396
31488,5001.488
31489,6839.0034
31490,3742.376
31491,4144.1836
31492,5887.1406
31493,2186.0723
31494,6130.632
31495,3691.6968
31496,5278.5703
31497,4144.5234
31498,4560.9204
31499,4781.612
31500,5631.978
31501,5460.185
31502,6152.664
31503,4581.1914
31504,6325.2705
31505,5558.6743
31506,7001.3833
31507,7405.0977
31508,5609.83
31509,2071.9902
31510,4914.7437
31511,5895.013
31512,4308.1006
31513,9071.999
31514,4804.7876
31515,6708.2925
31516,8901.137
31517,5135.5503
31518,3586.5627
31519,8422.399
31520,7950.253
31521,4844.1846
31522,6784.745
31523,7260.327
31524,4975.493
31525,4541.779
31526,5677.907
31527,4645.128
31528,4915.9487
31529,5946.3926
31530,4024.2012
31531,5294.8433
31532,5739.311
31533,5291.188
31534,6259.282
31535,4882.6333
31536,5719.053
31537,3446.767
31538,6157.214
31539,5655.783
31540,4780.5767
31541,5855.7446
31542,5530.744
31543,7321.516
31544,4734.94
31545,4226.2505
31546,4640.8677
31547,5918.925
31548,6029.4014
31549,3969.4717
31550,3685.1523
31551,7007.6367
31552,5478.867
31553,4843.8384
31554,6349.916
31555,5467.925
31556,5876.6494
31557,3944.51
31558,3433.2534
31559,5390.32
31560,5334.409
31561,5279.451
31562,7620.1646
31563,7025.378
31564,4319.874
31565,6901.867
31566,3276.2063
31567,2983.989
31568,5282.161
31569,9351.618
31570,6350.976
31571,5832.333
31572,3856.2747
31573,5748.8115
31574,7816.9233
31575,4780.563
31576,6286.3022
31577,5207.6694
31578,4108.099
31579,4362.6846
31580,4604.8716
31581,5094.62
31582,3724.5332
31583,3955.2485
31584,3775.519
31585,5977.687
31586,5872.105
31587,4228.202
31588,5122.4536
31589,5417.4995
31590,4363.138
31591,4237.331
31592,6761.985
31593,6176.4424
31594,4896.8774
31595,3540.7075
31596,8738.608
31597,4838.163
31598,4287.8066
31599,6736.537
31600,7123.4126
31601,5847.356
31602,5081.0654
31603,6106.424
31604,7174.2656
31605,9543.808
31606,3872.8418
31607,4022.309
31608,4194.642
31609,5561.2783
31610,4772.366
31611,6674.784
31612,6906.7207
31613,5081.3853
31614,3635.1921
31615,5123.216
31616,6207.0703
31617,4146.6157
31618,5475.2837
31619,3258.151
31620,5767.7495
31621,6122.772
31622,5957.9575
31623,7257.897
31624,5010.245
31625,2999.3809
31626,4997.997
31627,5856.348
31628,6738.33
31629,5984.9326
31630,5925.11
31631,4865.157
31632,3656.1838
31633,7593.465
31634,3669.983
31635,9197.878
31636,4955.4204
31637,3673.815
31638,5473.127
31639,5034.03
31640,5957.486
31641,6037.1587
31642,2718.1028
31643,3804.1296
31644,5419.934
31645,6681.874
31646,8185.5527
31647,4306.1655
31648,5027.0
31649,5796.4395
31650,5076.1387
31651,4366.7065
31652,7951.9443
31653,6503.519
31654,8973.207
31655,3744.1042
31656,4555.1724
31657,7666.72
31658,6162.937
31659,4371.17
31660,7752.608
31661,5683.103
31662,4098.74
31663,4230.058
31664,3877.9397
31665,4223.4297
31666,4796.9663
31667,4156.825
31668,4442.648
31669,7950.306
31670,5450.34
31671,3720.7476
31672,4974.4966
31673,4158.733
31674,5864.867
31675,7711.567
31676,4783.5005
31677,5596.431
31678,5036.508
31679,6391.6133
31680,6106.744
31681,3764.9846
31682,4685.1196
31683,5562.244
31684,6575.1416
31685,5369.931
31686,6605.6416
31687,4292.509
31688,3774.3486
31689,4279.74
31690,7423.6685
31691,8816.769
31692,7945.7954
31693,6026.36
31694,4591.4414
31695,5003.7593
31696,3716.0017
31697,7173.992
31698,7535.2983
31699,7756.8384
31700,4312.6357
31701,4041.0576
31702,4248.7812
31703,4706.818
31704,8416.971
31705,5543.9014
31706,4578.2383
31707,4092.786
31708,6112.9336
31709,3461.0833
31710,5942.021
31711,3505.8875
31712,5462.5293
31713,5600.5537
31714,4963.581
31715,5766.1157
31716,5226.475
31717,4092.7195
31718,5867.1895
31719,5167.4062
31720,7951.3755
31721,5121.139
31722,6375.4355
31723,5904.9907
31724,7478.626
31725,5406.3184
31726,7461.4194
31727,3984.6162
31728,4382.952
31729,5250.109
31730,5240.8125
31731,7745.801
31732,6012.4883
31733,4414.762
31734,5836.64
31735,6007.478
31736,7336.385
31737,3588.8455
31738,10110.473
31739,4255.7583
31740,5523.88
31741,6810.3945
31742,4614.277
31743,4637.354
31744,4871.6494
31745,5942.9053
31746,4286.8867
31747,4315.566
31748,6415.2686
31749,5902.4907
31750,5454.688
31751,3877.5327
31752,6283.5146
31753,8413.399
31754,5444.0996
31755,4434.405
31756,5245.058
31757,5354.5405
31758,5798.336
31759,6030.5806
31760,3527.3674
31761,5949.235
31762,5125.914
31763,5727.488
31764,5817.0547
31765,4418.061
31766,4941.3496
31767,4252.674
31768,5986.1655
31769,7465.691
31770,4301.8135
31771,4518.2163
31772,5368.7837
31773,4992.603
31774,4478.03
31775,6774.9155
31776,5258.905
31777,6153.9907
31778,4566.584
31779,4481.444
31780,5180.544
31781,6481.4053
31782,6864.7397
31783,7052.031
31784,6373.3804
31785,4675.1553
31786,6599.243
31787,4648.652
31788,5691.305
31789,6812.0444
31790,5435.357
31791,8356.497
31792,6454.649
31793,6067.64
31794,4725.902
31795,6484.398
31796,5844.858
31797,5021.01
31798,3097.1484
31799,5101.35
31800,6189.0215
31801,5753.8584
31802,4170.5757
31803,6955.5356
31804,5671.877
31805,4804.6914
31806,4908.3535
31807,4537.6562
31808,5868.1855
31809,5863.609
31810,5487.67
31811,4161.1455
31812,4424.868
31813,5476.615
31814,3416.3591
31815,5741.085
31816,3581.9673
31817,6961.3896
31818,5915.431
31819,5673.8086
31820,6832.842
31821,4360.163
31822,4317.118
31823,8743.511
31824,5437.9185
31825,6262.477
31826,6362.363
31827,4213.4297
31828,5106.827
31829,4769.3535
31830,5980.6123
31831,9362.873
31832,4890.086
31833,1597.4856
31834,4165.5977
31835,6385.873
31836,6986.3403
31837,4624.1377
31838,5674.778
31839,4508.3486
31840,4425.2646
31841,3306.8303
31842,4623.9746
31843,4926.022
31844,5364.0386
31845,6298.3896
31846,5026.4775
31847,6407.276
31848,6801.202
31849,6334.514
31850,3769.0632
31851,7954.9785
31852,8924.676
31853,4764.0933
31854,6312.03
31855,4109.5806
31856,5363.3994
31857,3101.184
31858,5700.297
31859,4133.437
31860,7164.3984
31861,6042.897
31862,6585.184
31863,6785.774
31864,4868.6157
31865,6524.395
31866,5294.555
31867,8556.3955
31868,5036.883
31869,1392.8916
31870,4961.607
31871,7761.405
31872,4811.47
31873,8971.196
31874,3101.4534
31875,3143.6392
31876,4161.578
31877,6663.004
31878,4232.346
31879,7612.6094
31880,5036.0273
31881,5786.899
31882,3061.8132
31883,5862.848
31884,5489.5386
31885,6127.522
31886,6512.551
31887,5118.893
31888,4916.08
31889,6031.731
31890,4291.6694
31891,4388.529
31892,6476.196
31893,4386.018
31894,5297.369
31895,5959.583
31896,5235.521
31897,4422.1973
31898,5965.9756
31899,5710.3647
31900,6562.711
31901,5544.922
31902,6104.578
31903,4896.8496
31904,2822.6091
31905,5019.7407
31906,5914.2236
31907,4473.6665
31908,4098.2554
31909,7773.696
31910,5343.4844
31911,6684.851
31912,6010.3555
31913,4554.043
31914,4630.0786
31915,4331.5845
31916,8021.6846
31917,4144.5156
31918,6354.527
31919,3966.754
31920,5815.5454
31921,5296.6665
31922,4142.259
31923,3942.821
31924,5566.3467
31925,3860.6216
31926,5258.8145
31927,8156.5923
31928,4481.9526
31929,9800.385
31930,9460.258
31931,4608.11
31932,5535.5894
31933,5017.065
31934,5373.938
31935,4749.8633
31936,9414.541
31937,5471.5923
31938,6854.265
31939,4044.5825
31940,5701.852
31941,4194.026
31942,7069.5815
31943,5314.4043
31944,5198.711
31945,5586.2607
31946,4608.5674
31947,6750.707
31948,7777.6934
31949,4586.4204
31950,8413.744
31951,5610.3545
31952,7521.44
31953,4387.918
31954,4227.5566
31955,4239.935
31956,7390.499
31957,5553.809
31958,5924.1777
31959,5528.102
31960,6904.349
31961,4020.2224
31962,6341.4907
31963,5455.8433
31964,3718.1433
31965,8279.968
31966,5660.43
31967,5234.5474
31968,6093.153
31969,7437.716
31970,8516.248
31971,8869.399
31972,5063.522
31973,5992.4385
31974,4868.263
31975,6283.7124
31976,3984.2742
31977,4837.3784
31978,4549.7183
31979,4574.702
31980,6438.3115
31981,4447.851
31982,3793.3635
31983,4743.9224
31984,3287.5146
31985,3951.1116
31986,4715.9316
31987,5057.126
31988,6935.781
31989,7035.349
31990,6058.1504
31991,5423.523
31992,5421.7334
31993,9092.078
31994,6346.1377
31995,4511.6484
31996,4001.5781
31997,7335.0273
31998,4237.9497
31999,5407.3447
32000,2827.9812
32001,4656.245
32002,5951.8174
32003,5384.9805
32004,4367.194
32005,6979.8994
32006,7787.5435
32007,9434.02
32008,4918.6226
32009,7890.754
32010,3198.9194
32011,4345.3237
32012,5220.815
32013,3127.3281
32014,6583.0425
32015,4239.6724
32016,4944.773
32017,7081.162
32018,9850.033
32019,6489.5396
32020,4543.3823
32021,4390.405
32022,6552.072
32023,5949.7627
32024,5392.166
32025,4136.4663
32026,5952.6064
32027,7788.8584
32028,3985.639
32029,5408.9595
32030,6095.1406
32031,6617.2827
32032,10081.884
32033,5391.5283
32034,8086.6973
32035,5558.2134
32036,4895.579
32037,3117.5876
32038,5159.6787
32039,4821.7246
32040,4123.0215
32041,6174.7285
32042,4114.48
32043,3780.561
32044,5328.841
32045,3227.5925
32046,6785.8257
32047,5416.74
32048,6113.662
32049,6679.6694
32050,3871.6929
32051,7450.4604
32052,5824.9385
32053,4475.8345
32054,4714.326
32055,4596.2
32056,9140.238
32057,5430.6772
32058,4240.2383
32059,5991.198
32060,6521.857
32061,5489.78
32062,4965.9487
32063,6896.096
32064,5169.9897
32065,4514.735
32066,4841.9536
32067,7024.44
32068,4860.0645
32069,5074.9136
32070,4364.574
32071,4410.9443
32072,3781.964
32073,4103.333
32074,6804.8296
32075,6718.9033
32076,8877.262
32077,8592.502
32078,6360.1055
32079,4286.8784
32080,4785.2393
32081,8750.869
32082,7926.2817
32083,5528.714
32084,6805.9653
32085,7015.6084
32086,4772.5894
32087,3478.6067
32088,9255.942
32089,5016.0024
32090,5403.8076
32091,5478.559
32092,3081.69
32093,8914.603
32094,4963.557
32095,4278.4873
32096,4489.946
32097,5152.046
32098,5996.16
32099,6178.0864
32100,5366.1777
32101,4114.111
32102,4251.469
32103,3912.0664
32104,2918.5063
32105,5603.5405
32106,4804.389
32107,4802.6387
32108,4584.964
32109,5672.7646
32110,4168.2607
32111,4406.1714
32112,4243.3784
32113,3907.3933
32114,5868.639
32115,5518.7397
32116,3489.4614
32117,6919.1167
32118,4222.088
32119,4319.656
32120,6340.1963
32121,6489.775
32122,8777.493
32123,4368.5605
32124,5719.746
32125,3786.0286
32126,5110.789
32127,4262.653
32128,7236.282
32129,5278.359
32130,4232.064
32131,4279.6997
32132,4863.427
32133,4105.3335
32134,7843.137
32135,4393.5596
32136,4857.8677
32137,5423.0625
32138,4102.832
32139,5467.914
32140,5650.5312
32141,6358.0435
32142,5588.9683
32143,3996.7866
32144,5178.054
32145,5202.516
32146,7905.361
32147,6840.68
32148,5593.9653
32149,3549.2937
32150,6467.418
32151,5014.242
32152,3941.6777
32153,6072.6543
32154,5967.484
32155,5120.2847
32156,5161.416
32157,5444.3022
32158,6085.1724
32159,4539.873
32160,5901.8037
32161,5473.294
32162,4388.6836
32163,7000.7554
32164,4965.546
32165,4040.6028
32166,9095.018
32167,4788.3945
32168,2346.6104
32169,6593.6875
32170,7174.95
32171,8849.052
32172,4634.3027
32173,4886.8545
32174,5318.8926
32175,6327.7446
32176,4926.2666
32177,5818.4194
32178,2346.288
32179,5119.445
32180,5261.268
32181,4616.6147
32182,4226.2466
32183,6237.1
32184,6439.423
32185,4440.7075
32186,6843.467
32187,5189.867
32188,6853.742
32189,3850.4119
32190,5392.624
32191,4947.0845
32192,5892.489
32193,6510.253
32194,3656.6758
32195,5882.4087
32196,6187.9233
32197,5880.058
32198,4251.064
32199,3605.9285
32200,5805.115
32201,5269.344
32202,6749.4067
32203,5594.777
32204,4841.9487
32205,6235.3276
32206,5489.722
32207,4670.453
32208,6306.7036
32209,4349.4956
32210,6532.266
32211,8647.554
32212,6704.9663
32213,4226.351
32214,4508.555
32215,2111.53
32216,3157.9346
32217,6517.852
32218,4495.7744
32219,7441.1504
32220,3748.3892
32221,5613.641
32222,5233.2144
32223,8728.4795
32224,4255.8677
32225,4604.63
32226,4353.763
32227,6707.026
32228,4348.5747
32229,5800.72
32230,6152.752
32231,7984.678
32232,5736.6567
32233,5760.1846
32234,4786.9604
32235,4068.0579
32236,4513.4517
32237,8864.579
32238,7313.148
32239,5541.448
32240,5198.8203
32241,4980.5547
32242,4557.0894
32243,5058.2983
32244,6942.77
32245,7244.321
32246,5579.253
32247,6504.89
32248,6385.4165
32249,6222.275
32250,4559.3154
32251,4551.6587
32252,4475.254
32253,3906.2417
32254,3978.7595
32255,4128.1885
32256,6762.52
32257,4201.987
32258,5327.016
32259,4378.2764
32260,5570.2134
32261,3478.5635
32262,5453.434
32263,3496.9592
32264,7015.9497
32265,5296.889
32266,5141.187
32267,8475.61
32268,8592.338
32269,5436.4043
32270,5584.1934
32271,3289.5852
32272,5260.726
32273,4858.3403
32274,7053.444
32275,4285.5415
32276,3644.4246
32277,5030.881
32278,4570.528
32279,6334.182
32280,5257.2446
32281,3900.8872
32282,6220.0615
32283,6120.4014
32284,5812.5786
32285,3946.0908
32286,3665.3438
32287,6370.9434
32288,3654.28
32289,8192.051
32290,4321.968
32291,4360.197
32292,5406.989
32293,4860.876
32294,4029.3638
32295,4774.6934
32296,5099.4575
32297,8128.029
32298,7795.644
32299,5012.315
32300,3767.992
32301,5031.221
32302,6700.203
32303,4501.6406
32304,4745.493
32305,5611.6387
32306,9713.043
32307,5593.6455
32308,5164.494
32309,5826.1333
32310,4123.9062
32311,7273.8574
32312,4691.9624
32313,10119.9375
32314,5194.6313
32315,4709.863
32316,4497.2544
32317,3728.2266
32318,6439.122
32319,5341.966
32320,3616.3628
32321,4042.3762
32322,7516.083
32323,5993.267
32324,5256.8735
32325,6228.926
32326,4645.2656
32327,4373.1885
32328,4274.9707
32329,7753.85
32330,4794.583
32331,6059.248
32332,5770.732
32333,4658.9907
32334,6255.373
32335,4860.445
32336,3271.3218
32337,7089.846
32338,6733.203
32339,3781.4194
32340,6039.6123
32341,5143.1978
32342,3968.052
32343,7557.6836
32344,5272.6626
32345,6714.1943
32346,3914.0225
32347,4345.3364
32348,5785.2485
32349,1993.8494
32350,6246.0425
32351,3600.7585
32352,5375.394
32353,4256.976
32354,4585.279
32355,5078.4634
32356,5807.43
32357,5448.1675
32358,6345.2783
32359,4439.911
32360,6304.274
32361,5348.6094
32362,6763.778
32363,7427.819
32364,5813.8315
32365,1604.8794
32366,5040.6074
32367,6133.1997
32368,4245.273
32369,9332.533
32370,4857.6914
32371,6773.3457
32372,9176.322
32373,5504.5977
32374,3690.38
32375,8958.0205
32376,8323.669
32377,4785.061
32378,7109.9385
32379,7942.1284
32380,4901.607
32381,4611.1045
32382,5722.0327
32383,4707.8774
32384,5001.8267
32385,5902.947
32386,4107.907
32387,5379.78
32388,5744.4595
32389,5367.785
32390,6093.3677
32391,5223.799
32392,5896.925
32393,3658.6611
32394,6181.635
32395,5676.8403
32396,5047.921
32397,5755.066
32398,5857.795
32399,7795.1606
32400,4930.013
32401,4553.083
32402,4980.878
32403,5996.881
32404,6270.534
32405,4059.9438
32406,4065.7068
32407,6529.1143
32408,5363.205
32409,5032.1523
32410,6261.599
32411,5353.821
32412,5402.2925
32413,3953.7395
32414,3641.3215
32415,5281.748
32416,5286.975
32417,5346.7065
32418,7597.1157
32419,6820.106
32420,4239.543
32421,7063.8857
32422,3342.6733
32423,3428.5994
32424,5261.1226
32425,9526.229
32426,6302.194
32427,5917.322
32428,3986.639
32429,5776.4155
32430,8101.45
32431,4639.4644
32432,6430.008
32433,5204.9927
32434,4476.7056
32435,4427.258
32436,4804.5493
32437,5183.3516
32438,3677.5388
32439,3894.1392
32440,4146.153
32441,6042.194
32442,6206.153
32443,4296.8022
32444,5385.109
32445,5482.4116
32446,4525.1475
32447,4461.8823
32448,6414.6567
32449,6165.6885
32450,5018.012
32451,3593.974
32452,10157.689
32453,5055.573
32454,4216.771
32455,6969.4087
32456,7091.0635
32457,5791.8687
32458,5218.674
32459,6354.9087
32460,7593.5664
32461,9946.307
32462,3927.0483
32463,4043.7568
32464,4223.4175
32465,5519.0713
32466,4772.33
32467,6565.2026
32468,6971.3564
32469,5062.015
32470,3652.656
32471,5226.076
32472,6636.777
32473,4124.363
32474,5472.015
32475,3291.0354
32476,5570.2026
32477,6139.884
32478,5924.692
32479,7432.9927
32480,5240.7573
32481,3178.226
32482,5053.365
32483,5910.378
32484,6803.934
32485,5852.9805
32486,6038.558
32487,4767.698
32488,3930.5037
32489,7826.779
32490,3721.8694
32491,9164.689
32492,5027.921
32493,4007.5525
32494,5543.975
32495,5197.724
32496,5819.502
32497,6200.975
32498,3001.3616
32499,4016.213
32500,5478.888
32501,7011.1196
32502,8132.5107
32503,4423.5596
32504,5331.2046
32505,5913.1914
32506,5430.874
32507,4308.076
32508,8247.29
32509,6586.327
32510,9298.167
32511,4087.5576
32512,4810.456
32513,7584.229
32514,6336.907
32515,4488.828
32516,7977.2563
32517,5794.947
32518,4470.262
32519,4116.8867
32520,3907.7026
32521,4537.2495
32522,4785.8784
32523,4155.854
32524,4411.8154
32525,8370.633
32526,5714.7236
32527,4272.5
32528,4869.5957
32529,4560.403
32530,6806.4717
32531,8863.336
32532,5709.6675
32533,6701.092
32534,5522.494
32535,7298.744
32536,7514.026
32537,4917.398
32538,5540.9775
32539,6435.96
32540,7735.863
32541,6497.0273
32542,7748.8525
32543,5470.079
32544,4606.8706
32545,5541.062
32546,9461.467
32547,10401.165
32548,9654.311
32549,7879.6157
32550,5168.338
32551,5491.4453
32552,4451.6113
32553,8222.722
32554,10205.243
32555,9119.313
32556,5779.369
32557,5220.4062
32558,4775.627
32559,5530.122
32560,10485.67
32561,6747.5977
32562,5257.255
32563,5349.936
32564,6767.327
32565,4136.585
32566,7249.56
32567,4177.2607
32568,6369.0903
32569,6939.943
32570,5603.1294
32571,6681.7466
32572,6676.7646
32573,4886.789
32574,6644.878
32575,6354.06
32576,10047.47
32577,5824.5
32578,7905.8354
32579,6678.204
32580,8585.579
32581,6778.859
32582,9358.936
32583,4970.351
32584,4958.404
32585,6409.764
32586,5960.907
32587,9265.429
32588,7648.315
32589,5502.4663
32590,7221.3755
32591,6670.463
32592,8921.553
32593,4030.0288
32594,12326.221
32595,4905.4
32596,6353.9087
32597,8215.736
32598,5422.871
32599,5842.678
32600,5691.392
32601,7526.0615
32602,4991.527
32603,5022.202
32604,7701.541
32605,6905.5415
32606,7101.162
32607,5020.8755
32608,7059.232
32609,10832.099
32610,6342.4946
32611,5031.567
32612,6365.1484
32613,5970.302
32614,6912.4277
32615,6625.638
32616,4117.9785
32617,8167.164
32618,6212.028
32619,7002.2915
32620,6490.66
32621,4786.737
32622,6197.6934
32623,5153.9775
32624,7433.404
32625,8832.635
32626,5059.925
32627,5193.3286
32628,6182.8555
32629,5708.747
32630,5580.802
32631,7981.602
32632,6411.4087
32633,7185.8257
32634,5522.847
32635,5005.0435
32636,6388.103
32637,7084.722
32638,7926.1157
32639,8099.6963
32640,8346.66
32641,5543.954
32642,8277.347
32643,5739.3438
32644,7172.8086
32645,8925.766
32646,6585.881
32647,9753.1455
32648,6956.783
32649,8046.911
32650,5608.6045
32651,7098.812
32652,7317.0415
32653,6372.779
32654,3612.701
32655,5680.908
32656,7732.0933
32657,6927.6484
32658,4859.5312
32659,8945.12
32660,6582.345
32661,5558.8335
32662,5573.1895
32663,5690.3066
32664,7321.4395
32665,6919.1494
32666,6750.3403
32667,5202.888
32668,5267.349
32669,6631.575
32670,4002.7808
32671,6359.0015
32672,4853.532
32673,8366.53
32674,7094.852
32675,6439.6934
32676,8633.033
32677,5472.9287
32678,4893.0674
32679,10338.145
32680,6547.9297
32681,8145.2886
32682,7100.349
32683,4857.5293
32684,6114.7764
32685,5981.885
32686,7203.0703
32687,11500.263
32688,5620.29
32689,1793.5419
32690,4872.639
32691,7864.8086
32692,8611.503
32693,5782.54
32694,7172.1997
32695,4923.7812
32696,5238.1987
32697,3636.288
32698,5174.2573
32699,5906.0215
32700,6631.4233
32701,7267.893
32702,6192.5586
32703,7441.4907
32704,8171.1143
32705,7372.862
32706,4570.8853
32707,9129.156
32708,11387.385
32709,5977.9546
32710,7467.4854
32711,5103.4624
32712,6440.4243
32713,4383.4624
32714,6872.628
32715,5214.499
32716,8477.736
32717,6801.2544
32718,8449.257
32719,7949.7373
32720,5415.1387
32721,8314.671
32722,5900.194
32723,10618.272
32724,6424.5703
32725,2186.239
32726,5882.9644
32727,9562.933
32728,5341.5273
32729,9555.274
32730,3522.5286
32731,3933.3506
32732,5425.981
32733,8115.727
32734,4893.0815
32735,9962.998
32736,6451.7188
32737,7405.7124
32738,3598.3516
32739,7287.204
32740,6262.25
32741,7273.6494
32742,9265.782
32743,5985.692
32744,5589.0854
32745,6952.206
32746,5448.3545
32747,4999.847
32748,7795.317
32749,5259.221
32750,6350.1157
32751,7457.492
32752,5932.8633
32753,5200.343
32754,7041.1426
32755,7222.1816
32756,8035.499
32757,6257.2944
32758,6563.512
32759,5537.0576
32760,3904.7253
32761,5861.998
32762,7028.347
32763,5411.0186
32764,4810.286
32765,9466.3955
32766,6810.888
32767,8167.5767
32768,6772.2925
32769,5544.3403
32770,5434.6826
32771,4856.371
32772,10385.284
32773,5033.78
32774,7531.605
32775,5312.1694
32776,7023.234
32777,6006.2407
32778,4795.237
32779,4726.1226
32780,6665.5786
32781,4227.2627
32782,6211.838
32783,9422.258
32784,5442.433
32785,11325.235
32786,12268.984
32787,5068.354
32788,6883.2095
32789,5440.8965
32790,6641.2095
32791,5574.4917
32792,11134.484
32793,6708.4204
32794,8533.664
32795,4843.0713
32796,6546.306
32797,4601.065
32798,8344.534
32799,6468.084
32800,6115.9136
32801,6240.8257
32802,5200.7446
32803,8315.186
32804,9135.802
32805,5341.2627
32806,10874.436
32807,6563.506
32808,9510.74
32809,4684.2974
32810,5080.111
32811,5356.007
32812,9679.989
32813,6453.738
32814,7258.52
32815,6888.8843
32816,9076.551
32817,4502.7744
32818,6934.8677
32819,6250.238
32820,4176.213
32821,10354.812
32822,6489.645
32823,7138.4985
32824,8088.001
32825,9190.739
32826,10599.705
32827,10149.525
32828,6051.382
32829,7741.2437
32830,5856.1416
32831,7613.7275
32832,4457.8027
32833,5701.439
32834,5359.1035
32835,5396.0093
32836,7432.4185
32837,5002.7095
32838,4863.7144
32839,5957.361
32840,3906.8455
32841,4734.9624
32842,5306.229
32843,6434.37
32844,9030.38
32845,8167.6313
32846,7244.597
32847,6170.001
32848,6197.179
32849,10762.525
32850,7734.7783
32851,5278.0264
32852,4827.6846
32853,8613.376
32854,4650.71
32855,6616.696
32856,3793.6675
32857,5174.1387
32858,7781.121
32859,6197.2026
32860,5155.7524
32861,8138.5635
32862,9470.875
32863,10863.344
32864,5529.2197
32865,9017.255
32866,3602.9336
32867,5186.9917
32868,5771.883
32869,4122.337
32870,7572.0493
32871,5207.5503
32872,5476.537
32873,8702.967
32874,11522.869
32875,8010.1553
32876,5362.76
32877,5245.2935
32878,7430.342
32879,6742.644
32880,6231.915
32881,4733.0205
32882,6957.2876
32883,9156.8955
32884,4704.7754
32885,6636.0107
32886,7477.663
32887,8005.1294
32888,11648.005
32889,6258.8403
32890,9901.556
32891,6575.0728
32892,5728.0884
32893,3694.3706
32894,6209.4746
32895,5829.374
32896,5180.8555
32897,6965.4146
32898,4825.5117
32899,4659.489
32900,6381.2637
32901,3906.2156
32902,7717.299
32903,6590.0786
32904,7259.344
32905,8209.056
32906,4906.8604
32907,8576.994
32908,6805.2646
32909,5178.543
32910,5147.4233
32911,5444.619
32912,10432.122
32913,6560.1074
32914,4929.924
32915,7549.7227
32916,8063.13
32917,6885.3105
32918,6155.0
32919,8328.791
32920,5695.3403
32921,5169.3833
32922,6003.944
32923,8160.2495
32924,6046.7197
32925,6239.9624
32926,5618.73
32927,5194.324
32928,4184.503
32929,4756.0835
32930,7968.093
32931,7573.581
32932,10449.589
32933,10569.229
32934,7683.6455
32935,4799.4287
32936,5190.0205
32937,10297.688
32938,9985.563
32939,7235.7026
32940,8269.234
32941,7963.162
32942,5586.8467
32943,4244.6533
32944,10871.449
32945,6176.7666
32946,6847.5737
32947,6167.818
32948,3342.0579
32949,11081.491
32950,5722.5293
32951,5064.6616
32952,4975.6924
32953,5920.2744
32954,6565.453
32955,8544.285
32956,6177.0786
32957,4791.5605
32958,4911.0557
32959,4743.624
32960,3392.434
32961,6700.6123
32962,5074.5796
32963,5522.563
32964,5457.701
32965,6766.0815
32966,4816.5073
32967,5502.1987
32968,4772.2026
32969,4723.1616
32970,7276.425
32971,6658.9
32972,4291.2397
32973,8811.456
32974,5957.8096
32975,5059.833
32976,7618.755
32977,8060.5845
32978,10479.341
32979,5553.629
32980,7031.217
32981,4429.3486
32982,5825.9556
32983,5416.456
32984,8882.707
32985,6009.6616
32986,5089.889
32987,4873.3228
32988,5597.1094
32989,4636.3677
32990,9038.108
32991,4950.0444
32992,5838.205
32993,6475.93
32994,4682.1934
32995,6177.6797
32996,6529.9424
32997,7753.961
32998,6629.7095
32999,4616.306
33000,5865.4546
33001,6484.7256
33002,9587.756
33003,8063.376
33004,6701.3667
33005,4848.558
33006,7428.23
33007,5753.6553
33008,4617.2354
33009,6844.583
33010,7492.999
33011,6232.622
33012,5929.141
33013,6546.4683
33014,7294.6035
33015,5408.18
33016,6556.16
33017,6476.381
33018,6241.3853
33019,8596.256
33020,5526.7153
33021,4728.17
33022,10910.734
33023,6050.689
33024,3151.395
33025,7445.502
33026,8306.324
33027,10324.704
33028,4990.5605
33029,5743.769
33030,6206.3774
33031,7407.09
33032,5821.9395
33033,8040.007
33034,3312.1375
33035,6151.103
33036,6270.989
33037,5529.5205
33038,5119.572
33039,6987.147
33040,8536.009
33041,4887.885
33042,8147.1997
33043,6706.763
33044,9146.665
33045,4274.359
33046,6421.3354
33047,5856.337
33048,6977.397
33049,8232.5625
33050,4241.893
33051,6740.58
33052,7696.731
33053,7001.4897
33054,4897.7744
33055,3957.9697
33056,7599.9062
33057,6450.7837
33058,8127.3154
33059,6968.3916
33060,5728.7114
33061,7721.8047
33062,7031.304
33063,6708.478
33064,7393.0864
33065,5763.5425
33066,7725.459
33067,10531.6045
33068,7641.213
33069,4779.391
33070,5542.8228
33071,3827.2683
33072,3566.1885
33073,8237.699
33074,5558.139
33075,8457.19
33076,4629.3057
33077,6558.1616
33078,6349.3467
33079,10506.322
33080,4853.4165
33081,5479.2173
33082,5747.057
33083,7850.5015
33084,5170.6406
33085,6826.6597
33086,6857.2925
33087,9544.189
33088,6609.4985
33089,6686.6875
33090,5506.688
33091,4657.729
33092,5034.049
33093,11008.898
33094,9055.331
33095,6202.9863
33096,5546.477
33097,6129.4507
33098,5246.019
33099,6241.8555
33100,8212.384
33101,9498.584
33102,6627.408
33103,7859.957
33104,8192.191
33105,7200.2744
33106,5781.5967
33107,5551.548
33108,5710.441
33109,4762.139
33110,4699.1914
33111,5679.2017
33112,8312.87
33113,5377.24
33114,6322.514
33115,5126.1294
33116,6928.1045
33117,4030.3901
33118,6222.5776
33119,4011.8403
33120,8079.6045
33121,6113.2427
33122,6394.571
33123,10503.656
33124,9314.552
33125,6659.821
33126,6737.957
33127,3733.216
33128,5846.4917
33129,5755.5054
33130,8278.058
33131,4957.652
33132,4483.492
33133,5884.255
33134,5446.2188
33135,7667.525
33136,6571.4053
33137,4090.2334
33138,7061.9727
33139,7714.6055
33140,7335.874
33141,5101.6714
33142,4318.366
33143,7714.4067
33144,4417.9893
33145,9753.359
33146,5064.237
33147,5093.216
33148,6327.1475
33149,6007.5815
33150,4790.697
33151,6028.355
33152,6638.6
33153,9529.891
33154,9746.878
33155,5833.6235
33156,4259.4946
33157,5913.428
33158,8934.129
33159,5244.913
33160,6220.7144
33161,6148.991
33162,11145.917
33163,7510.5576
33164,5858.89
33165,6765.036
33166,4694.841
33167,9051.739
33168,5776.917
33169,11734.522
33170,6051.3125
33171,5548.0645
33172,5516.177
33173,4196.047
33174,7603.4805
33175,6007.57
33176,4481.5938
33177,4267.421
33178,9460.42
33179,6771.6597
33180,6220.133
33181,7606.6724
33182,6382.6455
33183,5390.371
33184,4759.3604
33185,9094.792
33186,5663.087
33187,6901.2812
33188,6889.686
33189,5200.8735
33190,7230.942
33191,5397.43
33192,3610.9749
33193,8461.806
33194,7532.1367
33195,4346.7705
33196,7297.6514
33197,6547.4053
33198,4400.82
33199,9558.21
33200,5997.619
33201,8052.2856
33202,4701.6616
33203,5127.65
33204,6332.1763
33205,2907.3489
33206,7414.229
33207,4615.7734
33208,6209.504
33209,4981.6333
33210,5672.9917
33211,5466.24
33212,6475.059
33213,6751.6406
33214,7428.726
33215,5731.9253
33216,7670.2456
33217,5982.1987
33218,8594.625
33219,9218.227
33220,6636.1562
33221,1858.6771
33222,5855.566
33223,7702.1357
33224,5037.685
33225,10592.115
33226,5805.7686
33227,8554.437
33228,10748.338
33229,5814.819
33230,4461.142
33231,10506.803
33232,10081.499
33233,5435.165
33234,8479.475
33235,9066.194
33236,5914.461
33237,5177.308
33238,6793.1953
33239,5596.324
33240,5776.614
33241,6728.292
33242,4983.739
33243,5914.5903
33244,6849.272
33245,6756.8657
33246,8042.346
33247,5852.065
33248,6998.5254
33249,4128.98
33250,7053.329
33251,6589.884
33252,5872.3516
33253,6719.826
33254,6863.365
33255,9321.297
33256,5853.4663
33257,5082.4614
33258,5877.7085
33259,6851.18
33260,7324.8203
33261,4725.3877
33262,4573.5503
33263,7435.2827
33264,6113.429
33265,6071.612
33266,7368.7773
33267,6152.189
33268,6925.9634
33269,4790.642
33270,4146.366
33271,6497.3003
33272,6263.803
33273,6631.3223
33274,9554.208
33275,8320.97
33276,4857.126
33277,8556.289
33278,3804.7031
33279,3570.188
33280,6423.1426
33281,10825.664
33282,7162.1367
33283,7291.181
33284,5296.7676
33285,7254.305
33286,10322.823
33287,5850.296
33288,7642.9697
33289,5988.9355
33290,4995.5854
33291,5454.5317
33292,5503.38
33293,6223.8477
33294,4887.4233
33295,5247.5654
33296,4723.9727
33297,6876.975
33298,7865.289
33299,5093.376
33300,6144.4946
33301,6663.881
33302,5492.5923
33303,5041.723
33304,8144.8223
33305,7447.7607
33306,5835.783
33307,4517.9316
33308,11621.762
33309,5840.6167
33310,5623.9204
33311,9760.879
33312,8602.375
33313,7605.352
33314,6022.8486
33315,7107.9927
33316,9187.707
33317,12496.344
33318,5087.467
33319,5008.611
33320,4885.2607
33321,6765.952
33322,5662.655
33323,7442.655
33324,9095.599
33325,5773.3086
33326,4412.211
33327,6311.1445
33328,7387.088
33329,4886.1226
33330,7036.6514
33331,3760.8674
33332,7125.234
33333,7268.94
33334,7325.8823
33335,9116.809
33336,6430.3823
33337,4128.3657
33338,6066.228
33339,6971.689
33340,8073.5728
33341,7180.571
33342,7381.9395
33343,5836.7295
33344,4794.9805
33345,9251.653
33346,4207.9756
33347,10709.565
33348,5845.7554
33349,4631.536
33350,6875.8145
33351,5919.958
33352,6900.162
33353,7200.247
33354,3962.726
33355,4640.1016
33356,6954.5806
33357,8733.676
33358,9778.07
33359,4929.8345
33360,5882.274
33361,7938.016
33362,6131.445
33363,5363.998
33364,9854.036
33365,8603.991
33366,10356.392
33367,4547.319
33368,5776.2007
33369,8257.648
33370,7713.9355
33371,5755.0713
33372,10440.364
33373,6885.6914
33374,5071.618
33375,5127.337
33376,4928.2827
33377,5101.1313
33378,6341.364
33379,5173.6304
33380,5743.172
33381,11031.065
33382,6271.7847
33383,4684.405
33384,6116.7656
33385,0.0
33386,0.0
33387,0.0
33388,0.0
33389,0.0
33390,0.0
33391,0.0
33392,0.0
33393,0.0
33394,0.0
33395,0.0
33396,0.0
33397,0.0
33398,0.0
33399,0.0
33400,0.0
33401,0.0
33402,0.0
33403,0.0
33404,0.0
33405,0.0
33406,0.0
33407,0.0
33408,0.0
33409,0.0
33410,0.0
33411,0.0
33412,0.0
33413,0.0
33414,0.0
33415,0.0
33416,0.0
33417,0.0
33418,0.0
33419,0.0
33420,0.0
33421,0.0
33422,0.0
33423,0.0
33424,0.0
33425,0.0
33426,0.0
33427,0.0
33428,0.0
33429,0.0
33430,0.0
33431,0.0
33432,0.0
33433,0.0
33434,0.0
33435,0.0
33436,0.0
33437,0.0
33438,0.0
33439,0.0
33440,0.0
33441,0.0
33442,0.0
33443,0.0
33444,0.0
33445,0.0
33446,0.0
33447,0.0
33448,0.0
33449,0.0
33450,0.0
33451,0.0
33452,0.0
33453,0.0
33454,0.0
33455,0.0
33456,0.0
33457,0.0
33458,0.0
33459,0.0
33460,0.0
33461,0.0
33462,0.0
33463,0.0
33464,0.0
33465,0.0
33466,0.0
33467,0.0
33468,0.0
33469,0.0
33470,0.0
33471,0.0
33472,0.0
33473,0.0
33474,0.0
33475,0.0
33476,3452.4963
33477,0.0
33478,0.0
33479,0.0
33480,0.0
33481,0.0
33482,0.0
33483,0.0
33484,0.0
33485,0.0
33486,0.0
33487,0.0
33488,0.0
33489,0.0
33490,0.0
33491,0.0
33492,0.0
33493,0.0
33494,0.0
33495,0.0
33496,0.0
33497,0.0
33498,0.0
33499,0.0
33500,0.0
33501,0.0
33502,0.0
33503,0.0
33504,0.0
33505,0.0
33506,0.0
33507,0.0
33508,0.0
33509,0.0
33510,0.0
33511,0.0
33512,0.0
33513,0.0
33514,0.0
33515,0.0
33516,0.0
33517,0.0
33518,0.0
33519,0.0
33520,0.0
33521,0.0
33522,0.0
33523,0.0
33524,0.0
33525,0.0
33526,0.0
33527,0.0
33528,0.0
33529,0.0
33530,0.0
33531,0.0
33532,0.0
33533,0.0
33534,0.0
33535,0.0
33536,0.0
33537,0.0
33538,0.0
33539,0.0
33540,0.0
33541,0.0
33542,0.0
33543,0.0
33544,2834.1985
33545,0.0
33546,0.0
33547,0.0
33548,0.0
33549,0.0
33550,0.0
33551,0.0
33552,0.0
33553,0.0
33554,0.0
33555,0.0
33556,0.0
33557,0.0
33558,0.0
33559,0.0
33560,0.0
33561,0.0
33562,0.0
33563,0.0
33564,0.0
33565,0.0
33566,0.0
33567,0.0
33568,0.0
33569,0.0
33570,0.0
33571,0.0
33572,0.0
33573,0.0
33574,0.0
33575,0.0
33576,0.0
33577,0.0
33578,0.0
33579,0.0
33580,0.0
33581,0.0
33582,0.0
33583,0.0
33584,0.0
33585,11035.2
33586,4342.171
33587,0.0
33588,0.0
33589,0.0
33590,0.0
33591,0.0
33592,0.0
33593,0.0
33594,5180.134
33595,0.0
33596,0.0
33597,0.0
33598,0.0
33599,0.0
33600,0.0
33601,0.0
33602,0.0
33603,0.0
33604,0.0
33605,0.0
33606,0.0
33607,0.0
33608,0.0
33609,0.0
33610,0.0
33611,0.0
33612,0.0
33613,3694.0251
33614,0.0
33615,0.0
33616,0.0
33617,0.0
33618,0.0
33619,0.0
33620,0.0
33621,0.0
33622,0.0
33623,3209.5386
33624,0.0
33625,0.0
33626,0.0
33627,0.0
33628,0.0
33629,0.0
33630,0.0
33631,0.0
33632,0.0
33633,0.0
33634,0.0
33635,0.0
33636,0.0
33637,0.0
33638,0.0
33639,0.0
33640,0.0
33641,8656.4
33642,0.0
33643,0.0
33644,0.0
33645,0.0
33646,0.0
33647,0.0
33648,0.0
33649,0.0
33650,0.0
33651,0.0
33652,0.0
33653,0.0
33654,0.0
33655,0.0
33656,0.0
33657,0.0
33658,6358.698
33659,0.0
33660,0.0
33661,0.0
33662,0.0
33663,0.0
33664,0.0
33665,0.0
33666,0.0
33667,0.0
33668,0.0
33669,0.0
33670,0.0
33671,0.0
33672,0.0
33673,0.0
33674,0.0
33675,0.0
33676,0.0
33677,0.0
33678,0.0
33679,0.0
33680,0.0
33681,0.0
33682,0.0
33683,0.0
33684,0.0
33685,0.0
33686,0.0
33687,0.0
33688,0.0
33689,0.0
33690,0.0
33691,0.0
33692,0.0
33693,0.0
33694,0.0
33695,0.0
33696,0.0
33697,0.0
33698,0.0
33699,0.0
33700,0.0
33701,0.0
33702,0.0
33703,0.0
33704,0.0
33705,0.0
33706,0.0
33707,0.0
33708,0.0
33709,0.0
33710,0.0
33711,0.0
33712,0.0
33713,0.0
33714,0.0
33715,0.0
33716,0.0
33717,0.0
33718,0.0
33719,0.0
33720,2477.1453
33721,0.0
33722,0.0
33723,0.0
33724,0.0
33725,0.0
33726,0.0
33727,0.0
33728,0.0
33729,0.0
33730,0.0
33731,0.0
33732,0.0
33733,0.0
33734,4388.851
33735,0.0
33736,0.0
33737,0.0
33738,0.0
33739,0.0
33740,0.0
33741,0.0
33742,0.0
33743,0.0
33744,0.0
33745,0.0
33746,0.0
33747,0.0
33748,0.0
33749,0.0
33750,0.0
33751,0.0
33752,0.0
33753,0.0
33754,0.0
33755,0.0
33756,0.0
33757,0.0
33758,0.0
33759,0.0
33760,0.0
33761,0.0
33762,0.0
33763,0.0
33764,0.0
33765,0.0
33766,0.0
33767,0.0
33768,0.0
33769,0.0
33770,0.0
33771,0.0
33772,0.0
33773,0.0
33774,0.0
33775,0.0
33776,0.0
33777,5832.661
33778,0.0
33779,0.0
33780,0.0
33781,0.0
33782,0.0
33783,0.0
33784,0.0
33785,0.0
33786,0.0
33787,2769.8872
33788,0.0
33789,0.0
33790,0.0
33791,3856.3042
33792,0.0
33793,0.0
33794,0.0
33795,0.0
33796,0.0
33797,0.0
33798,0.0
33799,0.0
33800,0.0
33801,0.0
33802,0.0
33803,0.0
33804,0.0
33805,0.0
33806,0.0
33807,0.0
33808,0.0
33809,0.0
33810,0.0
33811,0.0
33812,0.0
33813,0.0
33814,0.0
33815,0.0
33816,0.0
33817,0.0
33818,4428.2207
33819,0.0
33820,0.0
33821,0.0
33822,0.0
33823,0.0
33824,0.0
33825,0.0
33826,0.0
33827,0.0
33828,0.0
33829,0.0
33830,0.0
33831,0.0
33832,4746.91
33833,0.0
33834,0.0
33835,0.0
33836,0.0
33837,0.0
33838,0.0
33839,0.0
33840,0.0
33841,0.0
33842,0.0
33843,0.0
33844,0.0
33845,0.0
33846,0.0
33847,0.0
33848,0.0
33849,0.0
33850,0.0
33851,0.0
33852,0.0
33853,0.0
33854,0.0
33855,0.0
33856,0.0
33857,0.0
33858,0.0
33859,0.0
33860,0.0
33861,0.0
33862,0.0
33863,0.0
33864,0.0
33865,0.0
33866,0.0
33867,0.0
33868,0.0
33869,0.0
33870,0.0
33871,0.0
33872,0.0
33873,0.0
33874,0.0
33875,0.0
33876,0.0
33877,0.0
33878,0.0
33879,0.0
33880,0.0
33881,0.0
33882,0.0
33883,0.0
33884,0.0
33885,0.0
33886,0.0
33887,0.0
33888,0.0
33889,0.0
33890,0.0
33891,0.0
33892,0.0
33893,0.0
33894,0.0
33895,0.0
33896,0.0
33897,0.0
33898,0.0
33899,0.0
33900,0.0
33901,0.0
33902,0.0
33903,0.0
33904,0.0
33905,0.0
33906,0.0
33907,9271.511
33908,0.0
33909,0.0
33910,0.0
33911,0.0
33912,0.0
33913,0.0
33914,0.0
33915,0.0
33916,0.0
33917,0.0
33918,0.0
33919,0.0
33920,0.0
33921,0.0
33922,0.0
33923,0.0
33924,0.0
33925,0.0
33926,0.0
33927,0.0
33928,0.0
33929,0.0
33930,0.0
33931,0.0
33932,0.0
33933,0.0
33934,0.0
33935,0.0
33936,0.0
33937,0.0
33938,0.0
33939,0.0
33940,0.0
33941,0.0
33942,0.0
33943,0.0
33944,0.0
33945,0.0
33946,0.0
33947,0.0
33948,0.0
33949,0.0
33950,0.0
33951,3274.7563
33952,6037.591
33953,0.0
33954,0.0
33955,0.0
33956,0.0
33957,0.0
33958,0.0
33959,0.0
33960,0.0
33961,0.0
33962,0.0
33963,0.0
33964,0.0
33965,0.0
33966,0.0
33967,0.0
33968,0.0
33969,0.0
33970,0.0
33971,0.0
33972,0.0
33973,0.0
33974,0.0
33975,0.0
33976,0.0
33977,0.0
33978,0.0
33979,0.0
33980,9799.946
33981,0.0
33982,0.0
33983,0.0
33984,0.0
33985,0.0
33986,0.0
33987,0.0
33988,0.0
33989,0.0
33990,0.0
33991,0.0
33992,0.0
33993,0.0
33994,0.0
33995,0.0
33996,0.0
33997,0.0
33998,0.0
33999,0.0
34000,0.0
34001,0.0
34002,0.0
34003,0.0
34004,0.0
34005,0.0
34006,0.0
34007,0.0
34008,0.0
34009,0.0
34010,0.0
34011,0.0
34012,0.0
34013,0.0
34014,0.0
34015,0.0
34016,0.0
34017,0.0
34018,0.0
34019,0.0
34020,0.0
34021,0.0
34022,0.0
34023,0.0
34024,0.0
34025,0.0
34026,0.0
34027,0.0
34028,0.0
34029,0.0
34030,0.0
34031,0.0
34032,0.0
34033,0.0
34034,0.0
34035,0.0
34036,0.0
34037,0.0
34038,0.0
34039,0.0
34040,0.0
34041,0.0
34042,0.0
34043,0.0
34044,0.0
34045,0.0
34046,0.0
34047,0.0
34048,0.0
34049,0.0
34050,2991.9219
34051,0.0
34052,0.0
34053,0.0
34054,2700.5059
34055,0.0
34056,0.0
34057,0.0
34058,0.0
34059,0.0
34060,0.0
34061,0.0
34062,0.0
34063,0.0
34064,0.0
34065,0.0
34066,0.0
34067,0.0
34068,0.0
34069,0.0
34070,0.0
34071,0.0
34072,0.0
34073,0.0
34074,0.0
34075,0.0
34076,0.0
34077,0.0
34078,0.0
34079,0.0
34080,0.0
34081,0.0
34082,0.0
34083,0.0
34084,0.0
34085,0.0
34086,0.0
34087,0.0
34088,0.0
34089,0.0
34090,0.0
34091,0.0
34092,0.0
34093,0.0
34094,0.0
34095,0.0
34096,0.0
34097,0.0
34098,0.0
34099,0.0
34100,0.0
34101,0.0
34102,0.0
34103,0.0
34104,0.0
34105,2062.361
34106,0.0
34107,0.0
34108,0.0
34109,0.0
34110,0.0
34111,0.0
34112,0.0
34113,0.0
34114,0.0
34115,0.0
34116,0.0
34117,0.0
34118,0.0
34119,0.0
34120,8083.0806
34121,0.0
34122,0.0
34123,0.0
34124,0.0
34125,0.0
34126,0.0
34127,0.0
34128,0.0
34129,0.0
34130,0.0
34131,0.0
34132,0.0
34133,0.0
34134,0.0
34135,0.0
34136,0.0
34137,0.0
34138,0.0
34139,0.0
34140,0.0
34141,0.0
34142,0.0
34143,0.0
34144,0.0
34145,0.0
34146,0.0
34147,0.0
34148,0.0
34149,0.0
34150,0.0
34151,0.0
34152,0.0
34153,0.0
34154,0.0
34155,0.0
34156,0.0
34157,0.0
34158,0.0
34159,0.0
34160,0.0
34161,0.0
34162,0.0
34163,0.0
34164,0.0
34165,0.0
34166,0.0
34167,0.0
34168,0.0
34169,0.0
34170,0.0
34171,0.0
34172,0.0
34173,0.0
34174,0.0
34175,0.0
34176,0.0
34177,0.0
34178,0.0
34179,0.0
34180,0.0
34181,0.0
34182,0.0
34183,0.0
34184,3766.1953
34185,0.0
34186,0.0
34187,0.0
34188,0.0
34189,0.0
34190,0.0
34191,0.0
34192,0.0
34193,0.0
34194,0.0
34195,0.0
34196,0.0
34197,0.0
34198,0.0
34199,0.0
34200,0.0
34201,0.0
34202,0.0
34203,0.0
34204,0.0
34205,0.0
34206,0.0
34207,0.0
34208,0.0
34209,0.0
34210,0.0
34211,0.0
34212,0.0
34213,0.0
34214,0.0
34215,0.0
34216,0.0
34217,0.0
34218,0.0
34219,0.0
34220,0.0
34221,0.0
34222,0.0
34223,0.0
34224,0.0
34225,10114.91
34226,4681.778
34227,0.0
34228,0.0
34229,0.0
34230,0.0
34231,0.0
34232,0.0
34233,0.0
34234,0.0
34235,0.0
34236,0.0
34237,0.0
34238,0.0
34239,0.0
34240,0.0
34241,4309.1035
34242,4527.859
34243,5979.557
34244,3352.154
34245,5682.16
34246,4540.5703
34247,6099.235
34248,6226.259
34249,0.0
34250,3701.0266
34251,5511.633
34252,5292.026
34253,4341.512
34254,5701.3735
34255,5058.4336
34256,3582.022
34257,4679.4565
34258,7063.4277
34259,8434.908
34260,7021.392
34261,6545.157
34262,4640.797
34263,5400.824
34264,0.0
34265,7606.9336
34266,7106.4604
34267,8693.442
34268,5658.3896
34269,3315.017
34270,5368.2207
34271,5308.2744
34272,7766.6626
34273,4716.0894
34274,5615.3174
34275,4827.906
34276,5542.775
34277,3136.2644
34278,6877.9463
34279,4022.8616
34280,6652.64
34281,6747.9067
34282,3790.5854
34283,7306.5244
34284,5709.346
34285,4721.0493
34286,4176.2803
34287,6582.929
34288,9126.684
34289,5677.8257
34290,5429.724
34291,7364.007
34292,7156.7285
34293,5735.283
34294,6734.2627
34295,3056.1577
34296,3014.1562
34297,4998.9937
34298,5581.462
34299,7605.1055
34300,7191.935
34301,4127.484
34302,7446.106
34303,7467.8843
34304,6103.291
34305,3281.336
34306,10237.209
34307,3802.631
34308,4691.81
34309,7231.301
34310,4712.047
34311,5326.442
34312,3667.9705
34313,5429.315
34314,4795.5522
34315,5069.867
34316,7760.413
34317,6276.0693
34318,5655.0605
34319,3292.1594
34320,6746.8643
34321,10951.76
34322,5146.0737
34323,3369.7434
34324,6420.8394
34325,5664.481
34326,7033.323
34327,8256.121
34328,2752.081
34329,6885.6064
34330,4624.0493
34331,5808.732
34332,5639.773
34333,3188.0342
34334,4968.455
34335,5092.0063
34336,6968.877
34337,7333.4326
34338,4082.7334
34339,4867.989
34340,6200.567
34341,5866.2886
34342,4744.072
34343,6609.2656
34344,4543.114
34345,5856.387
34346,4383.688
34347,3511.0552
34348,5348.8594
34349,5984.641
34350,0.0
34351,6982.976
34352,7358.769
34353,4399.355
34354,7010.1235
34355,3558.0706
34356,4315.722
34357,7282.1875
34358,6815.697
34359,7003.507
34360,8284.581
34361,6464.396
34362,4871.4077
34363,6382.7554
34364,6828.7764
34365,4230.788
34366,2951.6533
34367,5510.8916
34368,4898.293
34369,6312.5054
34370,4086.8987
34371,5881.8643
34372,6540.6826
34373,5792.4326
34374,5427.1196
34375,3202.2932
34376,5860.4497
34377,6766.914
34378,3884.845
34379,5080.2607
34380,3317.3708
34381,5285.3516
34382,3750.4133
34383,4622.1753
34384,4313.7344
34385,6993.741
34386,5903.6562
34387,7036.732
34388,10118.017
34389,4281.4146
34390,4518.8496
34391,9825.215
34392,5494.1484
34393,7017.2812
34394,6302.1094
34395,5114.588
34396,5731.3623
34397,4612.4946
34398,4923.95
34399,8176.5483
34400,4450.1553
34401,1642.2783
34402,3562.4277
34403,6845.3926
34404,8600.996
34405,0.0
34406,6084.824
34407,4104.554
34408,3030.4812
34409,2275.997
34410,3692.8308
34411,5369.0654
34412,6356.0117
34413,5510.592
34414,4488.2417
34415,7392.9595
34416,7172.2407
34417,6577.256
34418,4863.7188
34419,7521.397
34420,9097.195
34421,4083.8162
34422,5786.3857
34423,5132.6904
34424,6018.7715
34425,2507.3923
34426,5391.2866
34427,4652.383
34428,7461.206
34429,5666.7183
34430,7083.297
34431,6612.04
34432,4414.177
34433,7166.6743
34434,6317.071
34435,8327.79
34436,4193.294
34437,2507.7847
34438,5866.1934
34439,8260.895
34440,4650.9585
34441,7889.3843
34442,4004.5413
34443,4667.4736
34444,3122.0938
34445,9770.743
34446,3508.6777
34447,6730.442
34448,3803.4548
34449,5592.3384
34450,2891.6265
34451,6842.377
34452,5323.1406
34453,5173.147
34454,8353.581
34455,5834.436
34456,5543.1875
34457,6726.309
34458,5682.3877
34459,5635.8687
34460,8199.415
34461,4774.702
34462,5985.612
34463,4730.958
34464,3630.7146
34465,4965.4844
34466,4765.8794
34467,5138.1523
34468,7513.094
34469,5893.832
34470,6813.838
34471,4437.303
34472,3717.2283
34473,4503.891
34474,5093.8765
34475,5476.2915
34476,3283.5374
34477,7326.972
34478,5394.99
34479,6437.5254
34480,5315.814
34481,4234.7046
34482,3674.1025
34483,3134.2903
34484,8270.836
34485,5765.1587
34486,5862.6245
34487,4867.6733
34488,6715.7637
34489,4588.9673
34490,5147.134
34491,3155.408
34492,4658.5107
34493,4293.3564
34494,4254.435
34495,7710.405
34496,4837.932
34497,9067.933
34498,8814.507
34499,5326.056
34500,5748.351
34501,4358.4253
34502,5107.436
34503,4713.98
34504,10636.74
34505,5753.699
34506,6177.8804
34507,3606.7712
34508,5184.078
34509,4936.012
34510,7440.192
34511,6418.28
34512,5268.6606
34513,6259.318
34514,4293.6104
34515,8029.3315
34516,6730.5317
34517,5710.5986
34518,8618.274
34519,6618.3745
34520,7478.883
34521,3338.9253
34522,0.0
34523,4794.578
34524,7750.183
34525,6924.068
34526,6694.5947
34527,6320.989
34528,7254.1665
34529,4544.561
34530,5935.682
34531,5903.5996
34532,3156.0642
34533,9876.298
34534,5930.527
34535,6809.154
34536,6411.256
34537,6769.115
34538,7676.7744
34539,7426.9194
34540,3487.1887
34541,4701.016
34542,5330.386
34543,7368.4473
34544,2973.262
34545,4524.064
34546,5072.6196
34547,4812.154
34548,5167.5396
34549,3213.9995
34550,3436.2778
34551,6045.497
34552,3771.2751
34553,4761.8896
34554,5179.3335
34555,5144.0566
34556,8178.724
34557,10366.373
34558,5056.6147
34559,6854.2256
34560,6034.2056
34561,9526.746
34562,5549.79
34563,3197.4702
34564,4771.192
34565,10662.438
34566,4160.63
34567,6271.8022
34568,2363.9604
34569,3878.6055
34570,6065.6147
34571,5918.253
34572,4987.296
34573,7920.916
34574,8022.8477
34575,7711.3096
34576,3841.0059
34577,10199.657
34578,2677.635
34579,3929.5627
34580,6075.128
34581,4368.9814
34582,9351.262
34583,3219.127
34584,4864.406
34585,5860.265
34586,8277.789
34587,8683.043
34588,4990.47
34589,3431.315
34590,6467.646
34591,7849.7827
34592,5047.5503
34593,4638.2783
34594,8204.844
34595,6079.238
34596,5202.769
34597,4238.269
34598,7029.715
34599,4803.7383
34600,11531.565
34601,7701.7686
34602,10171.514
34603,6273.22
34604,4458.33
34605,2674.1477
34606,6294.9185
34607,5601.4033
34608,4474.2725
34609,8358.211
34610,5179.571
34611,2993.835
34612,6348.6865
34613,3410.1206
34614,8251.57
34615,6504.1396
34616,6362.429
34617,6921.4863
34618,4498.3696
34619,6684.985
34620,7061.7505
34621,4913.9375
34622,5722.016
34623,4273.886
34624,8994.132
34625,5668.4644
34626,3501.4255
34627,5339.1587
34628,7403.0215
34629,5582.7075
34630,4060.8774
34631,5371.56
34632,5301.216
34633,4362.668
34634,4721.202
34635,8606.839
34636,4597.8667
34637,3927.6104
34638,5900.464
34639,5105.2734
34640,3446.1785
34641,4777.796
34642,7645.66
34643,6380.083
34644,9973.7705
34645,7658.418
34646,6518.884
34647,4111.7373
34648,4263.474
34649,9233.212
34650,6879.8228
34651,6517.3296
34652,5377.712
34653,5655.346
34654,4711.53
34655,2817.8982
34656,11485.969
34657,5501.3486
34658,5871.5503
34659,4884.622
34660,1528.1555
34661,7604.126
34662,5495.1704
34663,4156.528
34664,3989.9832
34665,6339.64
34666,5136.824
34667,4635.961
34668,8701.548
34669,3761.8865
34670,4680.0186
34671,3982.8074
34672,2948.2424
34673,5097.313
34674,3769.894
34675,5231.0435
34676,5184.6567
34677,5181.4927
34678,3744.297
34679,3592.675
34680,5194.6216
34681,3375.673
34682,8689.099
34683,5817.088
34684,3086.1147
34685,7552.1494
34686,3232.2976
34687,3932.5403
34688,7253.2603
34689,7336.406
34690,8673.855
34691,3028.299
34692,5326.559
34693,4311.3813
34694,4433.876
34695,6581.8745
34696,9514.07
34697,4741.0547
34698,3199.536
34699,5413.0625
34700,4286.7065
34701,3007.88
34702,7347.092
34703,4517.828
34704,5650.111
34705,6223.587
34706,4618.817
34707,5063.5747
34708,5540.571
34709,6724.763
34710,6363.813
34711,3227.0444
34712,5621.861
34713,6656.0996
34714,8131.836
34715,5937.0015
34716,6799.4707
34717,2533.9683
34718,8019.359
34719,4980.8496
34720,3070.281
34721,4906.879
34722,4595.9326
34723,4763.739
34724,6054.384
34725,4226.577
34726,6572.5522
34727,4354.44
34728,6940.492
34729,7705.6704
34730,4901.5884
34731,6774.392
34732,5819.9624
34733,3167.2148
34734,10068.439
34735,4095.9297
34736,2475.8787
34737,6177.261
34738,9311.283
34739,9151.447
34740,4355.8276
34741,4502.366
34742,6449.861
34743,6878.7466
34744,4731.1655
34745,6944.737
34746,2566.4756
34747,4789.815
34748,4305.471
34749,3638.0127
34750,3094.5642
34751,7019.015
34752,6476.035
34753,4393.3457
34754,5433.4077
34755,7086.4526
34756,7241.005
34757,4072.115
34758,0.0
34759,5007.799
34760,6014.02
34761,5547.1543
34762,3057.7266
34763,5244.518
34764,6795.8657
34765,5653.3184
34766,5427.6426
34767,2829.1685
34768,8307.758
34769,3831.809
34770,7593.7256
34771,5271.1235
34772,4650.821
34773,7296.4683
34774,4365.582
34775,4525.458
34776,7939.864
34777,3215.303
34778,5971.2417
34779,8716.683
34780,7133.1353
34781,2790.352
34782,5160.8203
34783,2187.7437
34784,2539.7212
34785,5228.4146
34786,6027.4463
34787,5332.8374
34788,4581.2524
34789,5677.1274
34790,5109.6436
34791,9793.004
34792,4461.0654
34793,5982.6035
34794,4249.365
34795,5760.959
34796,5419.179
34797,5922.6406
34798,6937.468
34799,8241.433
34800,6816.7695
34801,5375.5635
34802,5043.503
34803,2887.0452
34804,5319.811
34805,8325.574
34806,6717.0835
34807,4789.4404
34808,5333.8345
34809,3801.4053
34810,4935.212
34811,4412.2446
34812,7611.7964
34813,8418.994
34814,6708.913
34815,6703.4507
34816,7062.6865
34817,7087.0605
34818,5323.466
34819,5078.599
34820,3078.182
34821,4726.0234
34822,3744.54
34823,3549.077
34824,6806.1475
34825,6983.016
34826,4971.5747
34827,3401.6406
34828,4757.826
34829,3808.414
34830,5350.829
34831,2199.252
34832,6171.4194
34833,5823.111
34834,3807.437
34835,8963.217
34836,8822.657
34837,4440.0044
34838,5353.3306
34839,3459.271
34840,4366.4565
34841,4157.4995
34842,7812.928
34843,3876.0942
34844,4191.2544
34845,5010.857
34846,5028.6016
34847,5460.779
34848,6230.0845
34849,3038.694
34850,7696.2905
34851,5908.5967
34852,5136.1772
34853,4371.3115
34854,4022.7695
34855,4829.9414
34856,4015.0063
34857,8634.112
34858,5022.677
34859,3858.9868
34860,6050.764
34861,5024.4546
34862,5544.451
34863,4901.5884
34864,5398.3774
34865,9404.678
34866,6743.628
34867,5619.84
34868,3699.0713
34869,4613.8584
34870,7395.865
34871,3972.4072
34872,4473.1587
34873,5152.965
34874,10613.221
34875,6724.5386
34876,4301.157
34877,5176.291
34878,4521.096
34879,6505.7524
34880,5374.1895
34881,8419.195
34882,6215.7793
34883,4927.615
34884,4115.359
34885,2185.0566
34886,4648.705
34887,7097.5327
34888,2709.303
34889,4799.845
34890,6113.5225
34891,6951.444
34892,5237.684
34893,7449.7856
34894,5291.092
34895,5891.7134
34896,2722.5042
34897,7053.827
34898,3974.4426
34899,6229.098
34900,7990.3843
34901,4008.7188
34902,7135.204
34903,5629.357
34904,2982.1052
34905,6340.075
34906,5822.267
34907,2788.8643
34908,7679.5425
34909,6124.8457
34910,4011.2778
34911,8861.924
34912,6997.5244
34913,6751.6084
34914,4214.8125
34915,3934.1348
34916,5160.702
34917,1914.7532
34918,5843.7427
34919,2594.118
34920,5596.4844
34921,3242.8325
34922,4938.2305
34923,4685.522
34924,4648.971
34925,5453.9385
34926,7407.471
34927,5002.9624
34928,7181.612
34929,5471.8013
34930,6068.242
34931,7816.5806
34932,6363.4487
34933,2763.534
34934,5039.5405
34935,5199.8813
34936,4892.6196
34937,10394.58
34938,5898.5283
34939,6674.778
34940,8743.044
34941,5869.266
34942,2727.3474
34943,0.0
34944,7492.9844
34945,6176.142
34946,6982.59
34947,6573.5176
34948,7592.277
34949,4956.011
34950,4469.554
34951,0.0
34952,5663.5356
34953,7099.713
34954,3299.4316
34955,6933.6177
34956,6276.752
34957,4841.9165
34958,6766.585
34959,4429.0444
34960,6743.9497
34961,2983.656
34962,5256.4824
34963,5002.0796
34964,3830.8882
34965,6467.2266
34966,6560.145
34967,7677.8433
34968,5820.479
34969,3920.2961
34970,5590.2905
34971,6277.7817
34972,7432.014
34973,3286.5613
34974,3202.556
34975,8236.866
34976,5180.6133
34977,4211.943
34978,6882.8486
34979,6467.948
34980,6221.4917
34981,4382.6387
34982,2164.3616
34983,5912.8364
34984,5748.9595
34985,5055.959
34986,8211.106
34987,6586.534
34988,3762.7407
34989,6105.801
34990,2588.832
34991,1065.0088
34992,5227.786
34993,8731.51
34994,5626.8447
34995,4670.515
34996,3448.7568
34997,5323.481
34998,8785.224
34999,5835.772
35000,7860.774
35001,5013.563
35002,4312.2983
35003,3717.505
35004,6101.656
35005,3975.8418
35006,2906.3977
35007,4386.185
35008,3863.2334
35009,6721.98
35010,5116.969
35011,4982.4795
35012,5175.0815
35013,7015.006
35014,4334.928
35015,3775.6306
35016,8346.373
35017,6839.5645
35018,6306.794
35019,2414.9097
35020,6279.3506
35021,4841.6025
35022,3979.3364
35023,7829.683
35024,8733.025
35025,5978.6562
35026,5825.9443
35027,6048.3696
35028,6828.4053
35029,9449.328
35030,3365.1013
35031,3994.9607
35032,4853.3887
35033,5898.2075
35034,5410.0737
35035,7901.727
35036,6614.4746
35037,6120.0044
35038,2919.896
35039,6167.6943
35040,5577.71
35041,3692.8838
35042,5833.29
35043,3295.7793
35044,6475.331
35045,5442.9575
35046,5222.523
35047,6161.767
35048,3939.1667
35049,4381.953
35050,6423.8105
35051,5005.85
35052,7380.5596
35053,5537.7334
35054,7460.793
35055,5090.9766
35056,3430.6082
35057,7689.584
35058,3070.9429
35059,9891.758
35060,5241.1025
35061,4352.3887
35062,6771.6597
35063,4704.3623
35064,4304.576
35065,5453.0337
35066,2467.2415
35067,3212.896
35068,5333.3257
35069,6278.2847
35070,8967.005
35071,5211.1626
35072,5426.8296
35073,4821.274
35074,5638.0303
35075,3418.1816
35076,9118.652
35077,6339.8394
35078,10516.969
35079,5376.8096
35080,4678.0864
35081,7048.6016
35082,6340.3296
35083,3684.8323
35084,7634.474
35085,6509.061
35086,4782.9346
35087,5683.1685
35088,4396.582
35089,3267.5916
35090,5285.876
35091,3802.653
35092,3523.4697
35093,7671.4604
35094,5465.187
35095,5654.699
35096,6659.916
35097,4694.026
35098,7118.0337
35099,8523.317
35100,5176.3945
35101,6504.307
35102,5460.492
35103,7680.055
35104,7374.297
35105,5314.1914
35106,5806.5605
35107,6994.155
35108,7564.694
35109,6478.704
35110,7509.6265
35111,5740.3184
35112,5131.011
35113,5793.8027
35114,9275.589
35115,10094.844
35116,8933.516
35117,7049.4756
35118,4960.1875
35119,6285.019
35120,4382.9355
35121,8157.946
35122,9296.038
35123,9338.0
35124,5907.0186
35125,4891.103
35126,4916.46
35127,5832.9727
35128,9799.89
35129,7023.2544
35130,5682.675
35131,5727.2363
35132,7037.403
35133,4233.5454
35134,7583.99
35135,4444.9243
35136,7041.868
35137,7451.079
35138,5670.719
35139,7527.971
35140,6459.0215
35141,4888.71
35142,6500.1763
35143,7017.4556
35144,10099.197
35145,6229.264
35146,7308.8247
35147,7188.239
35148,9026.789
35149,6648.384
35150,9061.068
35151,4697.3853
35152,4729.2837
35153,6060.9243
35154,6276.5303
35155,9067.578
35156,7939.538
35157,5305.222
35158,7790.3516
35159,6974.4824
35160,8999.057
35161,4279.0586
35162,11420.428
35163,4963.1406
35164,6252.283
35165,8172.5093
35166,5401.705
35167,6004.018
35168,6502.1978
35169,7235.668
35170,5330.61
35171,5045.726
35172,8006.5806
35173,7436.0845
35174,6726.104
35175,4780.85
35176,7123.9697
35177,11199.506
35178,6421.3477
35179,4580.479
35180,7168.7114
35181,6102.0107
35182,7236.4204
35183,7579.6875
35184,4334.5024
35185,7502.539
35186,5875.9204
35187,7218.4214
35188,6530.3784
35189,5281.31
35190,6351.57
35191,5564.722
35192,7493.4277
35193,8902.385
35194,5221.4224
35195,5163.573
35196,6420.6494
35197,6127.586
35198,5561.045
35199,8428.201
35200,6733.274
35201,7112.1294
35202,5662.1367
35203,4956.81
35204,6534.522
35205,7956.838
35206,7930.645
35207,8737.608
35208,8218.997
35209,5962.278
35210,8326.837
35211,5559.8516
35212,6927.767
35213,8142.3057
35214,7073.0215
35215,9617.668
35216,7926.539
35217,7811.9893
35218,6059.156
35219,7367.358
35220,7879.3076
35221,6230.655
35222,4456.187
35223,5772.681
35224,7365.7207
35225,7253.1772
35226,5229.951
35227,8111.8267
35228,6646.9697
35229,6024.63
35230,5757.8716
35231,5230.001
35232,6560.6016
35233,7002.4585
35234,6389.6387
35235,5685.207
35236,4972.2197
35237,6801.5527
35238,4240.7075
35239,6641.868
35240,4952.24
35241,8834.53
35242,7209.6343
35243,6607.368
35244,9178.878
35245,5005.831
35246,5245.053
35247,10594.803
35248,7032.8403
35249,8230.16
35250,7595.044
35251,5663.0117
35252,6125.8794
35253,5904.45
35254,6981.451
35255,10507.555
35256,5920.517
35257,3377.7507
35258,4962.847
35259,8119.2188
35260,9087.708
35261,6249.2124
35262,7032.263
35263,4719.23
35264,5043.931
35265,3517.8374
35266,4762.271
35267,6419.67
35268,6761.7007
35269,7180.2354
35270,6290.6147
35271,8112.221
35272,8918.464
35273,7579.6294
35274,5166.672
35275,9024.292
35276,10945.767
35277,6147.379
35278,7457.3496
35279,5520.8457
35280,6875.224
35281,4576.675
35282,6825.6895
35283,5383.2036
35284,8408.946
35285,7364.428
35286,8619.704
35287,7788.42
35288,5491.1987
35289,8133.3564
35290,5460.3413
35291,9853.378
35292,5853.159
35293,3581.653
35294,6349.183
35295,8783.062
35296,6153.128
35297,9952.399
35298,3807.6477
35299,4194.57
35300,4948.491
35301,8657.969
35302,5085.274
35303,8712.526
35304,6227.506
35305,6678.7964
35306,3825.863
35307,7513.911
35308,6770.607
35309,6955.5225
35310,8386.184
35311,6548.2295
35312,6249.8384
35313,6885.9805
35314,5343.6323
35315,5094.28
35316,7840.28
35317,5639.09
35318,6394.3027
35319,7059.6157
35320,5710.397
35321,5334.6284
35322,6963.933
35323,6984.5547
35324,8699.34
35325,6046.287
35326,7194.92
35327,5913.5186
35328,4415.394
35329,6208.1953
35330,6948.169
35331,5286.0425
35332,4625.395
35333,8916.559
35334,6737.379
35335,8378.86
35336,6745.822
35337,5793.6646
35338,5261.328
35339,4840.919
35340,9818.367
35341,5880.1704
35342,8106.8223
35343,4531.212
35344,7564.196
35345,6291.623
35346,5318.426
35347,4792.1367
35348,7545.612
35349,4490.7725
35350,5813.033
35351,9372.227
35352,5833.635
35353,11392.653
35354,10385.562
35355,5347.2266
35356,7038.0405
35357,5279.27
35358,6597.129
35359,5566.883
35360,11333.599
35361,7387.4756
35362,7848.151
35363,4668.707
35364,6992.834
35365,5204.0894
35366,8638.832
35367,7207.1455
35368,6339.7427
35369,6889.2393
35370,5525.925
35371,8724.65
35372,8889.098
35373,5900.4697
35374,10278.662
35375,7121.66
35376,8576.241
35377,4809.355
35378,5501.742
35379,5484.321
35380,9209.641
35381,7064.4185
35382,8090.331
35383,6919.77
35384,8724.035
35385,4876.4336
35386,7591.075
35387,6073.523
35388,4352.372
35389,10314.685
35390,6034.0674
35391,7426.289
35392,7928.7617
35393,8789.18
35394,9816.308
35395,9999.23
35396,6109.343
35397,6999.0596
35398,6090.9155
35399,8590.937
35400,4499.876
35401,5820.2236
35402,5758.8276
35403,5654.4727
35404,7510.844
35405,4851.2505
35406,4754.047
35407,6258.733
35408,4418.3853
35409,4714.8745
35410,5612.0347
35411,6325.458
35412,9050.1
35413,8926.991
35414,6968.9033
35415,6609.5806
35416,6711.8
35417,10115.508
35418,7224.3516
35419,5681.705
35420,4731.4272
35421,9299.426
35422,4877.527
35423,7021.285
35424,3693.3699
35425,5174.1436
35426,7357.449
35427,6544.9453
35428,5782.904
35429,8709.776
35430,9628.848
35431,10880.682
35432,5631.5
35433,10343.361
35434,3602.1707
35435,5727.5205
35436,6656.8804
35437,4637.805
35438,8346.023
35439,5136.187
35440,5405.849
35441,8914.109
35442,10898.161
35443,8158.2573
35444,5785.762
35445,5518.1924
35446,7095.238
35447,7434.7227
35448,5921.0933
35449,5434.408
35450,7433.5454
35451,8392.665
35452,5098.621
35453,5873.679
35454,7701.8716
35455,8404.593
35456,10838.475
35457,6700.3438
35458,9180.664
35459,7349.713
35460,5463.1284
35461,3785.2666
35462,6178.835
35463,6446.933
35464,5412.2056
35465,8199.384
35466,5276.6523
35467,4618.7246
35468,7335.265
35469,3918.9353
35470,7723.9854
35471,6794.55
35472,7412.3057
35473,8170.7246
35474,5460.7163
35475,8901.383
35476,6712.4146
35477,5284.827
35478,5481.8315
35479,5593.6187
35480,10940.392
35481,6488.7847
35482,4770.705
35483,7325.267
35484,8354.234
35485,6988.36
35486,6090.05
35487,8247.889
35488,5687.8267
35489,5638.4336
35490,6016.814
35491,9324.1875
35492,5623.8506
35493,5961.203
35494,6108.661
35495,5417.0605
35496,4319.396
35497,5643.432
35498,8624.869
35499,7616.3496
35500,11121.239
35501,10299.997
35502,8183.242
35503,4431.927
35504,5020.5117
35505,9940.56
35506,9753.853
35507,7680.143
35508,7776.6177
35509,8420.817
35510,5681.038
35511,4014.8647
35512,11116.233
35513,5663.8325
35514,6643.7754
35515,6416.8413
35516,3360.017
35517,10348.049
35518,6076.0493
35519,5291.344
35520,5306.28
35521,6271.671
35522,6553.3345
35523,7423.7393
35524,7211.4775
35525,4607.2
35526,5402.1636
35527,4295.2734
35528,3720.9216
35529,7407.641
35530,4847.388
35531,5314.7236
35532,5723.0967
35533,6778.445
35534,5133.6846
35535,5340.534
35536,5043.4307
35537,4498.503
35538,7985.4854
35539,7221.899
35540,4378.9653
35541,8688.858
35542,5625.1543
35543,5180.045
35544,8026.644
35545,7905.27
35546,9835.013
35547,5344.7437
35548,6942.909
35549,5043.1997
35550,5847.1553
35551,4823.3623
35552,9378.353
35553,6428.015
35554,4954.6924
35555,5455.026
35556,6146.1943
35557,4434.599
35558,8648.741
35559,5217.325
35560,5736.5415
35561,7271.4087
35562,5217.9224
35563,6403.983
35564,6532.609
35565,8124.595
35566,7332.719
35567,4525.696
35568,5821.417
35569,7276.0225
35570,9256.031
35571,8449.789
35572,7039.222
35573,4691.8906
35574,7766.0327
35575,5831.2314
35576,4894.6357
35577,7541.3525
35578,7322.026
35579,6201.4307
35580,5904.208
35581,6488.376
35582,7825.9204
35583,5498.594
35584,6658.195
35585,7680.7217
35586,5993.5356
35587,8917.171
35588,6402.761
35589,5191.521
35590,11246.732
35591,5745.303
35592,3721.0493
35593,7991.573
35594,9430.16
35595,9791.967
35596,5064.391
35597,6098.595
35598,6349.4497
35599,7444.004
35600,6266.5044
35601,7586.1245
35602,3614.535
35603,6085.4395
35604,6339.465
35605,5472.7773
35606,5066.0146
35607,7346.2646
35608,8086.8438
35609,4936.714
35610,8123.301
35611,7004.8564
35612,8560.231
35613,4838.5923
35614,6427.5674
35615,6091.9907
35616,7376.59
35617,8479.936
35618,4439.8857
35619,7247.3477
35620,7907.691
35621,7152.2793
35622,5139.392
35623,4000.5667
35624,7611.346
35625,6404.27
35626,8259.1455
35627,7299.03
35628,5481.805
35629,8505.021
35630,6359.517
35631,6667.874
35632,7663.2183
35633,5545.779
35634,7598.8115
35635,10260.17
35636,8026.376
35637,4904.7637
35638,5830.892
35639,4768.3394
35640,3632.7622
35641,7698.677
35642,5956.821
35643,8772.563
35644,5184.266
35645,7046.598
35646,6596.7134
35647,9945.207
35648,4825.7095
35649,6218.8633
35650,5789.1626
35651,7873.3574
35652,5675.952
35653,7063.724
35654,7843.444
35655,9259.378
35656,7297.9854
35657,6937.984
35658,6246.1553
35659,4898.9053
35660,5615.794
35661,11214.524
35662,8666.512
35663,5900.301
35664,5502.3247
35665,6104.2754
35666,5280.5596
35667,6089.5156
35668,8801.914
35669,9463.2
35670,7070.0806
35671,7490.5195
35672,7980.886
35673,7262.1694
35674,6136.1777
35675,6196.8955
35676,5432.102
35677,5352.1304
35678,4228.315
35679,5399.3975
35680,8456.142
35681,5612.881
35682,6338.5093
35683,5039.2324
35684,7008.3516
35685,4295.9946
35686,6428.248
35687,4271.4
35688,8375.832
35689,6406.451
35690,6365.367
35691,9392.531
35692,10770.36
35693,6532.1416
35694,6804.5635
35695,3898.5137
35696,5781.288
35697,5656.6035
35698,8612.702
35699,5225.099
35700,4799.4834
35701,5917.44
35702,5732.773
35703,7815.045
35704,6615.03
35705,3942.426
35706,7895.331
35707,7332.649
35708,7462.6294
35709,5158.96
35710,4743.321
35711,7287.371
35712,4252.106
35713,9811.253
35714,5537.2
35715,5113.193
35716,6935.6216
35717,6262.3877
35718,5129.2744
35719,6267.796
35720,6683.27
35721,9721.801
35722,9207.674
35723,6212.8516
35724,4220.985
35725,5856.348
35726,8903.412
35727,5279.1997
35728,6324.3477
35729,6279.1587
35730,10991.252
35731,7372.2856
35732,6124.9272
35733,6422.6035
35734,4764.7383
35735,9015.8955
35736,5705.5137
35737,10809.27
35738,6655.7437
35739,5988.1475
35740,5591.5757
35741,4502.5166
35742,7220.122
35743,5641.8765
35744,4607.051
35745,5509.199
35746,9411.049
35747,7092.7817
35748,6582.358
35749,7948.198
35750,6100.4277
35751,5667.9995
35752,4684.9634
35753,8875.391
35754,6045.1396
35755,6936.065
35756,7469.038
35757,4832.7617
35758,7609.3135
35759,6080.798
35760,3948.6099
35761,8195.349
35762,8433.871
35763,4463.3003
35764,7841.671
35765,7143.4434
35766,4677.069
35767,9491.81
35768,6440.375
35769,8497.643
35770,4833.3657
35771,5429.398
35772,6360.8276
35773,3575.5322
35774,7433.3613
35775,4413.4233
35776,6454.0024
35777,4965.4985
35778,5592.8667
35779,5276.496
35780,6779.7314
35781,7092.9307
35782,8351.939
35783,6051.278
35784,7607.34
35785,6387.902
35786,8712.991
35787,8889.912
35788,6830.529
35789,3649.786
35790,5949.4673
35791,6973.1523
35792,4786.376
35793,10656.186
35794,6190.1313
35795,7997.429
35796,11127.318
35797,6365.3916
35798,4786.9834
35799,9967.561
35800,9678.42
35801,5806.638
35802,8257.365
35803,8875.712
35804,6825.9956
35805,5310.8823
35806,7153.657
35807,5663.984
35808,6093.4956
35809,7452.2446
35810,4928.997
35811,6821.863
35812,7437.0205
35813,6270.666
35814,7718.594
35815,5846.1123
35816,6721.2876
35817,4207.329
35818,7822.801
35819,7062.485
35820,5914.9517
35821,6706.6353
35822,7302.066
35823,8946.9375
35824,6252.79
35825,4963.633
35826,6332.877
35827,7290.221
35828,7460.822
35829,4628.14
35830,4508.4736
35831,7903.227
35832,6923.487
35833,5966.67
35834,7861.3965
35835,7002.819
35836,6460.888
35837,5086.424
35838,4080.5725
35839,6867.844
35840,6962.5117
35841,6738.465
35842,8954.364
35843,8081.4077
35844,5069.8335
35845,8372.086
35846,3930.8938
35847,3543.627
35848,6399.965
35849,10563.483
35850,7595.8335
35851,6983.0625
35852,5083.048
35853,7077.6304
35854,9350.414
35855,6009.5586
35856,8301.224
35857,6147.9067
35858,4647.2153
35859,5370.8174
35860,5819.041
35861,6150.7866
35862,4850.5146
35863,5539.4663
35864,4800.724
35865,7203.462
35866,7588.599
35867,5545.8105
35868,6112.0996
35869,7378.701
35870,5315.7783
35871,4956.7534
35872,8742.443
35873,7551.6455
35874,6525.4595
35875,4132.597
35876,11210.866
35877,6437.304
35878,5691.4844
35879,8911.126
35880,8371.711
35881,6967.481
35882,6519.531
35883,7358.6006
35884,9458.156
35885,11093.092
35886,5098.5967
35887,4945.938
35888,5287.782
35889,6741.975
35890,6049.206
35891,7830.8037
35892,8496.047
35893,6188.673
35894,4459.436
35895,6303.276
35896,7379.3696
35897,5238.239
35898,7085.1685
35899,4270.0513
35900,7629.5464
35901,7523.4487
35902,7125.343
35903,8280.719
35904,6218.1216
35905,4481.7603
35906,6629.6587
35907,7529.1343
35908,8190.0903
35909,7282.8335
35910,7794.291
35911,6393.3877
35912,4439.632
35913,9357.605
35914,4608.1846
35915,10755.588
35916,6407.655
35917,4736.9907
35918,6795.8853
35919,6055.3022
35920,6999.62
35921,7219.9155
35922,4061.1138
35923,4856.195
35924,6752.9546
35925,8539.453
35926,9613.34
35927,5209.2246
35928,6111.7734
35929,7250.0234
35930,6631.778
35931,5331.4336
35932,10409.084
35933,8054.928
35934,10217.2705
35935,4460.559
35936,5795.7593
35937,9072.076
35938,7317.9976
35939,5703.9355
35940,9672.661
35941,6856.148
35942,5305.278
35943,5854.6445
35944,4882.582
35945,5066.377
35946,6153.057
35947,5137.657
35948,5310.427
35949,9911.864
35950,6398.555
35951,4534.2383
35952,6753.1606
35953,4624.1997
35954,7396.0205
35955,8311.871
35956,6296.095
35957,6512.961
35958,5416.7607
35959,7875.01
35960,7474.098
35961,5127.288
35962,5777.0654
35963,6863.306
35964,7667.0566
35965,6661.7393
35966,8336.882
35967,5847.7295
35968,4957.0327
35969,5795.3228
35970,8999.5205
35971,10562.154
35972,9146.778
35973,7091.605
35974,5644.5786
35975,6008.6416
35976,4624.8037
35977,8039.8687
35978,9323.707
35979,9041.877
35980,5828.8794
35981,5193.9775
35982,5155.438
35983,5695.759
35984,10094.344
35985,7005.792
35986,5647.573
35987,5784.046
35988,7436.581
35989,4045.8018
35990,7394.645
35991,4424.3574
35992,6746.208
35993,7433.943
35994,5650.634
35995,7201.5317
35996,6561.3525
35997,4847.286
35998,6759.0635
35999,7020.937
36000,10197.537
36001,6298.702
36002,7811.6094
36003,7075.1265
36004,8860.825
36005,6744.432
36006,8985.42
36007,4861.233
36008,5091.5596
36009,6418.525
36010,6008.716
36011,8732.593
36012,7723.661
36013,5500.9185
36014,7669.119
36015,6594.788
36016,9273.368
36017,4103.0825
36018,12430.668
36019,4963.415
36020,6150.816
36021,8168.9478
36022,5732.1494
36023,6024.647
36024,6272.4546
36025,7342.825
36026,5421.5576
36027,4988.866
36028,7757.3345
36029,7445.2817
36030,7016.465
36031,4855.0234
36032,7134.462
36033,10621.412
36034,6270.08
36035,4823.5327
36036,6945.366
36037,6064.452
36038,6846.0195
36039,7104.5356
36040,4098.1147
36041,7452.735
36042,5876.0776
36043,7130.0063
36044,6568.153
36045,4509.097
36046,6430.658
36047,5314.7188
36048,7480.6523
36049,8938.229
36050,5333.7124
36051,5141.157
36052,6478.0493
36053,5877.092
36054,5589.464
36055,8013.1045
36056,6620.016
36057,7420.1714
36058,5621.834
36059,4682.269
36060,6535.139
36061,7936.964
36062,8160.483
36063,8476.055
36064,7885.924
36065,5935.9766
36066,8281.848
36067,5783.163
36068,7274.2876
36069,8511.587
36070,6849.2524
36071,9708.06
36072,7690.2
36073,7667.9854
36074,6107.8276
36075,6995.082
36076,7670.275
36077,6156.3447
36078,4264.6133
36079,6061.6646
36080,7484.085
36081,7019.2227
36082,5035.48
36083,8062.43
36084,6879.199
36085,5913.936
36086,5706.945
36087,5380.052
36088,7195.6816
36089,7268.9746
36090,6603.846
36091,5613.5767
36092,4945.603
36093,6628.47
36094,3990.242
36095,6334.1274
36096,5077.2188
36097,8601.866
36098,6990.353
36099,6586.924
36100,8687.118
36101,5333.041
36102,5088.0493
36103,10331.639
36104,6719.64
36105,8122.9214
36106,7361.2256
36107,5704.5884
36108,6067.7095
36109,5848.1255
36110,7570.3525
36111,10894.555
36112,5863.486
36113,3727.412
36114,4894.5938
36115,7873.4175
36116,8359.526
36117,6093.1704
36118,7150.922
36119,4765.152
36120,5333.7275
36121,3475.3262
36122,4932.9155
36123,6398.6895
36124,6727.1177
36125,7276.286
36126,6021.6367
36127,7891.296
36128,8750.836
36129,7580.6416
36130,4908.583
36131,9132.753
36132,10686.873
36133,6257.539
36134,7447.484
36135,5381.417
36136,6415.8257
36137,4345.4688
36138,7134.9995
36139,5264.044
36140,8430.083
36141,7212.482
36142,8566.006
36143,8058.0327
36144,5682.9785
36145,8033.246
36146,5750.561
36147,10014.481
36148,5908.9688
36149,2880.5525
36150,6323.443
36151,9150.435
36152,5951.8457
36153,11111.04
36154,3805.734
36155,3879.945
36156,5311.5815
36157,9871.212
36158,4953.691
36159,8998.49
36160,6635.289
36161,6956.471
36162,3707.4897
36163,7017.395
36164,6305.8315
36165,7066.723
36166,8086.327
36167,6573.0034
36168,6037.1357
36169,7017.6025
36170,5500.7817
36171,4843.4966
36172,7627.6543
36173,5724.664
36174,6590.544
36175,6920.225
36176,6302.1694
36177,5401.607
36178,7244.97
36179,7058.417
36180,8069.6616
36181,6031.639
36182,7143.2393
36183,5714.407
36184,4138.325
36185,6293.88
36186,7172.555
36187,5481.8315
36188,4585.6724
36189,8970.966
36190,7238.726
36191,8002.366
36192,6903.5
36193,5991.1353
36194,5457.576
36195,4813.196
36196,9737.456
36197,5266.9473
36198,7677.77
36199,4815.6714
36200,7483.257
36201,7856.854
36202,5243.7075
36203,4627.831
36204,7316.86
36205,4426.9746
36206,6293.9937
36207,10059.945
36208,5786.154
36209,12324.834
36210,11445.07
36211,5065.913
36212,7054.6885
36213,5288.6245
36214,6641.165
36215,5455.286
36216,11221.843
36217,7312.492
36218,8411.466
36219,4739.3184
36220,6661.2183
36221,4987.5005
36222,8252.547
36223,7114.7075
36224,6256.668
36225,6751.8984
36226,5503.674
36227,8349.231
36228,9491.99
36229,5781.1943
36230,10123.973
36231,6978.229
36232,8845.744
36233,4688.276
36234,5351.5386
36235,5456.6343
36236,9287.814
36237,6617.0493
36238,8085.2163
36239,7021.573
36240,8436.163
36241,4757.9033
36242,7637.8174
36243,6555.7666
36244,4239.9595
36245,10563.453
36246,6339.7246
36247,7108.603
36248,7745.941
36249,8881.775
36250,10099.505
36251,10547.215
36252,5955.355
36253,7287.4336
36254,6081.9985
36255,8190.8477
36256,4251.0923
36257,5810.605
36258,5612.222
36259,5552.5435
36260,7270.306
36261,5228.7837
36262,4816.379
36263,6262.3936
36264,4108.0166
36265,4753.4395
36266,5817.6147
36267,6213.1953
36268,8924.268
36269,8417.34
36270,7400.6426
36271,6580.9517
36272,6775.2324
36273,10822.247
36274,7680.3115
36275,5397.4507
36276,4712.1006
36277,8674.814
36278,4705.4307
36279,6924.253
36280,3620.4946
36281,5327.6465
36282,7515.151
36283,6559.3066
36284,5522.115
36285,8490.376
36286,9945.264
36287,11453.632
36288,5832.778
36289,9661.247
36290,3491.1228
36291,5388.495
36292,6394.784
36293,4494.9897
36294,7752.2974
36295,5167.6973
36296,5380.632
36297,8536.253
36298,11627.404
36299,9399.961
36300,5584.7954
36301,5495.5586
36302,7089.15
36303,7121.755
36304,6286.098
36305,5256.9487
36306,6899.129
36307,9355.464
36308,4794.7705
36309,6280.141
36310,7326.3364
36311,7947.16
36312,11647.561
36313,6265.5483
36314,8939.099
36315,7192.7173
36316,5694.5635
36317,3900.783
36318,6068.549
36319,6182.3013
36320,5509.8506
36321,7417.299
36322,4841.011
36323,4756.2153
36324,7198.846
36325,3704.3787
36326,7602.3857
36327,6796.559
36328,7510.565
36329,7989.157
36330,5546.1333
36331,8634.0625
36332,6602.864
36333,5258.0474
36334,5149.614
36335,5554.0635
36336,11061.576
36337,6745.32
36338,4986.9536
36339,7237.7593
36340,8128.029
36341,6780.76
36342,6076.907
36343,8067.2144
36344,5649.3403
36345,5367.0737
36346,6246.233
36347,8608.005
36348,6164.077
36349,6164.977
36350,5524.022
36351,5370.9146
36352,4123.804
36353,5652.774
36354,8300.052
36355,7776.944
36356,10526.754
36357,10298.976
36358,8009.62
36359,4459.1
36360,5063.087
36361,10213.091
36362,9734.727
36363,7273.2607
36364,8014.947
36365,7966.695
36366,5822.0947
36367,4058.6235
36368,10841.069
36369,5854.4155
36370,6740.94
36371,6360.967
36372,3433.964
36373,11029.15
36374,6116.1177
36375,5294.5854
36376,4860.839
36377,5928.7227
36378,6586.0757
36379,8031.101
36380,6902.3936
36381,4662.2896
36382,5426.7314
36383,4435.691
36384,3541.667
36385,7125.4785
36386,5233.569
36387,5604.9307
36388,5527.153
36389,6472.682
36390,4904.3804
36391,5529.626
36392,4867.0513
36393,4644.3794
36394,7563.1064
36395,7172.268
36396,4331.4478
36397,8400.617
36398,5787.037
36399,5027.93
36400,7751.4985
36401,7725.7095
36402,10491.462
36403,5737.264
36404,7231.508
36405,4912.5083
36406,5871.6177
36407,4792.4106
36408,8949.02
36409,6067.403
36410,5090.467
36411,5278.4395
36412,5685.603
36413,5081.138
36414,10445.403
36415,5195.588
36416,5791.151
36417,7022.055
36418,4841.2515
36419,6471.441
36420,7216.6245
36421,7766.648
36422,7109.3013
36423,4462.0186
36424,5775.666
36425,6806.647
36426,9311.2295
36427,8382.138
36428,6885.573
36429,4796.1562
36430,7575.011
36431,5902.2935
36432,4820.3223
36433,7162.2734
36434,7201.449
36435,6230.988
36436,5987.473
36437,6402.4497
36438,7612.566
36439,5556.75
36440,6742.078
36441,7261.7954
36442,5940.7515
36443,9095.607
36444,6111.581
36445,4985.346
36446,11257.411
36447,6515.993
36448,3623.5522
36449,7734.7637
36450,8697.813
36451,10450.127
36452,5177.2393
36453,6113.808
36454,6219.059
36455,7158.722
36456,6246.8706
36457,7657.3003
36458,3594.821
36459,6257.211
36460,6545.1763
36461,5725.805
36462,5023.8555
36463,7018.513
36464,7996.781
36465,4885.498
36466,8370.394
36467,6895.471
36468,8547.447
36469,4735.6396
36470,6417.025
36471,6011.1465
36472,7501.673
36473,7862.1763
36474,5594.8833
36475,7119.833
36476,7698.0894
36477,7246.8223
36478,5048.21
36479,3992.4463
36480,7373.2627
36481,6595.3857
36482,8117.035
36483,7373.6777
36484,5718.8516
36485,8293.674
36486,6919.2617
36487,6919.4795
36488,7707.1255
36489,5765.8296
36490,8006.7485
36491,10149.273
36492,7901.697
36493,4909.9175
36494,5713.029
36495,4712.1904
36496,3580.331
36497,7807.825
36498,5811.6416
36499,8238.485
36500,4859.7583
36501,7189.1714
36502,6622.587
36503,10087.856
36504,4659.9644
36505,5770.011
36506,5815.978
36507,7901.3955
36508,5577.3213
36509,7153.903
36510,7556.062
36511,9461.892
36512,7130.9517
36513,7123.0596
36514,6232.646
36515,4801.425
36516,5304.6045
36517,10349.056
36518,8842.361
36519,5951.3857
36520,5648.4404
36521,6436.494
36522,5440.5127
36523,6352.539
36524,8552.022
36525,9050.617
36526,6706.1367
36527,7930.2896
36528,7935.238
36529,7009.6353
36530,6100.1367
36531,5996.4233
36532,5224.8403
36533,5150.3755
36534,4324.9907
36535,5501.2124
36536,8387.056
36537,5199.7476
36538,6140.2236
36539,5336.557
36540,6910.9644
36541,4337.1455
36542,6236.922
36543,4056.7153
36544,8737.892
36545,6250.8936
36546,6053.333
36547,9970.574
36548,9998.772
36549,6781.5815
36550,6744.8438
36551,3853.9102
36552,5743.873
36553,5600.1426
36554,8482.694
36555,5080.2075
36556,4582.192
36557,6107.927
36558,5911.4097
36559,7502.41
36560,6693.1577
36561,3789.9058
36562,7517.495
36563,7467.3145
36564,7645.4414
36565,5119.5815
36566,4566.732
36567,7578.2197
36568,4316.6772
36569,9453.619
36570,5557.2534
36571,5294.8833
36572,6797.324
36573,6464.556
36574,4958.4463
36575,6370.919
36576,6890.034
36577,9410.421
36578,9269.548
36579,6031.0176
36580,4184.9062
36581,6007.9824
36582,8463.21
36583,5198.275
36584,6476.6963
36585,6282.292
36586,10965.985
36587,7253.959
36588,6157.1553
36589,6954.7
36590,4822.53
36591,8947.44
36592,5960.754
36593,11534.711
36594,6326.0674
36595,5813.588
36596,5350.487
36597,4050.9844
36598,7545.8564
36599,5889.7974
36600,4550.656
36601,5020.0854
36602,9106.641
36603,7074.8364
36604,6852.023
36605,7719.036
36606,6274.2256
36607,5393.0664
36608,4880.7334
36609,9074.889
36610,5988.3755
36611,7145.14
36612,7197.2534
36613,4815.6987
36614,7337.239
36615,5812.6616
36616,3924.9023
36617,8444.311
36618,7658.06
36619,4643.108
36620,7774.326
36621,7033.122
36622,4576.8496
36623,9257.214
36624,5995.7715
36625,8376.207
36626,4494.7925
36627,5566.15
36628,6465.296
36629,3378.7917
36630,7514.857
36631,4480.6616
36632,6223.0645
36633,4739.1465
36634,5656.3984
36635,5347.9355
36636,6774.1274
36637,7110.529
36638,7959.9194
36639,5907.3623
36640,7376.147
36641,6609.108
36642,7972.5327
36643,8994.869
36644,6946.2207
36645,3488.2998
36646,5827.4062
36647,7360.9873
36648,4742.9727
36649,10650.679
36650,5945.1504
36651,8329.696
36652,11107.034
36653,6518.48
36654,4714.2046
36655,10053.854
36656,9839.985
36657,5601.4033
36658,8610.411
36659,9685.919
36660,6105.067
36661,5116.8228
36662,6737.623
36663,5864.979
36664,5810.04
36665,7233.6807
36666,5073.5537
36667,6268.537
36668,7022.2095
36669,6516.4717
36670,7648.169
36671,5811.4917
36672,6914.742
36673,4416.291
36674,7473.4565
36675,6734.0317
36676,6233.217
36677,6963.9863
36678,7036.195
36679,8958.823
36680,5984.967
36681,5101.5835
36682,6148.7744
36683,7262.973
36684,7514.513
36685,4587.147
36686,4436.258
36687,7805.0854
36688,6653.719
36689,5834.898
36690,7626.7524
36691,6648.707
36692,6555.8413
36693,5229.213
36694,4385.0435
36695,6735.599
36696,6673.817
36697,6724.744
36698,9296.925
36699,8168.636
36700,4895.542
36701,9131.533
36702,4030.4556
36703,3722.7463
36704,6503.6743
36705,10785.666
36706,7893.75
36707,6916.0483
36708,5097.6777
36709,6850.4546
36710,9821.833
36711,6086.368
36712,7961.719
36713,6439.1406
36714,4843.441
36715,5344.325
36716,5734.6157
36717,6177.3794
36718,4703.429
36719,5505.0806
36720,4629.7344
36721,7252.8105
36722,7319.01
36723,5357.386
36724,6270.624
36725,6999.854
36726,5432.599
36727,4891.728
36728,8276.825
36729,7561.4043
36730,6496.4883
36731,4149.041
36732,10853.981
36733,6439.0176
36734,5764.8125
36735,9024.542
36736,7947.5464
36737,7056.411
36738,6148.094
36739,7461.4194
36740,8646.374
36741,11439.69
36742,4854.676
36743,4893.8145
36744,5286.3955
36745,7348.6826
36746,6040.436
36747,7790.3965
36748,8672.481
36749,6111.715
36750,4616.5967
36751,6471.756
36752,7739.8555
36753,4875.187
36754,7254.886
36755,4280.8794
36756,7537.0522
36757,7949.5405
36758,7223.58
36759,8516.045
36760,6148.88
36761,4099.8896
36762,6585.3345
36763,7123.168
36764,8345.307
36765,7145.297
36766,7755.751
36767,6641.6465
36768,4289.0503
36769,9037.281
36770,4510.512
36771,10686.099
36772,6084.186
36773,4494.1494
36774,7011.548
36775,6316.679
36776,7023.743
36777,7368.721
36778,4108.832
36779,4721.846
36780,7071.7124
36781,8591.313
36782,9288.47
36783,5164.4746
36784,6197.4272
36785,7777.6562
36786,6607.7715
36787,5570.1494
36788,9804.929
36789,7947.2583
36790,10313.927
36791,4316.9204
36792,5483.212
36793,9054.295
36794,7450.5034
36795,5531.7837
36796,9984.706
36797,6948.5005
36798,5414.6064
36799,5700.2207
36800,4857.242
36801,5175.807
36802,5996.9785
36803,5063.1353
36804,5395.2017
36805,10011.598
36806,6837.438
36807,4615.311
36808,6591.732
36809,4715.9634
36810,7567.9414
36811,8274.805
36812,5787.357
36813,6641.849
36814,5500.451
36815,8324.089
36816,7636.4478
36817,5365.3384
36818,5809.9565
36819,6764.294
36820,7989.508
36821,6742.509
36822,8067.276
36823,5796.428
36824,4937.015
36825,5950.614
36826,9249.694
36827,10119.725
36828,9266.914
36829,7349.3066
36830,5297.8994
36831,6149.308
36832,4875.88
36833,8108.0674
36834,9393.885
36835,9217.233
36836,6137.3896
36837,5587.9395
36838,5068.5713
36839,5797.0254
36840,10814.395
36841,7079.2236
36842,5481.7686
36843,5908.6865
36844,7816.4165
36845,4223.7637
36846,7679.1177
36847,4567.8955
36848,6515.4834
36849,7349.4536
36850,5876.083
36851,7137.5864
36852,6725.084
36853,5181.508
36854,6949.9453
36855,6908.328
36856,9767.967
36857,6082.1436
36858,7957.9688
36859,7272.3174
36860,8791.468
36861,6823.1187
36862,9064.803
36863,4861.998
36864,4967.2324
36865,6668.402
36866,5913.1465
36867,8776.748
36868,7667.832
36869,5661.5854
36870,7267.595
36871,6956.6304
36872,8869.856
36873,4298.3066
36874,11567.078
36875,5129.8467
36876,6453.787
36877,8343.389
36878,5800.7593
36879,6090.4277
36880,6305.639
36881,7332.915
36882,5262.2217
36883,5177.5996
36884,7713.369
36885,7504.3994
36886,7209.469
36887,4972.9263
36888,7085.8237
36889,10189.001
36890,6333.3
36891,4950.625
36892,6793.364
36893,6098.787
36894,7115.1826
36895,7328.2583
36896,4280.475
36897,7505.7456
36898,6354.4844
36899,7090.6445
36900,6910.3315
36901,4732.3525
36902,5973.589
36903,5533.541
36904,7631.8022
36905,8891.091
36906,5277.7646
36907,5150.503
36908,6532.802
36909,5901.7812
36910,5920.0034
36911,8199.313
36912,6857.6064
36913,7479.6963
36914,5626.249
36915,4953.2085
36916,6649.0815
36917,7666.8667
36918,8406.798
36919,8561.669
36920,8258.768
36921,6151.8247
36922,8130.1064
36923,6379.9556
36924,7552.56
36925,8244.624
36926,6940.532
36927,10117.129
36928,7935.738
36929,7698.2285
36930,5840.2656
36931,7164.7397
36932,7577.1865
36933,6381.69
36934,4484.373
36935,6180.468
36936,7723.0425
36937,7097.9116
36938,5217.609
36939,8008.6274
36940,6999.193
36941,6141.9106
36942,5859.3486
36943,5508.5317
36944,7204.8433
36945,7257.1704
36946,6723.448
36947,5515.9346
36948,5332.2573
36949,6800.1323
36950,4023.5063
36951,6184.3833
36952,5174.662
36953,8647.01
36954,7318.6465
36955,6754.4688
36956,8690.061
36957,6299.6934
36958,5154.4546
36959,10250.291
36960,7184.907
36961,8053.2075
36962,7546.0654
36963,5238.1685
36964,6088.569
36965,5946.262
36966,7249.256
36967,11013.908
36968,5706.58
36969,3584.0215
36970,5642.743
36971,8224.212
36972,8590.175
36973,6237.4395
36974,7238.816
36975,4803.619
36976,5417.179
36977,3640.21
36978,5041.324
36979,6335.5415
36980,6883.945
36981,7403.3325
36982,6370.2446
36983,7968.7163
36984,8520.205
36985,7665.85
36986,5011.8896
36987,9288.744
36988,10756.357
36989,6207.994
36990,7423.5693
36991,5232.7104
36992,6671.023
36993,4244.625
36994,7304.7964
36995,5474.756
36996,8509.963
36997,7100.18
36998,8459.982
36999,8090.1147
37000,5441.836
37001,8302.958
37002,4781.58
37003,10308.734
37004,6210.6416
37005,3031.3948
37006,6453.5527
37007,9109.368
37008,5934.618
37009,9256.896
37010,3341.079
37011,4050.6907
37012,5418.8896
37013,8354.234
37014,5656.053
37015,9295.347
37016,6587.992
37017,7029.621
37018,3561.208
37019,7462.807
37020,6628.957
37021,7129.5303
37022,8364.057
37023,6456.2
37024,5910.919
37025,7068.833
37026,5968.281
37027,5064.8403
37028,7685.8223
37029,5695.014
37030,6626.3145
37031,7323.409
37032,6241.29
37033,5918.3604
37034,7258.8457
37035,7193.369
37036,8005.893
37037,6078.8784
37038,6905.844
37039,5815.856
37040,4155.287
37041,6530.802
37042,7101.0674
37043,5508.5474
37044,4669.887
37045,9137.527
37046,7153.5005
37047,8407.415
37048,7210.9136
37049,5873.8306
37050,5440.6113
37051,4919.204
37052,9557.371
37053,5440.798
37054,7516.8643
37055,3993.8176
37056,7487.2905
37057,6601.409
37058,4986.7583
37059,4938.791
37060,7169.149
37061,4448.254
37062,6318.21
37063,9812.227
37064,5894.49
37065,11195.48
37066,10582.29
37067,5033.823
37068,7118.4614
37069,5478.8203
37070,6660.081
37071,5598.551
37072,11175.381
37073,7174.8545
37074,8164.983
37075,4851.9307
37076,6832.679
37077,4896.873
37078,8367.009
37079,6839.336
37080,6306.6016
37081,6614.689
37082,5392.8296
37083,8334.878
37084,8972.985
37085,5911.2856
37086,10280.104
37087,6864.805
37088,9012.035
37089,4727.182
37090,5631.7954
37091,5472.8555
37092,9704.829
37093,6479.384
37094,7612.7256
37095,7333.579
37096,8579.1045
37097,4749.5776
37098,7308.755
37099,6397.945
37100,4288.0522
37101,9824.531
37102,6056.0586
37103,7415.3604
37104,7817.0503
37105,8838.525
37106,9995.388
37107,10433.008
37108,5947.862
37109,7537.3687
37110,6179.0176
37111,8104.951
37112,4376.9023
37113,6011.7427
37114,5760.2725
37115,5673.722
37116,7508.366
37117,5648.8066
37118,4866.7725
37119,6355.418
37120,4137.674
37121,4874.364
37122,5667.021
37123,6846.248
37124,8798.313
37125,8599.848
37126,7320.462
37127,6346.3857
37128,6735.779
37129,10206.09
37130,7865.424
37131,5579.0933
37132,4626.745
37133,8612.21
37134,4816.6543
37135,7128.9727
37136,3562.4246
37137,5950.6025
37138,7577.107
37139,6692.3535
37140,5585.4243
37141,8536.758
37142,9393.902
37143,11091.071
37144,5895.682
37145,9475.745
37146,3600.288
37147,5665.4155
37148,6382.2075
37149,4474.0034
37150,7950.769
37151,5356.998
37152,5606.7754
37153,8744.236
37154,11549.616
37155,8240.984
37156,5586.559
37157,5290.3096
37158,8013.242
37159,7735.162
37160,6286.7217
37161,5261.77
37162,6949.2427
37163,8910.038
37164,5189.5156
37165,6615.945
37166,7628.5713
37167,8347.019
37168,9440.23
37169,6116.001
37170,8359.989
37171,7162.8335
37172,5496.5913
37173,3867.2634
37174,6461.104
37175,6052.64
37176,5369.547
37177,7105.031
37178,5004.69
37179,4636.903
37180,7075.5244
37181,3908.2246
37182,7739.206
37183,6961.602
37184,7605.0254
37185,8028.3057
37186,5276.5312
37187,8635.487
37188,6903.421
37189,5411.5757
37190,5354.2495
37191,6637.1123
37192,10625.577
37193,6526.3
37194,5039.199
37195,7753.791
37196,7907.314
37197,6775.594
37198,6196.854
37199,8426.811
37200,5777.6333
37201,5288.493
37202,6265.4585
37203,8522.928
37204,5885.619
37205,6102.3306
37206,5596.324
37207,5477.321
37208,4120.9375
37209,5333.1577
37210,8053.922
37211,7728.709
37212,10443.87
37213,10304.772
37214,7772.873
37215,4512.242
37216,5005.8887
37217,9631.254
37218,9543.435
37219,7374.3247
37220,8050.128
37221,7857.5884
37222,5822.8945
37223,4080.0432
37224,10662.54
37225,6073.552
37226,6970.745
37227,6425.808
37228,3629.236
37229,10779.1875
37230,6074.236
37231,5378.456
37232,4977.0596
37233,6151.2793
37234,6601.7617
37235,8254.373
37236,6684.507
37237,4730.2495
37238,5523.595
37239,5159.0586
37240,3533.524
37241,7043.917
37242,4510.164
37243,5602.2847
37244,5501.784
37245,7139.561
37246,4863.524
37247,5605.31
37248,4873.8667
37249,4931.659
37250,7477.756
37251,7044.441
37252,4632.2607
37253,8534.828
37254,5922.5786
37255,5004.547
37256,7762.1523
37257,7910.052
37258,10024.344
37259,6025.3657
37260,7038.1416
37261,4897.0737
37262,5821.7227
37263,4715.891
37264,9000.73
37265,5942.7124
37266,5143.7227
37267,5194.225
37268,5874.3965
37269,4619.5747
37270,9042.006
37271,5359.3286
37272,5882.28
37273,6799.406
37274,4967.299
37275,6490.1895
37276,7121.6396
37277,7726.277
37278,7021.5664
37279,4552.445
37280,6082.0913
37281,6552.091
37282,9622.109
37283,8320.676
37284,6915.811
37285,5037.4014
37286,7810.127
37287,6083.849
37288,4856.3755
37289,7105.837
37290,7156.1416
37291,6365.683
37292,6115.1846
37293,6710.8906
37294,7535.018
37295,5574.0825
37296,6777.999
37297,7153.1797
37298,6173.904
37299,8638.42
37300,6127.9365
37301,5362.33
37302,10886.671
37303,6183.97
37304,4154.57
37305,7704.149
37306,8734.125
37307,10589.1455
37308,5371.7344
37309,6019.8105
37310,6385.9766
37311,7436.5522
37312,6222.168
37313,7610.0176
37314,3565.2734
37315,6436.893
37316,6444.486
37317,5953.1797
37318,5130.4683
37319,7211.684
37320,8355.079
37321,4981.41
37322,8344.789
37323,6961.3433
37324,8474.632
37325,4674.295
37326,6669.3623
37327,6198.7812
37328,7426.4023
37329,8271.751
37330,4442.589
37331,7060.033
37332,7779.741
37333,7001.7104
37334,5206.6265
37335,4030.9053
37336,7571.19
37337,6809.693
37338,8282.686
37339,7183.633
37340,5839.3467
37341,7964.8105
37342,6821.2837
37343,6813.214
37344,7971.0425
37345,5572.7905
37346,7928.83
37347,10362.133
37348,7977.066
37349,4928.814
37350,5966.368
37351,4850.339
37352,3688.2542
37353,7784.4097
37354,5859.9746
37355,8394.971
37356,4826.5015
37357,7135.4624
37358,6698.593
37359,10806.857
37360,4811.654
37361,6032.882
37362,6011.0894
37363,7842.09
37364,5472.349
37365,7380.644
37366,7550.3057
37367,9785.292
37368,7198.599
37369,6912.9946
37370,5907.0864
37371,5058.829
37372,5187.279
37373,10314.605
37374,9052.05
37375,5955.1963
37376,5615.2905
37377,6462.713
37378,5282.66
37379,6410.2285
37380,8408.529
37381,9236.03
37382,6857.2534
37383,7754.649
37384,7970.4873
37385,7424.079
37386,6107.234
37387,5810.655
37388,5420.7925
37389,5187.818
37390,4478.961
37391,5664.8267
37392,8261.013
37393,4388.052
37394,6400.5938
37395,5536.2017
37396,7350.435
37397,4267.5063
37398,6284.9414
37399,4062.4038
37400,8505.111
37401,6454.907
37402,6123.595
37403,9013.746
37404,10410.295
37405,6678.9556
37406,6594.839
37407,3893.4705
37408,5885.6304
37409,5745.577
37410,8388.728
37411,5237.369
37412,4613.423
37413,6439.8037
37414,5813.1553
37415,7576.579
37416,6598.274
37417,3873.381
37418,7433.333
37419,7441.4556
37420,7739.8335
37421,5195.484
37422,4979.781
37423,7481.858
37424,4428.2627
37425,9799.731
37426,5577.2256
37427,5251.7217
37428,6747.437
37429,6581.046
37430,4978.0806
37431,6418.035
37432,7173.5474
37433,9736.937
37434,9792.499
37435,6047.158
37436,4244.8315
37437,6167.8354
37438,7905.0815
37439,5161.372
37440,6459.9946
37441,6342.573
37442,10873.564
37443,7403.417
37444,6068.3174
37445,7122.767
37446,5000.7295
37447,8951.684
37448,5864.095
37449,11902.029
37450,6354.333
37451,5937.0923
37452,5632.9346
37453,4059.0068
37454,7704.9795
37455,4908.6626
37456,5042.6704
37457,5016.505
37458,8726.806
37459,7259.8843
37460,7024.1387
37461,7811.155
37462,6332.122
37463,5614.8994
37464,4741.4844
37465,9271.228
37466,5996.492
37467,7174.56
37468,7473.499
37469,5027.465
37470,7430.951
37471,5747.3916
37472,4021.396
37473,8347.687
37474,7627.9893
37475,4677.8496
37476,7638.75
37477,6732.458
37478,4566.8496
37479,9180.244
37480,5909.4478
37481,8175.971
37482,4528.865
37483,5725.8105
37484,7310.8467
37485,3188.6243
37486,7469.252
37487,4982.9307
37488,6373.35
37489,4925.0967
37490,5751.636
37491,5551.844
37492,6899.853
37493,6947.599
37494,7824.398
37495,5893.1914
37496,7521.526
37497,6961.456
37498,8777.518
37499,9137.004
37500,6787.8135
37501,3665.6584
37502,6059.9014
37503,7280.146
37504,5249.583
37505,10171.737
37506,5971.635
37507,8126.2456
37508,10762.401
37509,6211.406
37510,4809.896
37511,10492.232
37512,9901.178
37513,5812.8833
37514,8685.967
37515,8896.129
37516,6110.992
37517,5426.721
37518,6790.6885
37519,6041.1567
37520,6154.1665
37521,7216.9272
37522,5083.756
37523,6456.958
37524,7133.87
37525,6447.8003
37526,7842.0225
37527,5859.8794
37528,7065.584
37529,4202.2153
37530,7426.891
37531,6786.92
37532,5983.8706
37533,7212.6675
37534,7143.498
37535,8835.238
37536,6031.616
37537,5431.48
37538,5919.5176
37539,7324.1216
37540,7595.5293
37541,4774.985
37542,4614.8228
37543,8638.017
37544,6408.963
37545,6060.9824
37546,7540.597
37547,6833.005
37548,7461.32
37549,5192.9424
37550,4245.4595
37551,6903.223
37552,6770.975
37553,6652.945
37554,9444.553
37555,8859.541
37556,5153.928
37557,8333.987
37558,4236.741
37559,3728.9805
37560,6561.7847
37561,10356.461
37562,7356.474
37563,7130.346
37564,5194.5723
37565,7052.6025
37566,9819.8
37567,6362.4536
37568,7727.552
37569,6729.5625
37570,4835.773
37571,5604.6206
37572,5627.698
37573,6417.98
37574,4861.8354
37575,5449.8354
37576,4791.981
37577,7650.168
37578,7346.1387
37579,5525.4136
37580,6229.3296
37581,7010.1167
37582,5598.3584
37583,5095.6455
37584,8338.647
37585,7756.4463
37586,6341.2246
37587,4352.6626
37588,10746.4
37589,6239.159
37590,5836.2007
37591,8509.281
37592,8730.344
37593,7224.531
37594,6172.0728
37595,7493.335
37596,8871.489
37597,11357.199
37598,5029.7
37599,5130.9966
37600,5135.5356
37601,7032.089
37602,5976.74
37603,8332.128
37604,8420.81
37605,6332.708
37606,4663.3525
37607,6354.545
37608,7373.734
37609,5031.538
37610,7202.225
37611,4256.8623
37612,7418.5015
37613,7920.659
37614,7230.1973
37615,9009.346
37616,6338.3037
37617,4107.445
37618,6243.5347
37619,7253.572
37620,8282.037
37621,7203.8193
37622,7582.912
37623,6469.127
37624,4432.2734
37625,9207.568
37626,4715.212
37627,10511.885
37628,6114.6943
37629,4671.2637
37630,7030.6
37631,6277.057
37632,7378.1523
37633,7526.535
37634,4182.029
37635,4702.0073
37636,7330.237
37637,8615.619
37638,9679.676
37639,5470.314
37640,6021.1255
37641,7740.269
37642,6560.827
37643,5533.135
37644,9991.546
37645,7943.1284
37646,10487.01
37647,4530.14
37648,5650.9355
37649,8927.8
37650,7429.4556
37651,5593.272
37652,9796.255
37653,7115.149
37654,5511.843
37655,5474.307
37656,4918.416
37657,5218.465
37658,6251.049
37659,5327.011
37660,5552.57
37661,10200.231
37662,6563.625
37663,3893.374
37664,6637.454
37665,4993.627
37666,7998.978
37667,9355.098
37668,6553.691
37669,7005.6113
37670,5931.6074
37671,8085.7793
37672,8000.4126
37673,5442.781
37674,6382.9683
37675,6938.0303
37676,8301.509
37677,7117.1646
37678,8161.37
37679,6386.123
37680,5405.4727
37681,5998.3286
37682,9478.665
37683,10400.758
37684,10282.692
37685,7562.8467
37686,6325.524
37687,6273.37
37688,5107.675
37689,8511.376
37690,9902.954
37691,9312.811
37692,6443.312
37693,5881.197
37694,5526.0303
37695,5923.601
37696,10749.147
37697,7343.5396
37698,5721.2246
37699,6155.147
37700,7765.6255
37701,4633.609
37702,7642.4155
37703,4726.262
37704,6691.409
37705,7205.984
37706,6105.8765
37707,7254.008
37708,7096.8555
37709,5365.062
37710,7498.0894
37711,6636.688
37712,9927.068
37713,6372.104
37714,8367.248
37715,7080.4463
37716,9114.966
37717,7027.362
37718,9531.309
37719,5543.309
37720,5663.8003
37721,6957.195
37722,6048.121
37723,9207.778
37724,7732.5283
37725,6096.3853
37726,7451.861
37727,6982.8228
37728,9345.092
37729,4647.326
37730,12454.557
37731,5786.369
37732,6534.31
37733,8736.116
37734,6115.7095
37735,6190.586
37736,6641.4375
37737,7494.443
37738,5432.7188
37739,5374.651
37740,7622.709
37741,7584.236
37742,7483.107
37743,5208.9663
37744,7425.0283
37745,10197.128
37746,6755.931
37747,5192.769
37748,6903.9673
37749,6223.2603
37750,7164.173
37751,7226.2812
37752,4879.644
37753,7641.9272
37754,6764.565
37755,7254.997
37756,6911.933
37757,5276.4106
37758,6250.25
37759,5732.625
37760,7760.0947
37761,9313.806
37762,5402.509
37763,5528.1387
37764,6712.728
37765,6073.21
37766,6068.103
37767,8262.864
37768,7074.3506
37769,7592.7334
37770,6215.5186
37771,5281.2695
37772,7002.1646
37773,7757.7856
37774,8692.738
37775,9037.66
37776,8155.7134
37777,6338.1646
37778,8322.462
37779,6640.88
37780,7659.046
37781,8426.288
37782,6902.631
37783,10905.241
37784,7598.4204
37785,7981.7236
37786,6134.4165
37787,7601.1313
37788,7830.0864
37789,6801.1245
37790,4997.954
37791,6501.8877
37792,7886.104
37793,7230.3975
37794,5565.4067
37795,8578.237
37796,7342.0127
37797,6180.5796
37798,6076.061
37799,6100.2124
37800,7754.1167
37801,7331.705
37802,7033.7925
37803,5667.529
37804,5809.94
37805,7044.535
37806,4563.1875
37807,7307.403
37808,5224.87
37809,8618.191
37810,7538.562
37811,6901.6826
37812,8835.222
37813,6275.764
37814,5193.3633
37815,10685.8125
37816,7153.657
37817,8003.16
37818,7860.377
37819,5379.1895
37820,6217.695
37821,6221.759
37822,7759.3247
37823,11412.152
37824,6394.516
37825,3768.0137
37826,5355.2915
37827,8320.564
37828,8708.106
37829,6308.334
37830,7445.5093
37831,5299.2188
37832,5774.994
37833,4073.6497
37834,5885.8213
37835,6549.6353
37836,6855.272
37837,7877.7144
37838,6717.609
37839,7939.2275
37840,8624.1455
37841,7773.4883
37842,5100.8394
37843,9743.773
37844,11078.585
37845,6824.264
37846,7820.9956
37847,5555.0063
37848,6786.3374
37849,4740.4805
37850,7670.7285
37851,5443.944
37852,8706.811
37853,7387.405
37854,8501.64
37855,8219.852
37856,5715.089
37857,8444.439
37858,5641.6562
37859,10751.588
37860,6757.5103
37861,3050.7773
37862,6397.2734
37863,10055.379
37864,6192.712
37865,9849.91
37866,3542.2312
37867,4446.4805
37868,6049.956
37869,8437.226
37870,5630.157
37871,9805.49
37872,6995.889
37873,7341.8027
37874,3629.551
37875,7519.0586
37876,6707.198
37877,7392.339
37878,8416.858
37879,6401.943
37880,5933.265
37881,7269.301
37882,6142.2856
37883,5342.3633
37884,7749.503
37885,5896.5596
37886,6659.6367
37887,7861.951
37888,6949.064
37889,6071.9126
37890,7659.879
37891,7634.38
37892,7799.303
37893,6408.963
37894,7397.968
37895,5902.879
37896,4439.5215
37897,6638.841
37898,7674.534
37899,5835.3936
37900,5018.4194
37901,9849.094
37902,7327.622
37903,8337.709
37904,7481.8013
37905,6294.072
37906,5842.784
37907,5294.111
37908,10166.15
37909,5496.2817
37910,7532.5967
37911,4389.5884
37912,7433.8857
37913,6896.951
37914,5205.544
37915,5316.828
37916,7532.611
37917,4837.7983
37918,6648.758
37919,10398.457
37920,5981.919
37921,11734.735
37922,11438.326
37923,5309.91
37924,7493.785
37925,6079.6147
37926,7013.9355
37927,5983.431
37928,11533.105
37929,7354.699
37930,9025.79
37931,5414.736
37932,6956.153
37933,5054.9077
37934,8786.949
37935,7064.8022
37936,6537.352
37937,6693.0815
37938,5432.465
37939,8348.38
37940,9581.21
37941,5880.423
37942,10441.897
37943,6760.7397
37944,9498.484
37945,5349.0938
37946,5653.7983
37947,5701.928
37948,9753.574
37949,6662.3813
37950,7791.578
37951,7256.132
37952,8886.385
37953,4931.6025
37954,8012.1113
37955,7029.366
37956,4683.985
37957,10157.515
37958,6326.4717
37959,7391.6055
37960,8019.237
37961,9634.084
37962,10631.142
37963,10797.626
37964,6579.1504
37965,7851.0405
37966,6361.3555
37967,8242.839
37968,4995.871
37969,6444.0376
37970,5820.4565
37971,5973.0645
37972,7779.956
37973,5722.327
37974,5524.602
37975,6370.354
37976,4675.7886
37977,4971.603
37978,6335.3604
37979,6582.7285
37980,8726.647
37981,8623.166
37982,7508.7383
37983,6558.1494
37984,6709.2266
37985,10393.747
37986,8123.0684
37987,5937.1035
37988,4801.095
37989,8760.423
37990,4963.538
37991,7043.386
37992,3930.6238
37993,6302.849
37994,7947.4404
37995,6818.942
37996,5659.2314
37997,8406.741
37998,9625.083
37999,11142.622
38000,6410.8584
38001,9502.235
38002,3889.8027
38003,5917.536
38004,6658.9062
38005,4626.9746
38006,8051.1875
38007,5800.5376
38008,5923.036
38009,8936.907
38010,11981.962
38011,8090.8555
38012,6029.022
38013,5599.2983
38014,7766.085
38015,7295.675
38016,6829.5776
38017,5614.4175
38018,7106.569
38019,9892.966
38020,5207.3765
38021,6947.109
38022,7631.839
38023,8439.27
38024,11705.761
38025,6423.3325
38026,9256.844
38027,7188.5405
38028,5798.369
38029,4287.9907
38030,6741.583
38031,6112.391
38032,5607.1924
38033,7219.867
38034,5253.7456
38035,5349.252
38036,7142.0537
38037,4272.643
38038,7866.8945
38039,7055.94
38040,8068.684
38041,8264.914
38042,5619.0786
38043,9515.214
38044,6932.3613
38045,5474.7666
38046,5637.057
38047,6084.911
38048,11159.671
38049,6798.102
38050,5469.067
38051,7744.877
38052,8090.007
38053,7060.6797
38054,6817.3027
38055,8487.761
38056,6070.511
38057,5313.482
38058,6544.3896
38059,8354.449
38060,6598.9224
38061,6550.7095
38062,5778.333
38063,5685.7656
38064,4649.3306
38065,5435.0303
38066,8157.121
38067,8094.53
38068,10594.258
38069,10859.283
38070,7873.801
38071,4755.0537
38072,5337.672
38073,9614.477
38074,10010.93
38075,7459.6973
38076,8566.4795
38077,8987.666
38078,6022.9463
38079,4754.3374
38080,11070.23
38081,6300.625
38082,7364.625
38083,6652.1074
38084,4014.363
38085,11200.799
38086,5971.6973
38087,5904.3823
38088,5375.886
38089,6110.7124
38090,7354.152
38091,8717.015
38092,6783.244
38093,5034.068
38094,5751.1533
38095,5224.0728
38096,4166.138
38097,7379.771
38098,4918.1533
38099,5995.491
38100,5696.3833
38101,7280.5137
38102,5745.884
38103,5872.402
38104,5095.3687
38105,5389.3276
38106,7553.9004
38107,7044.6294
38108,5075.093
38109,8640.859
38110,6672.811
38111,5455.3745
38112,7815.4697
38113,8214.82
38114,10401.641
38115,6463.3784
38116,7525.1855
38117,5310.72
38118,6196.582
38119,4772.48
38120,8853.231
38121,6079.174
38122,5540.0054
38123,5453.616
38124,6125.5522
38125,5019.2617
38126,9659.063
38127,5719.075
38128,6242.8496
38129,6649.183
38130,5301.9336
38131,6926.2676
38132,7787.6475
38133,7820.451
38134,7109.396
38135,5403.612
38136,6072.457
38137,6606.5176
38138,9976.187
38139,8748.315
38140,7029.983
38141,5391.307
38142,7994.6763
38143,6265.04
38144,5085.201
38145,7565.978
38146,7431.192
38147,6786.292
38148,6344.8667
38149,6945.36
38150,7628.2803
38151,6036.6
38152,6964.099
38153,7034.5913
38154,6910.417
38155,8728.712
38156,5965.594
38157,5772.6646
38158,10967.764
38159,6851.2256
38160,4135.4287
38161,8275.8
38162,8772.873
38163,11045.067
38164,5571.1216
38165,6428.8794
38166,6697.1426
38167,7771.6943
38168,6595.543
38169,7468.511
38170,4032.4514
38171,6644.7134
38172,6576.139
38173,6358.462
38174,5707.321
38175,7441.697
38176,8577.206
38177,5320.8716
38178,8873.512
38179,6989.9863
38180,8705.15
38181,4699.2856
38182,6856.848
38183,6594.8447
38184,7462.202
38185,8144.2476
38186,4874.5454
38187,7015.3003
38188,7831.9614
38189,7346.6294
38190,5299.5474
38191,4479.6147
38192,7847.717
38193,7266.3823
38194,8265.561
38195,7566.9453
38196,6314.872
38197,7918.363
38198,7543.338
38199,7332.999
38200,8076.2295
38201,6268.25
38202,8143.968
38203,10685.568
38204,8567.804
38205,5515.3086
38206,6380.016
38207,4878.8667
38208,4170.476
38209,8283.373
38210,6009.983
38211,9642.541
38212,5189.4907
38213,7290.882
38214,7015.5815
38215,10631.051
38216,5125.0293
38217,6027.3833
38218,6346.1377
38219,8380.402
38220,5557.1
38221,7117.9795
38222,7544.626
38223,9972.715
38224,7220.5215
38225,7122.998
38226,6273.5615
38227,5566.702
38228,5354.0503
38229,11060.458
38230,9519.471
38231,6460.716
38232,5664.1025
38233,6968.491
38234,5484.4043
38235,6940.4194
38236,8616.178
38237,9410.878
38238,6989.9263
38239,8136.809
38240,8014.7173
38241,7599.986
38242,6085.55
38243,6065.765
38244,6109.098
38245,5518.7344
38246,5020.713
38247,6135.856
38248,8579.825
38249,4776.7793
38250,6759.2246
38251,5607.963
38252,7384.0166
38253,4640.3853
38254,6441.481
38255,4442.2114
38256,8786.925
38257,6448.12
38258,6615.5786
38259,9823.5
38260,10145.722
38261,6998.292
38262,6878.8384
38263,4095.836
38264,6137.899
38265,6050.7295
38266,8295.177
38267,5618.8
38268,4936.733
38269,6688.34
38270,6013.7847
38271,8279.699
38272,6657.4834
38273,4464.024
38274,7517.6387
38275,7983.4976
38276,7903.212
38277,5827.9507
38278,5417.2153
38279,8079.4116
38280,4741.448
38281,10130.357
38282,5752.47
38283,5547.953
38284,6771.724
38285,6744.9727
38286,5247.961
38287,6532.1914
38288,7149.292
38289,9985.249
38290,10113.338
38291,6184.1294
38292,4629.014
38293,6357.3457
38294,8171.3247
38295,5773.3086
38296,6797.5513
38297,6658.6772
38298,11103.307
38299,7420.1714
38300,6481.9307
38301,7323.0176
38302,5412.3086
38303,9406.051
38304,6361.501
38305,12480.717
38306,6633.1567
38307,6117.7866
38308,5957.1787
38309,4442.97
38310,7922.865
38311,5603.455
38312,5305.4497
38313,5215.489
38314,9881.254
38315,7526.808
38316,7084.3306
38317,7842.4937
38318,6526.9844
38319,5448.2866
38320,5398.9854
38321,9908.735
38322,6350.4673
38323,7391.6196
38324,7458.666
38325,5440.4297
38326,7431.5464
38327,6312.993
38328,4256.964
38329,8890.53
38330,8200.268
38331,4843.404
38332,7788.175
38333,6731.5205
38334,4669.847
38335,9346.251
38336,6059.023
38337,8251.909
38338,5107.139
38339,5913.299
38340,7000.228
38341,3501.382
38342,7917.925
38343,5228.8687
38344,6690.0815
38345,5617.2725
38346,6065.869
38347,5847.8916
38348,7117.151
38349,7300.5894
38350,7863.6987
38351,6228.9077
38352,7691.0654
38353,6943.412
38354,8879.022
38355,9371.86
38356,7092.917
38357,3485.4993
38358,6403.079
38359,7705.7803
38360,5522.0728
38361,9939.792
38362,6133.656
38363,8654.832
38364,10816.974
38365,6860.282
38366,5333.8853
38367,11027.709
38368,10234.953
38369,5907.0415
38370,9476.54
38371,10015.542
38372,6089.696
38373,5793.5156
38374,7200.1855
38375,6388.6147
38376,6445.0454
38377,7075.1064
38378,5742.5967
38379,6824.466
38380,7343.897
38381,6977.603
38382,7933.3916
38383,6282.969
38384,7562.082
38385,4697.0356
38386,7830.1016
38387,6956.425
38388,6195.8906
38389,7543.7627
38390,7503.469
38391,9617.632
38392,6112.747
38393,5999.0605
38394,6358.9834
38395,7192.079
38396,7916.2637
38397,5052.642
38398,5373.4253
38399,8181.541
38400,6341.527
38401,6571.8687
38402,7966.74
38403,6744.374
38404,7293.991
38405,5284.384
38406,4551.203
38407,6997.2974
38408,7064.8965
38409,7730.862
38410,9488.506
38411,8677.968
38412,5425.7896
38413,8662.363
38414,4461.227
38415,4374.2607
38416,6967.0293
38417,10525.9
38418,7486.555
38419,7507.378
38420,5996.08
38421,7555.385
38422,10359.05
38423,6804.096
38424,7946.3716
38425,6832.959
38426,5250.349
38427,5885.984
38428,5823.278
38429,6533.338
38430,5548.948
38431,5763.3115
38432,5274.609
38433,7870.8574
38434,8316.217
38435,5648.823
38436,7066.676
38437,7069.777
38438,5877.3726
38439,5383.445
38440,8139.557
38441,7875.7837
38442,6330.3286
38443,4821.564
38444,12232.95
38445,6368.2456
38446,6327.564
38447,8842.041
38448,8950.863
38449,7646.55
38450,6263.666
38451,7695.6226
38452,9875.751
38453,11985.162
38454,5755.9883
38455,5746.5527
38456,5291.011
38457,7131.7476
38458,6032.8184
38459,8258.642
38460,8996.825
38461,6473.5522
38462,4956.7817
38463,6889.2456
38464,7707.118
38465,5471.681
38466,7332.1733
38467,4599.9326
38468,7331.453
38469,8141.995
38470,7441.6187
38471,9362.417
38472,6738.709
38473,4878.1035
38474,6260.357
38475,7878.406
38476,8520.083
38477,7269.8413
38478,7567.0176
38479,6761.0625
38480,4975.427
38481,9929.331
38482,5301.0283
38483,10944.398
38484,6263.881
38485,4992.4316
38486,7287.3013
38487,6842.8926
38488,7369.7827
38489,7800.419
38490,4668.8853
38491,5122.131
38492,7576.6226
38493,9282.678
38494,9795.545
38495,5551.135
38496,6604.7217
38497,8224.926
38498,6811.6807
38499,6131.5264
38500,10347.181
38501,8269.905
38502,10643.316
38503,4807.9834
38504,6042.4414
38505,8719.476
38506,7707.2285
38507,6475.6274
38508,10421.898
38509,7341.2217
38510,5818.747
38511,5832.5444
38512,5261.735
38513,5736.558
38514,6680.039
38515,5849.0796
38516,6134.3403
38517,10566.073
38518,6568.861
38519,4296.085
38520,6667.8296
38521,6374.6147
38522,9496.709
38523,11546.797
38524,8291.538
38525,9372.639
38526,7615.0425
38527,9930.165
38528,10690.022
38529,7219.9565
38530,7616.8945
38531,9161.945
38532,10175.852
38533,9213.243
38534,9907.583
38535,8393.178
38536,6739.159
38537,8112.732
38538,12264.328
38539,12751.257
38540,12677.118
38541,10709.055
38542,7101.433
38543,8041.51
38544,6019.8564
38545,10982.125
38546,13112.776
38547,11309.929
38548,8722.629
38549,7850.5464
38550,6393.6865
38551,7892.6133
38552,12859.992
38553,9368.402
38554,7328.426
38555,7948.517
38556,9521.341
38557,5629.7437
38558,9607.445
38559,6317.9507
38560,8610.584
38561,9794.05
38562,7905.7827
38563,9428.874
38564,9394.906
38565,6886.4404
38566,8875.628
38567,8812.985
38568,12742.589
38569,8042.6987
38570,10710.628
38571,8871.887
38572,11124.719
38573,9253.277
38574,12038.732
38575,7425.4814
38576,7291.014
38577,8747.715
38578,7703.7817
38579,11520.374
38580,10374.929
38581,8012.8374
38582,9825.468
38583,9023.827
38584,11741.788
38585,5497.0264
38586,15967.668
38587,6730.7437
38588,8281.769
38589,10933.068
38590,7885.5327
38591,8207.803
38592,8084.091
38593,10098.427
38594,7200.5083
38595,7166.237
38596,9986.916
38597,9517.736
38598,9817.581
38599,7234.088
38600,9422.5
38601,12612.657
38602,8534.169
38603,6612.393
38604,9121.714
38605,7974.038
38606,9675.54
38607,8906.571
38608,5736.038
38609,10693.97
38610,8679.532
38611,9625.496
38612,8879.997
38613,6129.521
38614,8520.668
38615,7840.6016
38616,10411.269
38617,11152.148
38618,7114.185
38619,7351.0522
38620,8919.307
38621,7753.133
38622,8195.756
38623,10305.814
38624,9170.889
38625,9631.971
38626,8053.607
38627,6642.495
38628,9243.618
38629,9572.898
38630,10541.744
38631,11274.087
38632,10919.094
38633,8178.4824
38634,10798.965
38635,8280.244
38636,9699.046
38637,11523.539
38638,9188.882
38639,12749.615
38640,9321.52
38641,10563.645
38642,8050.2354
38643,9262.813
38644,10207.404
38645,9193.317
38646,5872.066
38647,8134.0156
38648,10302.335
38649,9213.929
38650,7057.798
38651,11232.668
38652,8920.667
38653,7507.793
38654,7716.9233
38655,7846.0776
38656,9741.079
38657,9613.706
38658,9162.251
38659,7737.11
38660,7247.866
38661,9312.367
38662,5859.667
38663,8706.545
38664,6971.962
38665,10714.122
38666,9445.337
38667,8607.004
38668,11418.5
38669,7904.486
38670,6645.499
38671,12875.922
38672,9077.391
38673,10964.02
38674,9106.944
38675,6987.2065
38676,8568.245
38677,8035.3
38678,9987.593
38679,12879.619
38680,7781.6777
38681,4656.636
38682,6992.207
38683,10804.395
38684,11323.658
38685,8308.543
38686,9489.891
38687,6466.4062
38688,7158.613
38689,4686.5635
38690,7175.2856
38691,8426.9795
38692,9374.158
38693,9727.97
38694,8307.94
38695,9783.547
38696,10800.273
38697,10033.259
38698,6583.2246
38699,11309.433
38700,13525.156
38701,8795.233
38702,9822.957
38703,7368.3696
38704,9111.367
38705,6451.233
38706,9379.426
38707,7948.0693
38708,10852.47
38709,9013.42
38710,11405.938
38711,10464.35
38712,7711.7803
38713,11206.804
38714,6574.4834
38715,13330.828
38716,8864.866
38717,4695.7188
38718,8108.4077
38719,12451.23
38720,7749.68
38721,11187.901
38722,3891.729
38723,5363.261
38724,8038.6494
38725,10809.29
38726,7013.3335
38727,12612.922
38728,9194.948
38729,10252.511
38730,4233.372
38731,9926.008
38732,8682.141
38733,9661.1
38734,12220.811
38735,8482.824
38736,7632.785
38737,9078.213
38738,8025.718
38739,7047.667
38740,9964.157
38741,7960.3374
38742,8970.546
38743,9949.457
38744,8361.775
38745,7496.316
38746,9180.682
38747,9972.41
38748,10057.537
38749,8542.948
38750,9149.475
38751,7590.3945
38752,5806.012
38753,7981.457
38754,9641.539
38755,8214.067
38756,6471.41
38757,12183.674
38758,9486.841
38759,11014.423
38760,9257.443
38761,8115.464
38762,7467.015
38763,6435.5303
38764,13182.106
38765,7213.101
38766,9551.165
38767,5913.609
38768,9567.513
38769,8415.558
38770,6801.65
38771,6459.342
38772,9271.546
38773,6377.005
38774,8601.456
38775,12163.03
38776,7854.3813
38777,15060.985
38778,15130.712
38779,6617.466
38780,9586.887
38781,7152.204
38782,9222.475
38783,7686.739
38784,13650.394
38785,9618.935
38786,11467.623
38787,6851.193
38788,8770.505
38789,6498.6265
38790,10688.83
38791,9252.307
38792,8385.144
38793,8892.693
38794,6250.5776
38795,11031.476
38796,11750.481
38797,7676.408
38798,13397.707
38799,9007.773
38800,12035.782
38801,6424.619
38802,7269.1826
38803,7936.6685
38804,12980.494
38805,8741.692
38806,10159.133
38807,9772.346
38808,11852.006
38809,6502.713
38810,9384.437
38811,8836.569
38812,5761.7725
38813,13532.033
38814,6968.3584
38815,10109.625
38816,10874.985
38817,11928.895
38818,12973.946
38819,12605.706
38820,7952.5586
38821,10215.624
38822,8507.398
38823,10334.3
38824,5625.734
38825,8223.247
38826,7849.858
38827,7568.533
38828,9844.229
38829,7100.81
38830,7331.0405
38831,8362.095
38832,5482.302
38833,6297.3027
38834,7973.4756
38835,9130.244
38836,11757.264
38837,10773.041
38838,10158.455
38839,8808.305
38840,8717.996
38841,12144.993
38842,10388.276
38843,7639.5513
38844,6599.086
38845,10958.677
38846,6321.67
38847,9350.459
38848,5407.0454
38849,7455.444
38850,10937.49
38851,8920.072
38852,7632.8726
38853,10915.585
38854,12011.2295
38855,12600.874
38856,7849.865
38857,11396.663
38858,4877.336
38859,6899.2275
38860,8226.565
38861,5953.441
38862,9961.64
38863,7145.8965
38864,7602.1245
38865,11350.637
38866,13655.876
38867,10248.043
38868,7604.4814
38869,7231.025
38870,9655.002
38871,8911.619
38872,8662.041
38873,7150.874
38874,9084.926
38875,11791.369
38876,6522.0493
38877,8937.351
38878,10421.472
38879,10600.514
38880,14142.557
38881,8505.906
38882,11914.863
38883,9017.96
38884,7700.123
38885,5559.571
38886,8512.325
38887,8148.5986
38888,7520.5146
38889,9217.62
38890,6810.6216
38891,6847.3647
38892,9066.221
38893,5796.533
38894,9880.98
38895,9358.507
38896,10143.971
38897,10947.426
38898,7718.904
38899,11158.361
38900,8729.278
38901,7110.5557
38902,7335.055
38903,7885.683
38904,12717.433
38905,9035.101
38906,6664.5103
38907,10083.297
38908,10990.047
38909,9616.953
38910,8822.708
38911,11166.921
38912,7462.387
38913,6255.4683
38914,8421.966
38915,10632.228
38916,8510.458
38917,8654.625
38918,8247.338
38919,7644.26
38920,5674.6587
38921,6956.591
38922,10533.904
38923,10016.335
38924,12715.2
38925,13312.697
38926,10371.149
38927,6433.818
38928,6854.35
38929,11697.234
38930,12365.172
38931,10168.361
38932,10556.735
38933,10721.135
38934,7802.9194
38935,5944.334
38936,12809.827
38937,8424.328
38938,9630.639
38939,8446.106
38940,4836.4053
38941,13561.866
38942,7989.066
38943,7604.0317
38944,6458.892
38945,8303.346
38946,8751.837
38947,11473.027
38948,8706.222
38949,6501.8384
38950,7390.788
38951,6681.912
38952,4564.485
38953,9161.264
38954,5450.73
38955,7313.748
38956,7694.1987
38957,9392.397
38958,6848.599
38959,7439.745
38960,6636.15
38961,7058.9087
38962,9771.004
38963,9609.077
38964,6281.711
38965,11252.709
38966,9032.576
38967,7170.6606
38968,9991.699
38969,10627.929
38970,12869.219
38971,8169.719
38972,9644.473
38973,6515.235
38974,8294.52
38975,6011.823
38976,11576.702
38977,8079.959
38978,7479.903
38979,7063.5425
38980,7760.731
38981,6361.064
38982,11598.95
38983,6979.387
38984,7665.2285
38985,8963.199
38986,6853.8926
38987,8639.393
38988,9298.485
38989,9903.964
38990,9180.489
38991,6891.079
38992,7977.7812
38993,9214.948
38994,12319.804
38995,10765.317
38996,9473.982
38997,6572.389
38998,10162.768
38999,7707.486
39000,6532.4404
39001,9201.511
39002,9814.023
39003,8728.079
39004,8686.621
39005,8712.11
39006,9885.76
39007,7536.2183
39008,8744.895
39009,8787.117
39010,9386.495
39011,11008.594
39012,7697.553
39013,7031.7734
39014,12803.842
39015,8861.4
39016,5258.1675
39017,9717.991
39018,10803.457
39019,12804.099
39020,6828.3203
39021,8484.224
39022,8257.05
39023,9805.462
39024,8429.4795
39025,10806.807
39026,4464.5137
39027,9052.369
39028,8886.911
39029,7915.9614
39030,7278.264
39031,9279.526
39032,11289.614
39033,7041.237
39034,10847.544
39035,9252.218
39036,11679.621
39037,6095.548
39038,8604.935
39039,8303.789
39040,9515.948
39041,10623.621
39042,6254.174
39043,8074.019
39044,10237.746
39045,9712.746
39046,6908.743
39047,5346.8135
39048,10412.023
39049,9550.0625
39050,10804.848
39051,9569.265
39052,7916.5503
39053,10636.7
39054,9707.708
39055,10477.8125
39056,10136.843
39057,8397.55
39058,10379.858
39059,13047.855
39060,10100.738
39061,6921.433
39062,8526.277
39063,6339.253
39064,4981.429
39065,10959.336
39066,7902.2925
39067,11570.764
39068,6980.2456
39069,9344.539
39070,8854.042
39071,13034.087
39072,6606.341
39073,7980.262
39074,8709.028
39075,9885.062
39076,7034.1416
39077,9177.486
39078,9423.561
39079,11693.743
39080,9480.636
39081,9212.927
39082,7719.191
39083,6609.492
39084,7006.8477
39085,13368.286
39086,11831.394
39087,8356.545
39088,5899.9746
39089,8670.662
39090,7550.205
39091,8786.849
39092,10818.811
39093,12389.112
39094,9014.399
39095,10434.371
39096,10822.97
39097,9432.112
39098,8494.305
39099,7939.4624
39100,8093.7656
39101,7036.886
39102,6293.0034
39103,8227.884
39104,11271.818
39105,6557.5986
39106,8716.225
39107,7272.99
39108,9364.712
39109,5956.105
39110,8291.775
39111,5187.6597
39112,10889.942
39113,8697.863
39114,8939.704
39115,14362.409
39116,11103.37
39117,9285.024
39118,8827.758
39119,5269.6807
39120,7558.4985
39121,7740.6753
39122,10999.757
39123,7110.705
39124,6059.6353
39125,8237.754
39126,7872.892
39127,10313.523
39128,9188.373
39129,4752.8003
39130,9759.176
39131,10139.879
39132,10186.514
39133,8109.057
39134,6809.9526
39135,10495.676
39136,6272.64
39137,12313.837
39138,7499.1978
39139,7279.4097
39140,8948.448
39141,8637.48
39142,6537.034
39143,8595.502
39144,9214.904
39145,12091.204
39146,12565.362
39147,8071.6016
39148,5975.686
39149,8177.921
39150,10440.603
39151,7245.7026
39152,9141.005
39153,8502.921
39154,12818.908
39155,10281.594
39156,8294.496
39157,9156.659
39158,6836.571
39159,11750.224
39160,8032.549
39161,14285.496
39162,8309.145
39163,7976.1226
39164,7929.117
39165,5416.6006
39166,9877.598
39167,6563.819
39168,6572.3076
39169,6382.031
39170,12061.568
39171,9226.829
39172,8860.293
39173,10052.78
39174,9020.007
39175,7660.31
39176,6401.7783
39177,11917.613
39178,7803.619
39179,9157.088
39180,9256.772
39181,7079.872
39182,9341.875
39183,7820.5703
39184,5280.66
39185,11074.265
39186,9551.266
39187,6052.9346
39188,9993.224
39189,9019.482
39190,6260.1777
39191,12062.086
39192,7855.73
39193,10644.667
39194,6583.1304
39195,7526.1333
39196,8386.823
39197,5093.949
39198,9900.961
39199,6686.0054
39200,8405.964
39201,6967.109
39202,8514.542
39203,7078.4404
39204,8781.881
39205,9717.926
39206,9925.989
39207,8139.3394
39208,9796.198
39209,8278.823
39210,11107.798
39211,11755.526
39212,9068.02
39213,4621.871
39214,8192.66
39215,10055.196
39216,6778.2446
39217,12030.904
39218,8443.626
39219,10833.597
39220,12550.235
39221,7982.569
39222,6802.3115
39223,13114.277
39224,12754.347
39225,7469.5513
39226,11029.424
39227,11641.253
39228,8185.2017
39229,6950.416
39230,9258.062
39231,7790.649
39232,7884.4043
39233,9324.205
39234,6994.835
39235,8189.5356
39236,9612.808
39237,9259.369
39238,10887.948
39239,7982.63
39240,9524.483
39241,5350.482
39242,9401.97
39243,9213.894
39244,8168.5117
39245,9262.575
39246,9540.458
39247,11973.782
39248,8462.153
39249,7203.0566
39250,8609.737
39251,9318.87
39252,9755.388
39253,6385.4956
39254,6378.1787
39255,9924.635
39256,7591.886
39257,8469.727
39258,10301.333
39259,8633.626
39260,9566.326
39261,7206.7812
39262,5827.145
39263,9126.535
39264,9051.161
39265,9492.588
39266,11985.094
39267,10994.534
39268,6692.239
39269,11042.35
39270,5359.62
39271,5147.7773
39272,9362.399
39273,12321.731
39274,9777.072
39275,9827.23
39276,8089.652
39277,9810.383
39278,12811.929
39279,8577.901
39280,10234.738
39281,8244.003
39282,6771.847
39283,7555.6514
39284,7741.4575
39285,8480.858
39286,7278.4795
39287,8072.4175
39288,6201.2534
39289,9321.093
39290,10702.469
39291,7542.0864
39292,8586.652
39293,9474.326
39294,7675.398
39295,6821.537
39296,10875.037
39297,10057.048
39298,8669.405
39299,6261.163
39300,14136.138
39301,8521.432
39302,8662.115
39303,12489.874
39304,11031.244
39305,10382.185
39306,8378.972
39307,9365.23
39308,11748.039
39309,15232.53
39310,7524.597
39311,7633.564
39312,7099.151
39313,9228.388
39314,8103.181
39315,10550.455
39316,11676.391
39317,7875.1
39318,6221.4146
39319,8761.643
39320,9536.155
39321,6887.7607
39322,9815.792
39323,5810.2393
39324,9899.092
39325,9789.166
39326,9904.182
39327,11590.513
39328,8714.056
39329,5777.1484
39330,8318.764
39331,9760.665
39332,10667.138
39333,9511.448
39334,9732.972
39335,8642.837
39336,6684.698
39337,11706.967
39338,6181.588
39339,12356.59
39340,8206.707
39341,6478.7476
39342,9465.926
39343,8213.637
39344,9322.702
39345,9839.047
39346,5680.7188
39347,6612.538
39348,9848.389
39349,11347.356
39350,12059.395
39351,7099.1304
39352,7887.849
39353,10520.169
39354,8876.118
39355,7444.941
39356,12583.676
39357,11106.113
39358,12340.525
39359,6310.1216
39360,8148.1943
39361,9822.433
39362,10120.188
39363,8036.718
39364,13309.955
39365,9214.544
39366,7371.9478
39367,7511.088
39368,7167.72
39369,7298.5005
39370,8991.112
39371,7171.7617
39372,8192.934
39373,13522.061
39374,8434.844
39375,5080.9443
39376,8939.277
39377,0.0
39378,0.0
39379,0.0
39380,0.0
39381,0.0
39382,0.0
39383,0.0
39384,0.0
39385,0.0
39386,0.0
39387,0.0
39388,0.0
39389,0.0
39390,0.0
39391,0.0
39392,0.0
39393,0.0
39394,0.0
39395,0.0
39396,0.0
39397,0.0
39398,0.0
39399,0.0
39400,0.0
39401,0.0
39402,0.0
39403,0.0
39404,0.0
39405,0.0
39406,0.0
39407,0.0
39408,0.0
39409,0.0
39410,0.0
39411,0.0
39412,0.0
39413,0.0
39414,0.0
39415,0.0
39416,0.0
39417,0.0
39418,0.0
39419,0.0
39420,0.0
39421,0.0
39422,0.0
39423,0.0
39424,0.0
39425,0.0
39426,0.0
39427,0.0
39428,0.0
39429,0.0
39430,0.0
39431,0.0
39432,0.0
39433,0.0
39434,0.0
39435,0.0
39436,0.0
39437,0.0
39438,0.0
39439,0.0
39440,0.0
39441,0.0
39442,0.0
39443,0.0
39444,0.0
39445,0.0
39446,0.0
39447,0.0
39448,0.0
39449,0.0
39450,0.0
39451,0.0
39452,0.0
39453,0.0
39454,0.0
39455,0.0
39456,0.0
39457,0.0
39458,0.0
39459,0.0
39460,0.0
39461,0.0
39462,0.0
39463,0.0
39464,0.0
39465,0.0
39466,0.0
39467,0.0
39468,3454.5256
39469,0.0
39470,0.0
39471,0.0
39472,0.0
39473,0.0
39474,0.0
39475,0.0
39476,0.0
39477,0.0
39478,0.0
39479,0.0
39480,0.0
39481,0.0
39482,0.0
39483,0.0
39484,0.0
39485,0.0
39486,0.0
39487,0.0
39488,0.0
39489,0.0
39490,0.0
39491,0.0
39492,0.0
39493,0.0
39494,0.0
39495,0.0
39496,0.0
39497,0.0
39498,0.0
39499,0.0
39500,0.0
39501,0.0
39502,0.0
39503,0.0
39504,0.0
39505,0.0
39506,0.0
39507,0.0
39508,0.0
39509,0.0
39510,0.0
39511,0.0
39512,0.0
39513,0.0
39514,0.0
39515,0.0
39516,0.0
39517,0.0
39518,0.0
39519,0.0
39520,0.0
39521,0.0
39522,0.0
39523,0.0
39524,0.0
39525,0.0
39526,0.0
39527,0.0
39528,0.0
39529,0.0
39530,0.0
39531,0.0
39532,0.0
39533,0.0
39534,0.0
39535,0.0
39536,2879.0332
39537,0.0
39538,0.0
39539,0.0
39540,0.0
39541,0.0
39542,0.0
39543,0.0
39544,0.0
39545,0.0
39546,0.0
39547,0.0
39548,0.0
39549,0.0
39550,0.0
39551,0.0
39552,0.0
39553,0.0
39554,0.0
39555,0.0
39556,0.0
39557,0.0
39558,0.0
39559,0.0
39560,0.0
39561,0.0
39562,0.0
39563,0.0
39564,0.0
39565,0.0
39566,0.0
39567,0.0
39568,0.0
39569,0.0
39570,0.0
39571,0.0
39572,0.0
39573,0.0
39574,0.0
39575,0.0
39576,0.0
39577,10820.266
39578,4318.9717
39579,0.0
39580,0.0
39581,0.0
39582,0.0
39583,0.0
39584,0.0
39585,0.0
39586,5252.383
39587,0.0
39588,0.0
39589,0.0
39590,0.0
39591,0.0
39592,0.0
39593,0.0
39594,0.0
39595,0.0
39596,0.0
39597,0.0
39598,0.0
39599,0.0
39600,0.0
39601,0.0
39602,0.0
39603,0.0
39604,0.0
39605,3702.1777
39606,0.0
39607,0.0
39608,0.0
39609,0.0
39610,0.0
39611,0.0
39612,0.0
39613,0.0
39614,0.0
39615,3213.4783
39616,0.0
39617,0.0
39618,0.0
39619,0.0
39620,0.0
39621,0.0
39622,0.0
39623,0.0
39624,0.0
39625,0.0
39626,0.0
39627,0.0
39628,0.0
39629,0.0
39630,0.0
39631,0.0
39632,0.0
39633,8393.258
39634,0.0
39635,0.0
39636,0.0
39637,0.0
39638,0.0
39639,0.0
39640,0.0
39641,0.0
39642,0.0
39643,0.0
39644,0.0
39645,0.0
39646,0.0
39647,0.0
39648,0.0
39649,0.0
39650,6481.665
39651,0.0
39652,0.0
39653,0.0
39654,0.0
39655,0.0
39656,0.0
39657,0.0
39658,0.0
39659,0.0
39660,0.0
39661,0.0
39662,0.0
39663,0.0
39664,0.0
39665,0.0
39666,0.0
39667,0.0
39668,0.0
39669,0.0
39670,0.0
39671,0.0
39672,0.0
39673,0.0
39674,0.0
39675,0.0
39676,0.0
39677,0.0
39678,0.0
39679,0.0
39680,0.0
39681,0.0
39682,0.0
39683,0.0
39684,0.0
39685,0.0
39686,0.0
39687,0.0
39688,0.0
39689,0.0
39690,0.0
39691,0.0
39692,0.0
39693,0.0
39694,0.0
39695,0.0
39696,0.0
39697,0.0
39698,0.0
39699,0.0
39700,0.0
39701,0.0
39702,0.0
39703,0.0
39704,0.0
39705,0.0
39706,0.0
39707,0.0
39708,0.0
39709,0.0
39710,0.0
39711,0.0
39712,2482.684
39713,0.0
39714,0.0
39715,0.0
39716,0.0
39717,0.0
39718,0.0
39719,0.0
39720,0.0
39721,0.0
39722,0.0
39723,0.0
39724,0.0
39725,0.0
39726,4403.331
39727,0.0
39728,0.0
39729,0.0
39730,0.0
39731,0.0
39732,0.0
39733,0.0
39734,0.0
39735,0.0
39736,0.0
39737,0.0
39738,0.0
39739,0.0
39740,0.0
39741,0.0
39742,0.0
39743,0.0
39744,0.0
39745,0.0
39746,0.0
39747,0.0
39748,0.0
39749,0.0
39750,0.0
39751,0.0
39752,0.0
39753,0.0
39754,0.0
39755,0.0
39756,0.0
39757,0.0
39758,0.0
39759,0.0
39760,0.0
39761,0.0
39762,0.0
39763,0.0
39764,0.0
39765,0.0
39766,0.0
39767,0.0
39768,0.0
39769,5933.9106
39770,0.0
39771,0.0
39772,0.0
39773,0.0
39774,0.0
39775,0.0
39776,0.0
39777,0.0
39778,0.0
39779,2748.434
39780,0.0
39781,0.0
39782,0.0
39783,3941.6025
39784,0.0
39785,0.0
39786,0.0
39787,0.0
39788,0.0
39789,0.0
39790,0.0
39791,0.0
39792,0.0
39793,0.0
39794,0.0
39795,0.0
39796,0.0
39797,0.0
39798,0.0
39799,0.0
39800,0.0
39801,0.0
39802,0.0
39803,0.0
39804,0.0
39805,0.0
39806,0.0
39807,0.0
39808,0.0
39809,0.0
39810,4131.265
39811,0.0
39812,0.0
39813,0.0
39814,0.0
39815,0.0
39816,0.0
39817,0.0
39818,0.0
39819,0.0
39820,0.0
39821,0.0
39822,0.0
39823,0.0
39824,4759.51
39825,0.0
39826,0.0
39827,0.0
39828,0.0
39829,0.0
39830,0.0
39831,0.0
39832,0.0
39833,0.0
39834,0.0
39835,0.0
39836,0.0
39837,0.0
39838,0.0
39839,0.0
39840,0.0
39841,0.0
39842,0.0
39843,0.0
39844,0.0
39845,0.0
39846,0.0
39847,0.0
39848,0.0
39849,0.0
39850,0.0
39851,0.0
39852,0.0
39853,0.0
39854,0.0
39855,0.0
39856,0.0
39857,0.0
39858,0.0
39859,0.0
39860,0.0
39861,0.0
39862,0.0
39863,0.0
39864,0.0
39865,0.0
39866,0.0
39867,0.0
39868,0.0
39869,0.0
39870,0.0
39871,0.0
39872,0.0
39873,0.0
39874,0.0
39875,0.0
39876,0.0
39877,0.0
39878,0.0
39879,0.0
39880,0.0
39881,0.0
39882,0.0
39883,0.0
39884,0.0
39885,0.0
39886,0.0
39887,0.0
39888,0.0
39889,0.0
39890,0.0
39891,0.0
39892,0.0
39893,0.0
39894,0.0
39895,0.0
39896,0.0
39897,0.0
39898,0.0
39899,9519.361
39900,0.0
39901,0.0
39902,0.0
39903,0.0
39904,0.0
39905,0.0
39906,0.0
39907,0.0
39908,0.0
39909,0.0
39910,0.0
39911,0.0
39912,0.0
39913,0.0
39914,0.0
39915,0.0
39916,0.0
39917,0.0
39918,0.0
39919,0.0
39920,0.0
39921,0.0
39922,0.0
39923,0.0
39924,0.0
39925,0.0
39926,0.0
39927,0.0
39928,0.0
39929,0.0
39930,0.0
39931,0.0
39932,0.0
39933,0.0
39934,0.0
39935,0.0
39936,0.0
39937,0.0
39938,0.0
39939,0.0
39940,0.0
39941,0.0
39942,0.0
39943,3293.8936
39944,6108.2065
39945,0.0
39946,0.0
39947,0.0
39948,0.0
39949,0.0
39950,0.0
39951,0.0
39952,0.0
39953,0.0
39954,0.0
39955,0.0
39956,0.0
39957,0.0
39958,0.0
39959,0.0
39960,0.0
39961,0.0
39962,0.0
39963,0.0
39964,0.0
39965,0.0
39966,0.0
39967,0.0
39968,0.0
39969,0.0
39970,0.0
39971,0.0
39972,10195.553
39973,0.0
39974,0.0
39975,0.0
39976,0.0
39977,0.0
39978,0.0
39979,0.0
39980,0.0
39981,0.0
39982,0.0
39983,0.0
39984,0.0
39985,0.0
39986,0.0
39987,0.0
39988,0.0
39989,0.0
39990,0.0
39991,0.0
39992,0.0
39993,0.0
39994,0.0
39995,0.0
39996,0.0
39997,0.0
39998,0.0
39999,0.0
40000,0.0
40001,0.0
40002,0.0
40003,0.0
40004,0.0
40005,0.0
40006,0.0
40007,0.0
40008,0.0
40009,0.0
40010,0.0
40011,0.0
40012,0.0
40013,0.0
40014,0.0
40015,0.0
40016,0.0
40017,0.0
40018,0.0
40019,0.0
40020,0.0
40021,0.0
40022,0.0
40023,0.0
40024,0.0
40025,0.0
40026,0.0
40027,0.0
40028,0.0
40029,0.0
40030,0.0
40031,0.0
40032,0.0
40033,0.0
40034,0.0
40035,0.0
40036,0.0
40037,0.0
40038,0.0
40039,0.0
40040,0.0
40041,0.0
40042,2992.9412
40043,0.0
40044,0.0
40045,0.0
40046,2719.8328
40047,0.0
40048,0.0
40049,0.0
40050,0.0
40051,0.0
40052,0.0
40053,0.0
40054,0.0
40055,0.0
40056,0.0
40057,0.0
40058,0.0
40059,0.0
40060,0.0
40061,0.0
40062,0.0
40063,0.0
40064,0.0
40065,0.0
40066,0.0
40067,0.0
40068,0.0
40069,0.0
40070,0.0
40071,0.0
40072,0.0
40073,0.0
40074,0.0
40075,0.0
40076,0.0
40077,0.0
40078,0.0
40079,0.0
40080,0.0
40081,0.0
40082,0.0
40083,0.0
40084,0.0
40085,0.0
40086,0.0
40087,0.0
40088,0.0
40089,0.0
40090,0.0
40091,0.0
40092,0.0
40093,0.0
40094,0.0
40095,0.0
40096,0.0
40097,1929.2152
40098,0.0
40099,0.0
40100,0.0
40101,0.0
40102,0.0
40103,0.0
40104,0.0
40105,0.0
40106,0.0
40107,0.0
40108,0.0
40109,0.0
40110,0.0
40111,0.0
40112,8246.252
40113,0.0
40114,0.0
40115,0.0
40116,0.0
40117,0.0
40118,0.0
40119,0.0
40120,0.0
40121,0.0
40122,0.0
40123,0.0
40124,0.0
40125,0.0
40126,0.0
40127,0.0
40128,0.0
40129,0.0
40130,0.0
40131,0.0
40132,0.0
40133,0.0
40134,0.0
40135,0.0
40136,0.0
40137,0.0
40138,0.0
40139,0.0
40140,0.0
40141,0.0
40142,0.0
40143,0.0
40144,0.0
40145,0.0
40146,0.0
40147,0.0
40148,0.0
40149,0.0
40150,0.0
40151,0.0
40152,0.0
40153,0.0
40154,0.0
40155,0.0
40156,0.0
40157,0.0
40158,0.0
40159,0.0
40160,0.0
40161,0.0
40162,0.0
40163,0.0
40164,0.0
40165,0.0
40166,0.0
40167,0.0
40168,0.0
40169,0.0
40170,0.0
40171,0.0
40172,0.0
40173,0.0
40174,0.0
40175,0.0
40176,3762.0767
40177,0.0
40178,0.0
40179,0.0
40180,0.0
40181,0.0
40182,0.0
40183,0.0
40184,0.0
40185,0.0
40186,0.0
40187,0.0
40188,0.0
40189,0.0
40190,0.0
40191,0.0
40192,0.0
40193,0.0
40194,0.0
40195,0.0
40196,0.0
40197,0.0
40198,0.0
40199,0.0
40200,0.0
40201,0.0
40202,0.0
40203,0.0
40204,0.0
40205,0.0
40206,0.0
40207,0.0
40208,0.0
40209,0.0
40210,0.0
40211,0.0
40212,0.0
40213,0.0
40214,0.0
40215,0.0
40216,0.0
40217,10403.06
40218,4723.707
40219,0.0
40220,0.0
40221,0.0
40222,0.0
40223,0.0
40224,0.0
40225,0.0
40226,0.0
40227,0.0
40228,0.0
40229,0.0
40230,0.0
40231,0.0
40232,0.0
40233,4458.071
40234,4659.2397
40235,6031.4263
40236,3401.7283
40237,5885.119
40238,4624.9937
40239,6152.406
40240,6322.3877
40241,4681.5234
40242,3762.9883
40243,5655.8965
40244,5381.037
40245,4409.312
40246,5798.369
40247,5257.7812
40248,3697.2932
40249,4969.3936
40250,7126.1855
40251,8388.64
40252,7082.621
40253,6651.0923
40254,4842.249
40255,5697.09
40256,1791.645
40257,7747.4336
40258,7186.6963
40259,8834.294
40260,5957.753
40261,3473.2847
40262,5660.549
40263,5456.103
40264,7894.7363
40265,4766.8384
40266,5828.8237
40267,5130.708
40268,5714.282
40269,3314.407
40270,6983.4756
40271,4277.092
40272,6768.399
40273,6881.378
40274,3963.172
40275,7364.8496
40276,5916.086
40277,5018.012
40278,4172.812
40279,6705.6567
40280,9111.419
40281,5808.433
40282,5488.015
40283,7494.4785
40284,7315.004
40285,5839.7866
40286,6839.917
40287,3090.3513
40288,3039.4045
40289,5135.771
40290,5807.1865
40291,7692.8115
40292,7256.533
40293,4183.21
40294,7583.3174
40295,7588.7007
40296,6170.1655
40297,3492.7185
40298,10317.537
40299,3935.7563
40300,4856.9966
40301,7312.618
40302,4784.5913
40303,5415.1646
40304,3708.8691
40305,5522.8843
40306,4974.6724
40307,5318.2734
40308,7858.098
40309,6388.3467
40310,5795.953
40311,3347.6802
40312,6872.3853
40313,11033.338
40314,5350.6196
40315,3438.9634
40316,6536.2173
40317,5845.722
40318,7162.765
40319,8378.324
40320,2922.0696
40321,6931.092
40322,4795.4062
40323,5927.744
40324,5807.4023
40325,3262.5425
40326,5074.9043
40327,5338.4355
40328,7023.9375
40329,7416.733
40330,4091.365
40331,4976.927
40332,6366.9277
40333,6074.647
40334,4921.701
40335,6670.813
40336,4675.3784
40337,6030.92
40338,4504.0845
40339,3647.207
40340,5562.1323
40341,6187.481
40342,6560.12
40343,7289.714
40344,7508.681
40345,4467.2188
40346,7071.7466
40347,3596.1519
40348,4426.599
40349,7350.0005
40350,6860.5244
40351,7114.3276
40352,8408.177
40353,6594.5684
40354,4992.789
40355,6616.178
40356,6873.6045
40357,4387.2354
40358,3127.1133
40359,5827.2896
40360,4951.395
40361,6422.4624
40362,4259.052
40363,6009.53
40364,6704.039
40365,6027.3774
40366,5660.2144
40367,3238.5354
40368,6021.884
40369,6929.7827
40370,3911.279
40371,5144.356
40372,3406.7683
40373,5456.8213
40374,3938.7346
40375,4603.7866
40376,4449.2896
40377,7089.3257
40378,6049.6216
40379,7197.2397
40380,10227.898
40381,4488.927
40382,4722.846
40383,10020.922
40384,5571.143
40385,7116.8657
40386,6495.8257
40387,5283.5977
40388,5915.1997
40389,4795.9185
40390,5009.8867
40391,8337.494
40392,4613.524
40393,1650.2651
40394,3755.723
40395,7000.615
40396,8699.581
40397,6066.0547
40398,6152.6055
40399,4265.8784
40400,3064.0574
40401,2335.9753
40402,3823.1157
40403,5556.517
40404,6492.6167
40405,5533.652
40406,4587.0024
40407,7536.1035
40408,7266.992
40409,6733.2354
40410,5082.4663
40411,7695.4536
40412,9186.524
40413,4149.9473
40414,5883.9297
40415,5383.835
40416,6217.2383
40417,2575.5413
40418,5494.7354
40419,4777.299
40420,7674.5195
40421,5725.7397
40422,7202.0947
40423,6745.9116
40424,4553.4478
40425,7239.4995
40426,6049.7944
40427,8403.366
40428,4331.7744
40429,2551.2786
40430,6038.4663
40431,8314.409
40432,4823.252
40433,7502.0234
40434,3799.9043
40435,4804.8105
40436,3142.3289
40437,9907.195
40438,3628.8518
40439,6843.532
40440,3868.4
40441,5695.688
40442,2894.4304
40443,6969.874
40444,5524.2173
40445,5271.9683
40446,8421.974
40447,5946.9995
40448,5789.7866
40449,6871.5854
40450,5823.461
40451,5796.296
40452,8329.41
40453,4894.015
40454,6043.214
40455,4855.982
40456,3628.9487
40457,5138.162
40458,4827.404
40459,5213.4697
40460,7626.854
40461,6009.444
40462,6912.4805
40463,4529.7036
40464,3817.4636
40465,4521.174
40466,5199.7275
40467,5603.359
40468,3370.9973
40469,7413.317
40470,5543.383
40471,6689.686
40472,5455.4785
40473,4328.181
40474,3873.3997
40475,3276.8909
40476,8358.228
40477,5985.5435
40478,5928.197
40479,4384.253
40480,6872.1885
40481,4807.089
40482,5392.7783
40483,3276.6377
40484,4778.5933
40485,4522.3467
40486,4255.6567
40487,7818.1836
40488,5004.7095
40489,9055.159
40490,8089.9604
40491,5449.446
40492,5816.9546
40493,4539.596
40494,5207.9478
40495,4865.2407
40496,10836.087
40497,5823.0723
40498,6299.495
40499,3706.7083
40500,5265.385
40501,5120.4946
40502,7537.405
40503,6450.1685
40504,5453.434
40505,6453.6577
40506,4397.7563
40507,8172.5093
40508,6781.3486
40509,5870.274
40510,8879.184
40511,6861.29
40512,7750.767
40513,3398.783
40514,5600.1587
40515,5066.7734
40516,7814.0537
40517,7145.4946
40518,6816.51
40519,6464.636
40520,7391.197
40521,4758.7383
40522,6037.9478
40523,6089.092
40524,3263.8748
40525,9813.817
40526,5955.6787
40527,6943.578
40528,6502.564
40529,6872.2544
40530,7871.3677
40531,7570.4897
40532,3521.3997
40533,4753.979
40534,5622.644
40535,7506.9053
40536,3090.027
40537,4748.5176
40538,5283.1387
40539,5054.599
40540,5225.9116
40541,3318.8015
40542,3531.6973
40543,6143.844
40544,3982.8987
40545,4764.375
40546,5224.0825
40547,5244.288
40548,8273.25
40549,10506.983
40550,5139.701
40551,6955.6484
40552,6207.864
40553,9418.035
40554,5673.576
40555,3268.6921
40556,4892.9507
40557,10876.085
40558,4350.1885
40559,6411.0723
40560,2378.4822
40561,4073.4048
40562,6247.359
40563,6074.328
40564,5165.908
40565,8031.101
40566,8157.6426
40567,7826.6743
40568,4056.4019
40569,10399.954
40570,2665.958
40571,4117.2007
40572,6295.4946
40573,4461.044
40574,9481.685
40575,3313.367
40576,5150.7686
40577,5987.896
40578,8651.315
40579,8784.721
40580,5113.515
40581,3564.1953
40582,6579.816
40583,8046.328
40584,5209.8955
40585,4802.442
40586,8286.226
40587,6215.8564
40588,5500.3257
40589,4266.432
40590,7136.1025
40591,4962.601
40592,11512.126
40593,7876.5723
40594,10408.945
40595,6480.206
40596,4588.1665
40597,2820.3616
40598,6552.247
40599,5713.034
40600,4610.9683
40601,8481.829
40602,5415.3145
40603,3055.4639
40604,6543.3223
40605,3585.362
40606,8387.815
40607,6578.686
40608,6563.8315
40609,6985.4673
40610,4601.28
40611,6807.751
40612,7268.4478
40613,5147.2417
40614,5917.536
40615,4464.3945
40616,9213.12
40617,5767.3975
40618,3599.1548
40619,5466.605
40620,7444.3447
40621,5748.998
40622,4103.8066
40623,5472.5527
40624,5506.0996
40625,4487.3384
40626,4896.971
40627,8783.983
40628,4707.105
40629,3909.2424
40630,6075.429
40631,5344.157
40632,3433.1125
40633,4959.4634
40634,7673.4653
40635,6562.5796
40636,10203.511
40637,7785.7017
40638,6661.0977
40639,4229.2915
40640,4403.0747
40641,9345.556
40642,6964.963
40643,6594.084
40644,5498.264
40645,5752.865
40646,4788.248
40647,2893.4395
40648,11358.466
40649,5660.9
40650,6126.8203
40651,4998.3213
40652,1668.4905
40653,7700.9385
40654,5625.3423
40655,4293.5737
40656,4181.0356
40657,6486.557
40658,5269.203
40659,4683.9893
40660,8795.016
40661,3870.6921
40662,4739.463
40663,4279.2466
40664,3113.4592
40665,5163.972
40666,3516.4282
40667,5460.3516
40668,5449.6743
40669,5364.4995
40670,3866.6548
40671,3764.4246
40672,5326.051
40673,3481.249
40674,8815.424
40675,5983.203
40676,3237.4512
40677,7678.0996
40678,3286.6147
40679,4085.4644
40680,7345.0596
40681,7460.679
40682,8884.749
40683,3049.7473
40684,5356.1807
40685,4392.6626
40686,4529.4355
40687,5995.194
40688,9558.273
40689,4798.641
40690,3248.5173
40691,5627.494
40692,4404.6543
40693,3139.1797
40694,7385.411
40695,4823.7075
40696,5801.9375
40697,6314.4624
40698,4787.44
40699,5123.5483
40700,5640.058
40701,6919.189
40702,6534.547
40703,3308.9731
40704,5785.348
40705,6815.4175
40706,8380.49
40707,6050.06
40708,6890.6587
40709,2546.0266
40710,8137.073
40711,5121.5547
40712,3157.1604
40713,4963.027
40714,4659.306
40715,4909.1494
40716,6159.5576
40717,4259.3525
40718,6689.4497
40719,4532.305
40720,7121.5923
40721,7775.394
40722,5055.4043
40723,6841.5938
40724,5993.89
40725,3221.1575
40726,10281.691
40727,4200.0474
40728,2315.2097
40729,6280.848
40730,9427.13
40731,9261.921
40732,4547.4233
40733,4640.407
40734,6630.013
40735,7016.4985
40736,4897.793
40737,7013.9355
40738,2600.7368
40739,4925.8438
40740,4461.1465
40741,3714.2156
40742,3182.695
40743,7143.2393
40744,6613.1245
40745,4547.4316
40746,5485.634
40747,7230.1353
40748,7347.884
40749,4172.3623
40750,5320.2065
40751,5167.8896
40752,6146.036
40753,5672.6885
40754,3119.548
40755,5369.798
40756,6871.232
40757,5802.4194
40758,5676.8945
40759,2840.9663
40760,8449.539
40761,3830.8735
40762,7686.1377
40763,5356.436
40764,4692.7456
40765,7428.9526
40766,4473.5127
40767,4572.15
40768,8127.9355
40769,3237.6396
40770,6078.6465
40771,8838.711
40772,7289.1367
40773,2888.9407
40774,5430.6562
40775,2199.25
40776,2677.2698
40777,5340.4116
40778,6206.4604
40779,5440.58
40780,4747.114
40781,5749.6064
40782,5203.414
40783,9983.602
40784,4594.653
40785,6183.976
40786,4426.8564
40787,5977.436
40788,5559.2046
40789,6049.558
40790,7150.035
40791,8583.885
40792,6939.0625
40793,5493.483
40794,5233.8184
40795,2917.2258
40796,5543.9277
40797,8594.141
40798,6750.604
40799,4866.5034
40800,5410.079
40801,3814.6716
40802,5133.5913
40803,4545.8877
40804,7732.6094
40805,8518.742
40806,6859.1045
40807,6830.216
40808,7143.716
40809,7329.684
40810,5431.9414
40811,5259.7676
40812,3098.3274
40813,4847.522
40814,3978.9758
40815,3605.7495
40816,6896.8525
40817,6323.757
40818,5106.978
40819,3465.4739
40820,4870.1626
40821,3990.6492
40822,5484.6084
40823,2092.0918
40824,6300.5347
40825,6042.9375
40826,3819.3904
40827,8834.682
40828,9261.718
40829,4489.2607
40830,5420.7407
40831,3621.8452
40832,4384.1816
40833,4257.9995
40834,7950.867
40835,3979.4883
40836,4416.9355
40837,5177.9355
40838,5223.485
40839,5568.9224
40840,6365.8896
40841,3219.7566
40842,7798.388
40843,6064.5215
40844,5241.1475
40845,4594.346
40846,4243.6416
40847,4915.1143
40848,4146.473
40849,8835.9795
40850,5270.7417
40851,3992.9797
40852,6224.115
40853,5075.132
40854,5752.6675
40855,4991.313
40856,5581.5044
40857,9619.576
40858,6827.6953
40859,5905.8584
40860,3891.3577
40861,4848.7983
40862,7039.1216
40863,4088.2012
40864,4540.0596
40865,5350.4053
40866,10668.807
40867,6843.852
40868,4371.566
40869,5264.561
40870,4711.1206
40871,6562.0723
40872,5479.364
40873,8738.542
40874,6365.9136
40875,5081.3804
40876,4374.202
40877,2236.8357
40878,4668.961
40879,6755.3706
40880,2773.7903
40881,5036.5703
40882,6180.338
40883,7131.3667
40884,5490.1567
40885,7560.9355
40886,5419.133
40887,6089.481
40888,2723.6448
40889,7147.383
40890,4063.5474
40891,6403.757
40892,8027.7007
40893,4087.3628
40894,7314.446
40895,5810.461
40896,2934.63
40897,6392.9243
40898,6012.431
40899,2833.0847
40900,7841.641
40901,6190.084
40902,4202.881
40903,9088.003
40904,7181.646
40905,6897.2935
40906,4439.2593
40907,4185.629
40908,5354.0146
40909,2058.058
40910,5967.307
40911,2734.3035
40912,5767.3643
40913,3382.168
40914,5190.7285
40915,4813.963
40916,4776.014
40917,5477.551
40918,7474.711
40919,5163.12
40920,7305.242
40921,5608.5884
40922,6223.925
40923,7915.954
40924,6576.8228
40925,2718.3594
40926,5194.2944
40927,5232.3013
40928,5199.986
40929,9829.236
40930,6172.273
40931,6823.8345
40932,8683.283
40933,6044.6323
40934,2731.8264
40935,8190.926
40936,7609.9233
40937,6363.6494
40938,7126.532
40939,6642.2607
40940,7786.2363
40941,5266.972
40942,4495.6846
40943,3768.017
40944,5810.3726
40945,7253.8623
40946,3348.5393
40947,7105.0034
40948,6426.562
40949,4947.113
40950,6878.7466
40951,4525.4927
40952,7008.1646
40953,2904.5933
40954,5210.84
40955,5053.881
40956,3943.9531
40957,6651.4473
40958,6625.0947
40959,7821.4507
40960,6021.809
40961,4064.497
40962,5734.906
40963,6438.6367
40964,7519.446
40965,3406.45
40966,3339.7537
40967,8394.858
40968,5371.755
40969,4373.451
40970,6977.723
40971,6711.134
40972,6461.6216
40973,4644.809
40974,2195.3484
40975,6039.63
40976,5996.5493
40977,5196.505
40978,8301.382
40979,6692.2
40980,3905.5488
40981,6254.3228
40982,2439.6863
40983,1031.4271
40984,5385.119
40985,8965.474
40986,5752.1245
40987,4757.912
40988,3433.4072
40989,5456.936
40990,8907.974
40991,6012.087
40992,7914.5425
40993,5265.9526
40994,4490.1304
40995,3841.211
40996,6270.941
40997,4074.5007
40998,2906.0042
40999,4536.501
41000,4082.4685
41001,6889.1143
41002,5197.496
41003,5200.179
41004,5367.1094
41005,7151.4194
41006,4477.7734
41007,3866.3489
41008,8508.275
41009,7009.5215
41010,6490.716
41011,2507.603
41012,6348.311
41013,5041.617
41014,4097.137
41015,7921.3315
41016,9120.209
41017,6243.8384
41018,6028.746
41019,6196.3755
41020,6951.165
41021,9792.63
41022,3438.6846
41023,4265.7524
41024,5164.3613
41025,6163.9185
41026,5638.1484
41027,8003.2666
41028,6730.2817
41029,6227.53
41030,3144.2239
41031,6314.842
41032,5692.549
41033,3873.8542
41034,5915.5776
41035,3460.9148
41036,6572.897
41037,5547.768
41038,5312.5293
41039,6272.7896
41040,4070.7324
41041,4455.762
41042,6564.3325
41043,5046.371
41044,7466.802
41045,5706.156
41046,7587.137
41047,5298.6675
41048,3659.7886
41049,7802.1157
41050,3154.6797
41051,9980.631
41052,5404.689
41053,4565.199
41054,6892.4727
41055,4746.177
41056,4357.6685
41057,5613.2236
41058,2573.7163
41059,3191.1167
41060,5479.6934
41061,6288.605
41062,9078.317
41063,5293.222
41064,5479.4316
41065,4898.765
41066,5753.37
41067,3507.6304
41068,9417.028
41069,6479.526
41070,10509.309
41071,5608.8506
41072,4894.5054
41073,7062.451
41074,6623.117
41075,3752.7861
41076,7724.1475
41077,6599.1113
41078,4866.93
41079,5840.0874
41080,4608.4707
41081,3319.5203
41082,5461.159
41083,3868.4258
41084,3563.1484
41085,7901.29
41086,5684.421
41087,5221.537
41088,6733.6396
